-- phpMyAdmin SQL Dump
-- version 3.2.3
-- http://www.phpmyadmin.net
--
-- 호스트: localhost
-- 처리한 시간: 11-06-19 00:36 
-- 서버 버전: 5.1.41
-- PHP 버전: 5.2.12

SET SQL_MODE="NO_AUTO_VALUE_ON_ZERO";


/*!40101 SET @OLD_CHARACTER_SET_CLIENT=@@CHARACTER_SET_CLIENT */;
/*!40101 SET @OLD_CHARACTER_SET_RESULTS=@@CHARACTER_SET_RESULTS */;
/*!40101 SET @OLD_COLLATION_CONNECTION=@@COLLATION_CONNECTION */;
/*!40101 SET NAMES utf8 */;

--
-- 데이터베이스: `sdgo`
--

-- --------------------------------------------------------

--
-- 테이블 구조 `capsule`
--

DROP TABLE IF EXISTS `capsule`;
CREATE TABLE IF NOT EXISTS `capsule` (
  `No` int(11) DEFAULT NULL,
  `Name` varchar(20) DEFAULT NULL,
  `Cost` int(11) DEFAULT NULL,
  `Unit1ID` int(11) DEFAULT NULL,
  `Unit2ID` int(11) DEFAULT NULL,
  `Unit3ID` int(11) DEFAULT NULL,
  `Unit4ID` int(11) DEFAULT NULL,
  `Unit5ID` int(11) DEFAULT NULL,
  `Unit6ID` int(11) DEFAULT NULL
) ENGINE=MyISAM DEFAULT CHARSET=utf8;

--
-- 테이블의 덤프 데이터 `capsule`
--

INSERT INTO `capsule` (`No`, `Name`, `Cost`, `Unit1ID`, `Unit2ID`, `Unit3ID`, `Unit4ID`, `Unit5ID`, `Unit6ID`) VALUES
(1, '캡슐머신 1호기', 1200, 15003, 16003, 15006, 15004, 16002, 16015),
(2, '캡슐머신 2호기', 1200, 10002, 10001, 11007, 13003, 10005, 10006),
(3, '캡슐머신 3호기', 1200, 16010, 10004, 11008, 10022, 14001, 10025),
(4, '캡슐머신 4호기', 1200, 10018, 15002, 13004, 12003, 10008, 12004),
(5, '캡슐머신 5호기', 1200, 12001, 12006, 17001, 15005, 10007, 10023),
(6, '캡슐머신 6호기', 1200, 10014, 11017, 11010, 10009, 15009, 10024),
(7, '캡슐머신 7호기', 1200, 17003, 15008, 11014, 16004, 11003, 11023),
(8, '캡슐머신 8호기', 1200, 11002, 11009, 11022, 11012, 10016, 11024),
(9, '캡슐머신 9호기', 1200, 16008, 11006, 17006, 12005, 10019, 11028),
(10, '캡슐머신 10호기', 1200, 13001, 15007, 13008, 11004, 10017, 12009),
(11, '캡슐머신 11호기', 1200, 16012, 10012, 11025, 14005, 13007, 11027),
(12, '캡슐머신 12호기', 1200, 11018, 17005, 11031, 10010, 16014, 11026),
(13, '캡슐머신 13호기', 1200, 16013, 16006, 17006, 11004, 10016, 13014),
(14, '캡슐머신 14호기', 1200, 11005, 14002, 11008, 13003, 15009, 10027),
(15, '캡슐머신 15호기', 1200, 16011, 11015, 11007, 12003, 13007, 11011),
(16, '캡슐머신 16호기', 1200, 13013, 17002, 16017, 13018, 10030, 16018),
(17, '캡슐머신 17호기', 1400, 10015, 10011, 11031, 14005, 10017, 11032),
(18, '캡슐머신 18호기', 1400, 15015, 13011, 10033, 16019, 11034, 11035),
(19, '캡슐머신 19호기', 1400, 12016, 14009, 11036, 16021, 10031, 16020),
(20, '캡슐머신 20호기', 7500, 14011, 17009, 11033, 17007, 14003, 10013),
(21, '캡슐머신 21호기', 1400, 15024, 10035, 10032, 15026, 10037, 10026),
(22, '캡슐머신 22호기', 1600, 14006, 17011, 17012, 10034, 11038, 17013),
(23, '캡슐머신 23호기', 1600, 15022, 14007, 15006, 10022, 17014, 16015),
(24, '캡슐머신 24호기', 1600, 11039, 13020, 17022, 15004, 14001, 10006),
(25, '캡슐머신 25호기', 1600, 13024, 17023, 13004, 10038, 10008, 12004),
(26, '캡슐머신 26호기', 1600, 13015, 17010, 12021, 12003, 16002, 10039),
(27, '캡슐머신 27호기', 7500, 17030, 17009, 17008, 17010, 17011, 17038),
(28, '캡슐머신 28호기', 1600, 17032, 11040, 17001, 13018, 10007, 10041),
(29, '캡슐머신 29호기', 1600, 13026, 13022, 11044, 12019, 11003, 14008),
(30, '캡슐머신 30호기', 1600, 12010, 11037, 11025, 17016, 16014, 16023),
(31, '캡슐머신 31호기', 1600, 11041, 13028, 10033, 15034, 14001, 11021),
(32, '캡슐머신 32호기', 1600, 17036, 11043, 13029, 20001, 10030, 14010),
(33, '캡슐머신 33호기', 1600, 15031, 12011, 10032, 14014, 11034, 12025),
(34, '캡슐머신 34호기', 1600, 16029, 16007, 15006, 10022, 16030, 10046),
(35, '캡슐머신 35호기', 1600, 16031, 15036, 10053, 10009, 17014, 15035),
(36, '캡슐머신 36호기', 14800, 17036, 16011, 17042, 17041, 17044, 17043),
(37, '캡슐머신 37호기', 1600, 16016, 15008, 11014, 13030, 10016, 15037),
(38, '캡슐머신 38호기', 1600, 15029, 15002, 11022, 11012, 16033, 13027),
(39, '캡슐머신 39호기', 14800, 22009, 22005, 22001, 22002, 17041, 17042),
(40, '캡슐머신 40호기', 1600, 10044, 12026, 12005, 10019, 17050, 16025),
(41, '캡슐머신 41호기', 1600, 10047, 13031, 13008, 17051, 10017, 10063),
(42, '캡슐머신 42호기', 1600, 15016, 13032, 11025, 20001, 17052, 10052),
(43, '캡슐머신 43호기', 1200, 10060, 10061, 17016, 12029, 10030, 11050),
(44, '캡슐머신 44호기', 1600, 15032, 10069, 10062, 12030, 10032, 11034),
(45, '캡슐머신 45호기', 1600, 22011, 14015, 22022, 22017, 22015, 10071),
(46, '캡슐머신 46호기', 1600, 15047, 15007, 16038, 16039, 16037, 15048),
(47, '캡슐머신 47호기', 1600, 23001, 10001, 15049, 22026, 22016, 22028),
(48, '캡슐머신 48호기', 1600, 10072, 10004, 10076, 17054, 10005, 10075),
(49, '캡슐머신 49호기', 14800, 22035, 22036, 22037, 22001, 22005, 22004),
(50, '캡슐머신 50호기', 1600, 22010, 22038, 22022, 22039, 10078, 16040),
(51, '캡슐머신 51호기', 14800, 17056, 17055, 17058, 17057, 22009, 22002),
(52, '캡슐머신 52호기', 1600, 22043, 22041, 22040, 22042, 22015, 22047),
(53, '캡슐머신 53호기', 14800, 15053, 15052, 15051, 22035, 22036, 22037),
(54, '캡슐머신 54호기', 7500, 22057, 22051, 10060, 22052, 22038, 12011),
(55, '캡슐머신 55호기', 1600, 10081, 22058, 13033, 20010, 16041, 12020),
(56, '캡슐머신 56호기', 1600, 22061, 22062, 16044, 17015, 16036, 20002),
(57, '캡슐머신 57호기', 1600, 21011, 10082, 11062, 16042, 10084, 15041),
(1001, '2009년 크리스마스 캡슐머신', 9800, 10066, 10014, 10067, 10070, 10059, 10006),
(1002, '2010년 크리스마스 캡슐머신', 9800, 10066, 10014, 10067, 10070, 10059, 10006),
(58, '캡슐머신 58호기', 1600, 21015, 21016, 21012, 10085, 11066, 21017),
(59, '캡슐머신 59호기', 1600, 16047, 16046, 21018, 10033, 12019, 21019),
(60, '캡슐머신 60호기', 7500, 24001, 22065, 22067, 22041, 10062, 10063),
(2001, '2011년 05월 커스텀 캡슐머신', 2000, 10087, 11069, NULL, NULL, NULL, NULL);

-- --------------------------------------------------------

--
-- 테이블 구조 `initcost`
--

DROP TABLE IF EXISTS `initcost`;
CREATE TABLE IF NOT EXISTS `initcost` (
  `Rank` varchar(2) DEFAULT NULL,
  `Level` varchar(7) DEFAULT NULL,
  `InitCost` int(11) DEFAULT NULL
) ENGINE=MyISAM DEFAULT CHARSET=utf8;

--
-- 테이블의 덤프 데이터 `initcost`
--

INSERT INTO `initcost` (`Rank`, `Level`, `InitCost`) VALUES
('S', '커스텀2', 2400),
('S', '커스텀3', 3600),
('S', '커스텀4', 4800),
('S', '오버커스텀1', 1200),
('S', '오버커스텀2', 2400),
('S', '오버커스텀3', 3600),
('S', '오버커스텀4', 4800),
('S', '오버커스텀5', 6000),
('S', '오버커스텀6', 7200),
('A', '커스텀2', 1600),
('A', '커스텀3', 2400),
('A', '커스텀4', 3200),
('A', '오버커스텀1', 800),
('A', '오버커스텀2', 1600),
('A', '오버커스텀3', 2400),
('A', '오버커스텀4', 3200),
('A', '오버커스텀5', 4000),
('A', '오버커스텀6', 4800),
('B', '커스텀2', 1200),
('B', '커스텀3', 1800),
('B', '커스텀4', 2400),
('B', '오버커스텀1', 600),
('B', '오버커스텀2', 1200),
('B', '오버커스텀3', 1800),
('B', '오버커스텀4', 2400),
('B', '오버커스텀5', 3000),
('B', '오버커스텀6', 3600),
('C', '커스텀2', 800),
('C', '커스텀3', 1200),
('C', '커스텀4', 1600),
('C', '오버커스텀1', 400),
('C', '오버커스텀2', 800),
('C', '오버커스텀3', 1200),
('C', '오버커스텀4', 1600),
('C', '오버커스텀5', 2000),
('C', '오버커스텀6', 2400);

-- --------------------------------------------------------

--
-- 테이블 구조 `level`
--

DROP TABLE IF EXISTS `level`;
CREATE TABLE IF NOT EXISTS `level` (
  `No` int(11) DEFAULT NULL,
  `Level` varchar(7) DEFAULT NULL,
  `Point` int(11) DEFAULT NULL
) ENGINE=MyISAM DEFAULT CHARSET=utf8;

--
-- 테이블의 덤프 데이터 `level`
--

INSERT INTO `level` (`No`, `Level`, `Point`) VALUES
(0, '루키', 0),
(1, '솔저', 0),
(2, '베테랑', 0),
(3, '에이스', 0),
(4, '커스텀1', 1),
(5, '커스텀2', 1),
(6, '커스텀3', 1),
(7, '커스텀4', 1),
(8, '오버커스텀1', 1),
(9, '오버커스텀2', 1),
(10, '오버커스텀3', 0),
(11, '오버커스텀4', 2),
(12, '오버커스텀5', 2),
(13, '오버커스텀6', 3),
(14, '오버커스텀Ex', 0);

-- --------------------------------------------------------

--
-- 테이블 구조 `levelexp`
--

DROP TABLE IF EXISTS `levelexp`;
CREATE TABLE IF NOT EXISTS `levelexp` (
  `RankPrefix` char(1) DEFAULT NULL,
  `RankSuffix` char(1) DEFAULT NULL,
  `Level` varchar(7) DEFAULT NULL,
  `Exp` int(11) DEFAULT NULL
) ENGINE=MyISAM DEFAULT CHARSET=utf8;

--
-- 테이블의 덤프 데이터 `levelexp`
--

INSERT INTO `levelexp` (`RankPrefix`, `RankSuffix`, `Level`, `Exp`) VALUES
('C', '-', '루키', 200),
('C', '-', '솔저', 1000),
('C', '-', '베테랑', 1600),
('C', '-', '에이스', 600),
('C', '-', '커스텀1', 600),
('C', '-', '커스텀2', 600),
('C', '-', '커스텀3', 600),
('C', '-', '커스텀4', 600),
('C', '-', '오버커스텀1', 800),
('C', '-', '오버커스텀2', 800),
('C', '-', '오버커스텀3', 800),
('C', '-', '오버커스텀4', 1600),
('C', '-', '오버커스텀5', 4800),
('C', '-', '오버커스텀6', 8800),
('C', '-', '오버커스텀Ex', NULL),
('C', 'R', '루키', 200),
('C', 'R', '솔저', 1200),
('C', 'R', '베테랑', 1600),
('C', 'R', '에이스', 600),
('C', 'R', '커스텀1', 600),
('C', 'R', '커스텀2', 600),
('C', 'R', '커스텀3', 600),
('C', 'R', '커스텀4', 600),
('C', 'R', '오버커스텀1', 800),
('C', 'R', '오버커스텀2', 800),
('C', 'R', '오버커스텀3', 800),
('C', 'R', '오버커스텀4', 1600),
('C', 'R', '오버커스텀5', 4800),
('C', 'R', '오버커스텀6', 8800),
('C', 'R', '오버커스텀Ex', NULL),
('C', 'S', '루키', 200),
('C', 'S', '솔저', 1200),
('C', 'S', '베테랑', 1600),
('C', 'S', '에이스', 600),
('C', 'S', '커스텀1', 600),
('C', 'S', '커스텀2', 600),
('C', 'S', '커스텀3', 600),
('C', 'S', '커스텀4', NULL),
('C', 'S', '오버커스텀1', 800),
('C', 'S', '오버커스텀2', 800),
('C', 'S', '오버커스텀3', 800),
('C', 'S', '오버커스텀4', 1600),
('C', 'S', '오버커스텀5', 4800),
('C', 'S', '오버커스텀6', 8800),
('C', 'S', '오버커스텀Ex', NULL),
('C', 'U', '루키', 200),
('C', 'U', '솔저', 1200),
('C', 'U', '베테랑', 1400),
('C', 'U', '에이스', 600),
('C', 'U', '커스텀1', 600),
('C', 'U', '커스텀2', 600),
('C', 'U', '커스텀3', 600),
('C', 'U', '커스텀4', 600),
('C', 'U', '오버커스텀1', 800),
('C', 'U', '오버커스텀2', 800),
('C', 'U', '오버커스텀3', 800),
('C', 'U', '오버커스텀4', 1600),
('C', 'U', '오버커스텀5', 4800),
('C', 'U', '오버커스텀6', 8800),
('C', 'U', '오버커스텀Ex', NULL),
('B', '-', '루키', 400),
('B', '-', '솔저', 1800),
('B', '-', '베테랑', 2200),
('B', '-', '에이스', 1200),
('B', '-', '커스텀1', 1000),
('B', '-', '커스텀2', 1000),
('B', '-', '커스텀3', 1000),
('B', '-', '커스텀4', 1000),
('B', '-', '오버커스텀1', 1200),
('B', '-', '오버커스텀2', 1200),
('B', '-', '오버커스텀3', 1200),
('B', '-', '오버커스텀4', 2000),
('B', '-', '오버커스텀5', 6000),
('B', '-', '오버커스텀6', 11600),
('B', '-', '오버커스텀Ex', NULL),
('B', 'R', '루키', 400),
('B', 'R', '솔저', 2200),
('B', 'R', '베테랑', 2600),
('B', 'R', '에이스', 1600),
('B', 'R', '커스텀1', 1000),
('B', 'R', '커스텀2', 1000),
('B', 'R', '커스텀3', 1000),
('B', 'R', '커스텀4', NULL),
('B', 'R', '오버커스텀1', 1200),
('B', 'R', '오버커스텀2', 1200),
('B', 'R', '오버커스텀3', 1200),
('B', 'R', '오버커스텀4', 2000),
('B', 'R', '오버커스텀5', 6000),
('B', 'R', '오버커스텀6', 11600),
('B', 'R', '오버커스텀Ex', NULL),
('B', 'S', '루키', 400),
('B', 'S', '솔저', 2200),
('B', 'S', '베테랑', 2600),
('B', 'S', '에이스', 1600),
('B', 'S', '커스텀1', 1000),
('B', 'S', '커스텀2', 1000),
('B', 'S', '커스텀3', 1000),
('B', 'S', '커스텀4', 1000),
('B', 'S', '오버커스텀1', 1200),
('B', 'S', '오버커스텀2', 1200),
('B', 'S', '오버커스텀3', 1200),
('B', 'S', '오버커스텀4', 2000),
('B', 'S', '오버커스텀5', 6000),
('B', 'S', '오버커스텀6', 11600),
('B', 'S', '오버커스텀Ex', NULL),
('B', 'U', '루키', 400),
('B', 'U', '솔저', 2200),
('B', 'U', '베테랑', 2600),
('B', 'U', '에이스', 1600),
('B', 'U', '커스텀1', 1000),
('B', 'U', '커스텀2', 1000),
('B', 'U', '커스텀3', 1000),
('B', 'U', '커스텀4', NULL),
('B', 'U', '오버커스텀1', 1200),
('B', 'U', '오버커스텀2', 1200),
('B', 'U', '오버커스텀3', 1200),
('B', 'U', '오버커스텀4', 2000),
('B', 'U', '오버커스텀5', 6000),
('B', 'U', '오버커스텀6', 11600),
('B', 'U', '오버커스텀Ex', NULL),
('A', '-', '루키', 1400),
('A', '-', '솔저', 2600),
('A', '-', '베테랑', 3600),
('A', '-', '에이스', 2000),
('A', '-', '커스텀1', 2000),
('A', '-', '커스텀2', 2000),
('A', '-', '커스텀3', 2000),
('A', '-', '커스텀4', 2000),
('A', '-', '오버커스텀1', 2000),
('A', '-', '오버커스텀2', 2000),
('A', '-', '오버커스텀3', 2000),
('A', '-', '오버커스텀4', 3000),
('A', '-', '오버커스텀5', 9000),
('A', '-', '오버커스텀6', 18000),
('A', '-', '오버커스텀Ex', NULL),
('A', 'R', '루키', 1400),
('A', 'R', '솔저', 3200),
('A', 'R', '베테랑', 4400),
('A', 'R', '에이스', 2600),
('A', 'R', '커스텀1', 2000),
('A', 'R', '커스텀2', 2000),
('A', 'R', '커스텀3', NULL),
('A', 'R', '커스텀4', NULL),
('A', 'R', '오버커스텀1', 2000),
('A', 'R', '오버커스텀2', 2000),
('A', 'R', '오버커스텀3', 2000),
('A', 'R', '오버커스텀4', 3000),
('A', 'R', '오버커스텀5', 9000),
('A', 'R', '오버커스텀6', 18000),
('A', 'R', '오버커스텀Ex', NULL),
('A', 'S', '루키', 1400),
('A', 'S', '솔저', 3200),
('A', 'S', '베테랑', 4400),
('A', 'S', '에이스', 2600),
('A', 'S', '커스텀1', 2000),
('A', 'S', '커스텀2', 2000),
('A', 'S', '커스텀3', 2000),
('A', 'S', '커스텀4', NULL),
('A', 'S', '오버커스텀1', 2000),
('A', 'S', '오버커스텀2', 2000),
('A', 'S', '오버커스텀3', 2000),
('A', 'S', '오버커스텀4', 3000),
('A', 'S', '오버커스텀5', 9000),
('A', 'S', '오버커스텀6', 18000),
('A', 'S', '오버커스텀Ex', NULL),
('S', '-', '루키', 2400),
('S', '-', '솔저', 4800),
('S', '-', '베테랑', 6400),
('S', '-', '에이스', 3400),
('S', '-', '커스텀1', 2800),
('S', '-', '커스텀2', 2800),
('S', '-', '커스텀3', 2800),
('S', '-', '커스텀4', NULL),
('S', '-', '오버커스텀1', 3000),
('S', '-', '오버커스텀2', 3000),
('S', '-', '오버커스텀3', 3000),
('S', '-', '오버커스텀4', 4000),
('S', '-', '오버커스텀5', 12000),
('S', '-', '오버커스텀6', 25000),
('S', '-', '오버커스텀Ex', NULL),
('S', 'S', '루키', 2400),
('S', 'S', '솔저', 6000),
('S', 'S', '베테랑', 8000),
('S', 'S', '에이스', 4000),
('S', 'S', '커스텀1', 2800),
('S', 'S', '커스텀2', 2800),
('S', 'S', '커스텀3', 2800),
('S', 'S', '커스텀4', NULL),
('S', 'S', '오버커스텀1', 3000),
('S', 'S', '오버커스텀2', 3000),
('S', 'S', '오버커스텀3', 3000),
('S', 'S', '오버커스텀4', 4000),
('S', 'S', '오버커스텀5', 12000),
('S', 'S', '오버커스텀6', 25000),
('S', 'S', '오버커스텀Ex', NULL),
('S', 'R', '루키', NULL),
('S', 'R', '솔저', NULL),
('S', 'R', '베테랑', NULL),
('S', 'R', '에이스', NULL),
('S', 'R', '커스텀1', NULL),
('S', 'R', '커스텀2', NULL),
('S', 'R', '커스텀3', NULL),
('S', 'R', '커스텀4', NULL),
('S', 'R', '오버커스텀1', NULL),
('S', 'R', '오버커스텀2', NULL),
('S', 'R', '오버커스텀3', NULL),
('S', 'R', '오버커스텀4', NULL),
('S', 'R', '오버커스텀5', NULL),
('S', 'R', '오버커스텀6', NULL),
('S', 'R', '오버커스텀Ex', NULL);

-- --------------------------------------------------------

--
-- 테이블 구조 `mix`
--

DROP TABLE IF EXISTS `mix`;
CREATE TABLE IF NOT EXISTS `mix` (
  `ResultUnitID` int(11) DEFAULT NULL,
  `KeyUnitID` int(11) DEFAULT NULL,
  `KeyUnitLevel` varchar(5) DEFAULT NULL,
  `MatUnit1ID` int(11) DEFAULT NULL,
  `MatUnit1Level` varchar(5) DEFAULT NULL,
  `MatUnit2ID` int(11) DEFAULT NULL,
  `MatUnit2Level` varchar(5) DEFAULT NULL,
  `MatUnit3ID` int(11) DEFAULT NULL,
  `MatUnit3Level` varchar(5) DEFAULT NULL,
  `MatUnit4ID` int(11) DEFAULT NULL,
  `MatUnit4Level` varchar(5) DEFAULT NULL,
  `Acquisition` varchar(5) DEFAULT NULL
) ENGINE=MyISAM DEFAULT CHARSET=utf8;

--
-- 테이블의 덤프 데이터 `mix`
--

INSERT INTO `mix` (`ResultUnitID`, `KeyUnitID`, `KeyUnitLevel`, `MatUnit1ID`, `MatUnit1Level`, `MatUnit2ID`, `MatUnit2Level`, `MatUnit3ID`, `MatUnit3Level`, `MatUnit4ID`, `MatUnit4Level`, `Acquisition`) VALUES
(13020, 13007, '커스텀1', 13004, '루키', 12003, '루키', 12021, '루키', 17014, '루키', '상점'),
(13031, 13018, '커스텀1', 20001, '루키', 14001, '루키', 11008, '루키', 10016, '루키', '상점'),
(13032, 13018, '커스텀1', 13003, '루키', 12003, '루키', 13004, '루키', 10030, '루키', '상점'),
(17017, 17004, '커스텀1', 17003, '솔저', 17002, '루키', 17005, '루키', NULL, NULL, '상점'),
(12022, 12016, '커스텀1', 10001, '솔저', 12019, '루키', 12005, '루키', 10022, '루키', '상점'),
(11040, 10031, '커스텀1', 10033, '루키', 10034, '루키', 11004, '루키', 10030, '루키', '상점'),
(10001, 13004, '커스텀1', 11007, '루키', 13003, '루키', NULL, NULL, NULL, NULL, '진급'),
(10001, 13004, '커스텀1', 11007, '루키', 13003, '루키', 10005, '루키', 10008, '루키', '상점'),
(10020, 10001, '커스텀1', 11032, '루키', 10031, '루키', 10016, '루키', NULL, NULL, '상점'),
(17026, 17041, '커스텀1', 17030, '루키', 17007, '루키', 17010, '루키', 17011, '루키', '상점'),
(17010, 17014, '커스텀1', 17012, '루키', 12021, '루키', 12003, '루키', 16002, '루키', '상점'),
(17027, 17043, '커스텀1', 17010, '에이스', 17007, '루키', 17009, '루키', 17014, '루키', '상점'),
(17028, 17032, '커스텀1', 17023, '솔저', 17012, '루키', 13008, '루키', 11014, '루키', '상점'),
(17020, 17044, '커스텀1', 17008, '솔저', 17007, '루키', 17009, '루키', 17013, '루키', '상점'),
(10012, 10009, '커스텀1', 11004, '루키', 11025, '루키', 14005, '루키', 15009, '루키', '상점'),
(10049, 12022, '커스텀1', 12001, '솔저', 12009, '루키', 10001, '루키', 12004, '루키', '상점'),
(12006, 10022, '커스텀1', 17001, '루키', 11014, '루키', 15005, '루키', 16004, '루키', '상점'),
(23002, 23001, '커스텀1', 17032, '솔저', 17008, '루키', 10001, '루키', 17001, '루키', '상점'),
(23001, 17030, '커스텀1', 17014, '루키', 17012, '루키', 10005, '루키', 10008, '루키', '상점'),
(15028, 15006, '커스텀1', 15004, '루키', 10034, '루키', NULL, NULL, NULL, NULL, '미션'),
(16006, 15004, '커스텀1', 16014, '루키', 11008, '루키', 13003, '루키', 11031, '루키', '상점'),
(16007, 16004, '커스텀1', 16002, '루키', 13004, '루키', 11014, '루키', 17014, '루키', '상점'),
(11006, 10005, '커스텀1', 11003, '루키', 10009, '루키', 12005, '루키', 15004, '루키', '상점'),
(11048, 11028, '커스텀1', 11046, '루키', 11006, '루키', NULL, NULL, NULL, NULL, '미션'),
(11043, 11024, '커스텀1', 10030, '루키', 20001, '루키', 11008, '루키', 10034, '루키', '상점'),
(11013, 10019, '커스텀1', 13007, '루키', 10017, '루키', 15005, '루키', 11010, '루키', '상점'),
(11033, 11004, '커스텀1', 11025, '루키', 10022, '루키', 11022, '루키', 10032, '루키', '상점'),
(11017, 11010, '커스텀1', 11008, '루키', 16004, '루키', 15009, '루키', 11012, '루키', '상점'),
(22019, 22017, '커스텀1', 22022, '루키', 22015, '루키', 17016, '루키', 10008, '루키', '미션'),
(17005, 17001, '커스텀1', 13008, '루키', 11010, '루키', 14005, '루키', 16014, '루키', '상점'),
(17048, 17005, '커스텀1', 17002, '루키', 17001, '루키', NULL, NULL, NULL, NULL, '상점'),
(11020, 10042, '커스텀1', 10035, '솔저', 11015, '루키', 11033, '루키', 10039, '루키', '상점'),
(20008, 20004, '커스텀1', 12007, '루키', 10001, '루키', 12006, '루키', 10011, '루키', '상점'),
(20012, 20008, '커스텀1', 12013, '커스텀1', 12007, '커스텀1', 10001, '커스텀1', 12004, '커스텀1', '상점'),
(16027, 16024, '커스텀1', 16029, '솔저', 15002, '루키', 15006, '루키', 12021, '루키', '상점'),
(11053, 11046, '커스텀1', 11022, '루키', 11003, '루키', 10022, '루키', NULL, NULL, '미션'),
(16010, 16003, '커스텀1', 11007, '루키', 10007, '루키', 10008, '루키', NULL, NULL, '이벤트'),
(16010, 16003, '커스텀1', 11007, '루키', 10007, '루키', 10008, '루키', 10009, '루키', '상점'),
(15024, 16018, '커스텀1', 15005, '루키', 16017, '루키', 16002, '루키', 13018, '루키', '상점'),
(13019, 13001, '커스텀1', 13011, '솔저', 13008, '루키', 13003, '루키', 13007, '루키', '상점'),
(12007, 12005, '커스텀1', 14005, '루키', 11004, '루키', 17006, '루키', 10016, '루키', '상점'),
(12008, 12007, '커스텀1', 11025, '루키', 10010, '루키', 10005, '루키', NULL, NULL, '상점'),
(16001, 16006, '커스텀1', 16020, '루키', 16017, '루키', 16019, '루키', NULL, NULL, '상점'),
(17002, 17006, '커스텀1', 10033, '루키', 11031, '루키', 16004, '루키', 10030, '루키', '상점'),
(15001, 15003, '커스텀1', 15002, '솔저', 13003, '루키', 10019, '루키', 10007, '루키', '상점'),
(15022, 10020, '커스텀1', 15005, '루키', 16002, '루키', 16017, '루키', 10022, '루키', '상점'),
(16034, 15025, '커스텀1', 16010, '솔저', 16003, '루키', 15006, '루키', 16019, '루키', '상점'),
(20004, 10001, '커스텀1', 11034, '루키', 20001, '루키', 10008, '루키', NULL, NULL, '미션'),
(14007, 14005, '커스텀1', 14001, '루키', 12021, '루키', 10032, '루키', 17012, '루키', '상점'),
(17045, 17004, '커스텀1', 17003, '에이스', 17002, '베테랑', 17006, '루키', 17001, '루키', '상점'),
(12011, 12003, '커스텀1', 10008, '루키', 10032, '루키', 10030, '루키', 11034, '루키', '상점'),
(13022, 13003, '커스텀1', 14005, '루키', 12021, '루키', 16021, '루키', 13018, '루키', '상점'),
(14002, 14005, '커스텀1', 14001, '루키', 16017, '루키', 10010, '루키', 13004, '루키', '상점'),
(13024, 13020, '커스텀1', 13018, '루키', 12021, '루키', 11012, '루키', 13007, '루키', '상점'),
(11041, 11033, '커스텀1', 10030, '루키', 10033, '루키', 10031, '루키', 13007, '루키', '상점'),
(12015, 12007, '커스텀1', 12006, '베테랑', 12005, '솔저', 13007, '루키', 11014, '루키', '상점'),
(16012, 15008, '커스텀1', 16002, '루키', 15004, '루키', 10017, '루키', 11007, '루키', '상점'),
(13028, 13003, '커스텀1', 12003, '루키', 10022, '루키', 14001, '루키', 12021, '루키', '상점'),
(10029, 10016, '커스텀1', 11004, '루키', 13008, '루키', NULL, NULL, NULL, NULL, '상점'),
(10013, 10009, '커스텀1', 11003, '루키', 10010, '루키', 11022, '루키', 10008, '루키', '상점'),
(10061, 10009, '커스텀1', 10034, '루키', 11012, '루키', 11031, '루키', 10010, '루키', '상점'),
(16013, 15012, '커스텀1', 12003, '루키', 11007, '루키', 11004, '루키', 15009, '루키', '상점'),
(11005, 11015, '커스텀1', 16014, '루키', 11031, '루키', 13003, '루키', 10030, '루키', '상점'),
(13001, 12006, '커스텀1', 13004, '루키', 11012, '루키', 14001, '루키', 10007, '루키', '상점'),
(20006, 12015, '커스텀1', 20005, '루키', 11006, '루키', 12004, '루키', 20001, '루키', '상점'),
(11051, 11037, '커스텀1', 11007, '루키', 11008, '루키', 11022, '루키', NULL, NULL, '미션'),
(11047, 11046, '커스텀1', 11024, '루키', 11025, '루키', 11022, '루키', NULL, NULL, '미션'),
(17003, 11009, '커스텀1', 17001, '루키', 17006, '루키', 11012, '루키', 10005, '루키', '상점'),
(17004, 17003, '커스텀1', 11017, '솔저', 17001, '루키', 14005, '루키', 11003, '루키', '상점'),
(17011, 17012, '커스텀1', 17014, '루키', 10032, '루키', 17006, '루키', 16019, '루키', '상점'),
(15013, 15003, '커스텀1', 17005, '솔저', 17006, '루키', 10010, '루키', 13007, '루키', '상점'),
(16032, 16029, '커스텀1', 17011, '솔저', 15005, '루키', 13007, '루키', 16004, '루키', '상점'),
(12026, 12004, '커스텀1', 12003, '루키', 10017, '루키', 11031, '루키', 11007, '루키', '상점'),
(15003, 15002, '커스텀1', 14001, '루키', 13004, '루키', 11014, '루키', 15009, '루키', '상점'),
(15003, 10001, '커스텀1', 14001, '루키', 13004, '루키', 11014, '루키', NULL, NULL, '이벤트'),
(15032, 15002, '커스텀1', 15035, '솔저', 15005, '루키', 15004, '루키', NULL, NULL, '상점'),
(15043, 15019, '커스텀1', 15013, '커스텀1', 16005, '커스텀1', 15007, '커스텀1', 15005, '커스텀1', '상점'),
(16003, 13003, '커스텀1', 16002, '루키', 15004, '루키', NULL, NULL, NULL, NULL, '진급'),
(16003, 13003, '커스텀1', 16002, '루키', 15004, '루키', 15006, '루키', 17001, '루키', '상점'),
(16005, 16003, '커스텀1', 16014, '루키', 11025, '루키', 10022, '루키', NULL, NULL, '상점'),
(15038, 15032, '커스텀1', 16029, '솔저', 15037, '루키', 16019, '루키', 10032, '루키', '상점'),
(11002, 10004, '커스텀1', 11022, '루키', 10016, '루키', 11008, '루키', 15009, '루키', '상점'),
(10011, 10010, '커스텀1', 11014, '루키', 15006, '루키', 13018, '루키', 16014, '루키', '상점'),
(22032, 22036, '커스텀1', 22037, '루키', 22035, '루키', 22028, '루키', 10022, '루키', '상점'),
(17025, 17042, '커스텀1', 17038, '솔저', 17011, '루키', 17030, '루키', 17013, '루키', '상점'),
(11030, 11008, '커스텀1', 11025, '루키', 10017, '루키', NULL, NULL, NULL, NULL, '상점'),
(20005, 14011, '커스텀1', 20001, '루키', 13004, '루키', 12003, '루키', NULL, NULL, '상점'),
(14011, 14001, '커스텀1', 12003, '루키', 13008, '루키', 10016, '루키', 11010, '루키', '상점'),
(14012, 14011, '커스텀1', 11003, '루키', 10019, '루키', 11025, '루키', NULL, NULL, '미션'),
(15012, 15007, '커스텀1', 13008, '루키', 11004, '루키', 10019, '루키', NULL, NULL, '상점'),
(15007, 16004, '커스텀1', 15006, '루키', 12005, '루키', 10017, '루키', 17006, '루키', '상점'),
(15036, 15005, '커스텀1', 15006, '루키', 16004, '루키', 15004, '루키', 14001, '루키', '상점'),
(15002, 15006, '커스텀1', 11022, '루키', 13004, '루키', 12003, '루키', 15005, '루키', '상점'),
(15010, 15008, '커스텀1', 15006, '루키', 15004, '루키', 10019, '루키', NULL, NULL, '상점'),
(15040, 15008, '커스텀1', 15004, '루키', 16019, '루키', 11022, '루키', NULL, NULL, '미션'),
(15008, 12003, '커스텀1', 11003, '루키', 15006, '루키', 11010, '루키', 10022, '루키', '상점'),
(15021, 15002, '커스텀1', 16017, '루키', 16019, '루키', 15009, '루키', NULL, NULL, '미션'),
(15011, 15003, '커스텀1', 15008, '솔저', 15005, '루키', 17001, '루키', 10008, '루키', '상점'),
(11039, 14011, '커스텀1', 11034, '루키', 11025, '루키', 10008, '루키', 10034, '루키', '상점'),
(17032, 17030, '커스텀1', 17013, '솔저', 17012, '루키', 17014, '루키', NULL, NULL, '상점'),
(17039, 17032, '커스텀1', 17009, '루키', 17007, '루키', 17010, '루키', 17011, '루키', '상점'),
(10072, 12009, '커스텀1', 10076, '루키', 20001, '루키', 12019, '루키', 12021, '루키', '상점'),
(10073, 10072, '커스텀1', 12001, '솔저', 12009, '루키', 10075, '루키', 20001, '루키', '상점'),
(10004, 10007, '커스텀1', 11008, '루키', 14001, '루키', NULL, NULL, NULL, NULL, '진급'),
(10004, 10007, '커스텀1', 11008, '루키', 11003, '루키', 14001, '루키', 11014, '루키', '상점'),
(16008, 16003, '커스텀1', 16002, '루키', 16004, '루키', 17006, '루키', 10019, '루키', '상점'),
(11016, 11014, '커스텀1', 13008, '루키', 11012, '루키', 11022, '루키', 14001, '루키', '상점'),
(15045, 15017, '커스텀1', 16032, '커스텀1', 16008, '커스텀1', 15035, '커스텀1', 16019, '커스텀1', '상점'),
(16029, 16007, '커스텀1', 15004, '루키', 15006, '루키', 15009, '루키', 10031, '루키', '상점'),
(11015, 10008, '커스텀1', 10017, '루키', 11025, '루키', 13018, '루키', 10016, '루키', '상점'),
(11046, 11022, '커스텀1', 11031, '루키', 10016, '루키', 10030, '루키', 11007, '루키', '미션'),
(14009, 14001, '커스텀1', 14005, '루키', 11034, '루키', 16021, '루키', 10030, '루키', '상점'),
(15017, 15013, '커스텀1', 16008, '솔저', 15002, '루키', 17014, '루키', 10033, '루키', '상점'),
(12001, 12006, '커스텀1', 13003, '루키', 11003, '루키', 12003, '루키', 10008, '루키', '상점'),
(12013, 12001, '커스텀1', 12006, '솔저', 12003, '루키', 12005, '루키', 15009, '루키', '상점'),
(11037, 11007, '커스텀1', 11014, '루키', 11008, '루키', 17016, '루키', 10016, '루키', '상점'),
(11018, 11006, '커스텀1', 11004, '루키', 11031, '루키', 10022, '루키', 13007, '루키', '상점'),
(13017, 13008, '커스텀1', 10010, '루키', 10007, '루키', NULL, NULL, NULL, NULL, '상점'),
(15015, 15008, '커스텀1', 15009, '루키', 16021, '루키', 16019, '루키', 10030, '루키', '상점'),
(11009, 11007, '커스텀1', 11022, '루키', 11012, '루키', 10016, '루키', 14001, '루키', '상점'),
(14004, 14011, '커스텀1', 14003, '베테랑', 14001, '루키', 14005, '루키', 11034, '루키', '상점'),
(17023, 17013, '커스텀1', 17014, '루키', 13004, '루키', 10032, '루키', 10008, '루키', '상점'),
(17024, 17028, '커스텀1', 17038, '루키', 17023, '루키', 17013, '루키', 17012, '루키', '상점'),
(22021, 22015, '커스텀1', 22017, '루키', 22022, '루키', 11012, '루키', 16019, '루키', '미션'),
(22027, 22021, '커스텀1', 22028, '루키', 22016, '루키', 22026, '루키', NULL, NULL, '미션'),
(13026, 12006, '커스텀1', 12004, '솔저', 13004, '루키', 12005, '루키', NULL, NULL, '상점'),
(10015, 10006, '커스텀1', 10017, '루키', 16017, '루키', 16019, '루키', 11034, '루키', '상점'),
(11019, 11018, '커스텀1', 11006, '솔저', 10033, '루키', 10031, '루키', 16014, '루키', '상점'),
(15029, 15002, '커스텀1', 15006, '루키', 16002, '루키', 15009, '루키', 15005, '루키', '상점'),
(16024, 16029, '커스텀1', 16003, '솔저', 15006, '루키', 16014, '루키', 10022, '루키', '상점'),
(10002, 10004, '커스텀1', 15004, '루키', 11022, '루키', 15005, '루키', NULL, NULL, '이벤트'),
(10002, 10004, '커스텀1', 15004, '루키', 11022, '루키', 15005, '루키', 11010, '루키', '상점'),
(12018, 12022, '커스텀1', 12016, '솔저', 14009, '루키', 12019, '루키', 10031, '루키', '상점'),
(16022, 15025, '커스텀1', 16012, '솔저', 16003, '루키', 16019, '루키', 17012, '루키', '상점'),
(15019, 15011, '커스텀1', 15015, '솔저', 15007, '루키', 16019, '루키', 16021, '루키', '상점'),
(10040, 10010, '커스텀1', 10034, '루키', 11003, '루키', NULL, NULL, NULL, NULL, '미션'),
(13011, 13008, '커스텀1', 13004, '루키', 16017, '루키', 13018, '루키', 11034, '루키', '상점'),
(14006, 14002, '커스텀1', 14005, '루키', 14001, '루키', 16021, '루키', 10031, '루키', '상점'),
(10014, 10001, '커스텀1', 10022, '루키', 10009, '루키', 16002, '루키', 10016, '루키', '상점'),
(22024, 22001, '커스텀1', 22009, '루키', 22005, '루키', 22002, '루키', NULL, NULL, '상점'),
(22013, 22009, '커스텀1', 22001, '루키', 22005, '루키', 22002, '루키', NULL, NULL, '상점'),
(22030, 22021, '커스텀1', 22022, '루키', 22026, '루키', 22017, '루키', NULL, NULL, '미션'),
(10035, 10031, '커스텀1', 10010, '루키', 10033, '루키', 13018, '루키', 10030, '루키', '상점'),
(10042, 10035, '커스텀1', 10033, '루키', 14001, '루키', 16014, '루키', NULL, NULL, '미션'),
(10021, 10018, '커스텀1', 10035, '루키', 11040, '루키', 11033, '루키', 16023, '루키', '상점'),
(10018, 10001, '커스텀1', 10005, '루키', 16002, '루키', 16004, '루키', 10009, '루키', '상점'),
(15014, 15005, '커스텀1', 13007, '루키', 11031, '루키', NULL, NULL, NULL, NULL, '상점'),
(14003, 12003, '커스텀1', 10017, '루키', 11031, '루키', 11014, '루키', 12019, '루키', '상점'),
(10055, 10048, '커스텀1', 10044, '솔저', 10001, '루키', 20001, '루키', 16021, '루키', '상점'),
(10056, 10048, '커스텀1', 10044, '루키', 10062, '루키', 10061, '루키', NULL, NULL, '상점'),
(10044, 10001, '커스텀1', 20001, '루키', 12021, '루키', 13008, '루키', 10017, '루키', '상점'),
(10048, 10044, '커스텀1', 10001, '솔저', 12005, '루키', 10022, '루키', 10007, '루키', '상점'),
(15025, 15024, '커스텀1', 14011, '솔저', 16021, '루키', 16004, '루키', 10030, '루키', '상점'),
(12016, 12009, '커스텀1', 12005, '루키', 13004, '루키', 10031, '루키', 10033, '루키', '상점'),
(17019, 17017, '커스텀1', 17004, '커스텀1', 17003, '커스텀1', 17002, '커스텀1', NULL, NULL, '상점'),
(11061, 11046, '커스텀1', 11003, '루키', 10034, '루키', 10032, '루키', NULL, NULL, '미션'),
(11060, 11031, '커스텀1', 11003, '루키', 10017, '루키', NULL, NULL, NULL, NULL, '미션'),
(21001, 10044, '커스텀1', 12016, '에이스', 12001, '솔저', 12009, '루키', 22038, '루키', '상점'),
(22038, 22028, '커스텀1', 22022, '루키', 22017, '루키', 22015, '루키', 10022, '루키', '상점'),
(22007, 22005, '커스텀1', 22038, '솔저', 22026, '루키', 22015, '루키', 22040, '루키', '상점'),
(11059, 11017, '커스텀1', 11025, '루키', 11022, '루키', 10034, '루키', NULL, NULL, '미션'),
(22045, 22007, '커스텀1', 22005, '루키', 22043, '루키', 22009, '루키', NULL, NULL, '상점'),
(10079, 10012, '커스텀1', 10004, '루키', 10046, '루키', NULL, NULL, NULL, NULL, '미션'),
(22043, 22027, '커스텀1', 22028, '솔저', 22016, '루키', 22026, '루키', NULL, NULL, '상점'),
(22041, 22017, '커스텀1', 22022, '루키', 22015, '루키', 12003, '루키', 13018, '루키', '상점'),
(22048, 22009, '커스텀1', 22001, '에이스', 22002, '에이스', 22038, '루키', 10001, '루키', '상점'),
(22054, 22053, '커스텀1', 22051, '솔저', 22041, '루키', 22017, '루키', NULL, NULL, '상점'),
(22053, 22051, '커스텀1', 22052, '루키', 22040, '루키', 22022, '루키', NULL, NULL, '퀘스트'),
(17060, 17002, '커스텀1', 17005, '루키', 10029, '루키', NULL, NULL, NULL, NULL, '상점'),
(22055, 22054, '커스텀1', 22051, '에이스', 22052, '솔저', 22041, '루키', 22017, '루키', '상점'),
(17061, 17056, '커스텀1', 17002, '커스텀1', 17005, '루키', NULL, NULL, NULL, NULL, '상점'),
(16043, 16015, '커스텀1', 16004, '커스텀1', 16002, '커스텀1', NULL, NULL, NULL, NULL, '미션'),
(10081, 12008, '커스텀1', 11004, '루키', 13004, '루키', 14001, '루키', 10008, '루키', '상점'),
(15054, 15035, '커스텀1', 15005, '루키', 15004, '루키', 12003, '루키', 16004, '루키', '미션'),
(22059, 22001, '커스텀1', 22009, '에이스', 22035, '솔저', 12009, '루키', 14011, '루키', '상점'),
(22058, 22015, '커스텀1', 22026, '루키', 22022, '루키', 17016, '루키', 11003, '루키', '상점'),
(22061, 22030, '커스텀1', 22038, '루키', 22040, '루키', 22026, '루키', NULL, NULL, '상점'),
(11055, 11048, '커스텀1', 11043, '솔저', 11006, '루키', 11007, '루키', 11022, '루키', '퀘스트'),
(22063, 22002, '커스텀1', 22061, '에이스', 22009, '솔저', 22051, '루키', 22038, '루키', '상점'),
(11063, 11055, '커스텀1', 10072, '에이스', 10082, '루키', 10075, '루키', 11062, '루키', '상점'),
(10082, 10075, '커스텀1', 10076, '루키', 20001, '루키', 12019, '루키', 12021, '루키', '상점'),
(21011, 21016, '커스텀1', 21017, '솔저', 21012, '루키', 11062, '루키', NULL, NULL, '상점'),
(16045, 16003, '커스텀1', 16006, '루키', 16015, '루키', NULL, NULL, NULL, NULL, '미션'),
(21013, 10081, '커스텀1', 21011, '에이스', 17041, '에이스', 21016, '솔저', 21017, '루키', '상점'),
(17063, 17055, '커스텀1', 17005, '커스텀1', 14003, '루키', NULL, NULL, NULL, NULL, '상점'),
(21016, 21017, '커스텀1', 21012, '루키', 21018, '루키', 13033, '루키', 20010, '루키', '상점'),
(11067, 14004, '커스텀1', 14006, '에이스', 13001, '루키', 11028, '루키', 11062, '루키', '상점'),
(16046, 16040, '커스텀1', 16038, '루키', 11010, '루키', 11012, '루키', 11031, '루키', '상점'),
(16047, 15041, '커스텀1', 15008, '루키', 16039, '루키', 16036, '루키', NULL, NULL, '상점'),
(22068, 22019, '커스텀1', 22041, '베테랑', 22065, '베테랑', NULL, NULL, NULL, NULL, '퀘스트'),
(22069, 22048, '커스텀1', 22007, '커스텀1', 22001, '커스텀1', 22002, '커스텀1', 22038, '커스텀1', '상점'),
(13034, 13013, '커스텀1', 13019, '에이스', 13026, '에이스', 13028, '루키', NULL, NULL, '상점'),
(12031, 12013, '커스텀1', 12001, '에이스', 12009, '에이스', 24001, '루키', 12011, '루키', '상점'),
(16049, 16007, '커스텀1', 16003, '솔저', 16019, '루키', NULL, NULL, NULL, NULL, '미션'),
(22073, 22071, '커스텀1', 22061, '에이스', 22072, '에이스', 22057, '루키', NULL, NULL, '상점'),
(17066, 17057, '커스텀1', 15022, '솔저', 17002, '루키', NULL, NULL, NULL, NULL, '상점'),
(15056, 15003, '커스텀1', 15037, '솔저', 15008, '루키', 15057, '루키', NULL, NULL, '미션');

-- --------------------------------------------------------

--
-- 테이블 구조 `promotion`
--

DROP TABLE IF EXISTS `promotion`;
CREATE TABLE IF NOT EXISTS `promotion` (
  `RecordDate` date DEFAULT NULL,
  `UserRank` varchar(6) DEFAULT NULL,
  `Number` int(11) DEFAULT NULL,
  `ExpMax` bigint(20) DEFAULT NULL,
  `ExpMin` bigint(20) DEFAULT NULL
) ENGINE=MyISAM DEFAULT CHARSET=utf8;

--
-- 테이블의 덤프 데이터 `promotion`
--

INSERT INTO `promotion` (`RecordDate`, `UserRank`, `Number`, `ExpMax`, `ExpMin`) VALUES
('2010-08-01', '원수', 0, 0, 0),
('2010-08-01', '대장', 11, 7331884, 5496261),
('2010-08-01', '중장', 90, 5456599, 3909055),
('2010-08-01', '소장', 400, 3896703, 2746720),
('2010-08-01', '준장', 498, 2746605, 2287163),
('2010-08-01', '대령', 509, 2287150, 1957533),
('2010-08-01', '중령', 754, 1956016, 1663368),
('2010-08-01', '소령', 753, 1663313, 1464421),
('2010-08-01', '대위', 1508, 1464331, 1168659),
('2010-08-01', '중위', 7537, 1168613, 581321),
('2010-08-01', '소위', 11306, 581293, 307355),
('2010-08-01', '준위', 15073, 307337, 178908),
('2010-08-02', '원수', 0, 0, 0),
('2010-08-02', '대장', 11, 7331884, 5501690),
('2010-08-02', '중장', 90, 5460002, 3909055),
('2010-08-02', '소장', 400, 3901408, 2748899),
('2010-08-02', '준장', 498, 2746720, 2288604),
('2010-08-02', '대령', 510, 2287994, 1957935),
('2010-08-02', '중령', 754, 1957533, 1664167),
('2010-08-02', '소령', 754, 1663368, 1465173),
('2010-08-02', '대위', 1508, 1464331, 1169166),
('2010-08-02', '중위', 7541, 1168976, 581886),
('2010-08-02', '소위', 11312, 581810, 307576),
('2010-08-02', '준위', 15082, 307572, 178940),
('2010-08-08', '원수', 0, 0, 0),
('2010-08-08', '대장', 11, 7341906, 5586840),
('2010-08-08', '중장', 90, 5491738, 3926631),
('2010-08-08', '소장', 400, 3922247, 2760236),
('2010-08-08', '준장', 498, 2760179, 2296193),
('2010-08-08', '대령', 515, 2295734, 1961828),
('2010-08-08', '중령', 757, 1961256, 1665831),
('2010-08-08', '소령', 757, 1665405, 1468643),
('2010-08-08', '대위', 1513, 1468163, 1171077),
('2010-08-08', '중위', 7568, 1170569, 582497),
('2010-08-08', '소위', 11351, 582488, 307622),
('2010-08-08', '준위', 15136, 307600, 178851),
('2010-08-15', '원수', 0, 0, 0),
('2010-08-15', '대장', 11, 7354920, 5610601),
('2010-08-15', '중장', 90, 5512497, 3959497),
('2010-08-15', '소장', 400, 3954044, 2773902),
('2010-08-15', '준장', 498, 2773467, 2303453),
('2010-08-15', '대령', 521, 2303419, 1964152),
('2010-08-15', '중령', 759, 1964042, 1669707),
('2010-08-15', '소령', 760, 1669679, 1473524),
('2010-08-15', '대위', 1519, 1473394, 1172251),
('2010-08-15', '중위', 7597, 1172195, 583248),
('2010-08-15', '소위', 11394, 583150, 307674),
('2010-08-15', '준위', 15193, 307652, 178817),
('2010-08-22', '원수', 0, 0, 0),
('2010-08-22', '대장', 10, 7365184, 5741462),
('2010-08-22', '중장', 90, 5640504, 3980272),
('2010-08-22', '소장', 400, 3977137, 2785430),
('2010-08-22', '준장', 499, 2783141, 2311446),
('2010-08-22', '대령', 527, 2311112, 1970003),
('2010-08-22', '중령', 763, 1968545, 1673616),
('2010-08-22', '소령', 762, 1673573, 1476418),
('2010-08-22', '대위', 1526, 1476408, 1174012),
('2010-08-22', '중위', 7627, 1174008, 584818),
('2010-08-22', '소위', 11440, 584766, 307761),
('2010-08-22', '준위', 15254, 307748, 178936),
('2010-08-29', '원수', 0, 0, 0),
('2010-08-29', '대장', 10, 7373271, 5741462),
('2010-08-29', '중장', 90, 5660895, 3998539),
('2010-08-29', '소장', 400, 3988482, 2792302),
('2010-08-29', '준장', 499, 2788156, 2319403),
('2010-08-29', '대령', 533, 2316638, 1979250),
('2010-08-29', '중령', 765, 1979169, 1677979),
('2010-08-29', '소령', 766, 1677830, 1477527),
('2010-08-29', '대위', 1531, 1477474, 1177715),
('2010-08-29', '중위', 7655, 1177638, 585779),
('2010-08-29', '소위', 11483, 585753, 307729),
('2010-08-29', '준위', 15310, 307710, 179020),
('2010-09-17', '원수', 0, 0, 0),
('2010-09-17', '대장', 10, 7384326, 5741804),
('2010-09-17', '중장', 90, 5678434, 4030493),
('2010-09-17', '소장', 400, 4006899, 2817355),
('2010-09-17', '준장', 499, 2816174, 2338867),
('2010-09-17', '대령', 546, 2338702, 1989745),
('2010-09-17', '중령', 772, 1988745, 1687720),
('2010-09-17', '소령', 772, 1687521, 1486194),
('2010-09-17', '대위', 1545, 1486178, 1185014),
('2010-09-17', '중위', 7722, 1184934, 587663),
('2010-09-17', '소위', 11583, 587659, 308193),
('2010-09-17', '준위', 15444, 308187, 179135),
('2010-09-26', '원수', 0, 0, 0),
('2010-09-26', '대장', 10, 7396823, 5741804),
('2010-09-26', '중장', 90, 5710419, 4032527),
('2010-09-26', '소장', 400, 4026802, 2833343),
('2010-09-26', '준장', 499, 2832489, 2347272),
('2010-09-26', '대령', 555, 2347015, 2002340),
('2010-09-26', '중령', 777, 2001226, 1695378),
('2010-09-26', '소령', 777, 1695109, 1488281),
('2010-09-26', '대위', 1554, 1487927, 1189758),
('2010-09-26', '중위', 7770, 1189439, 588723),
('2010-09-26', '소위', 11655, 588609, 308729),
('2010-09-26', '준위', 15540, 308714, 179119),
('2010-10-21', '원수', 0, 0, 0),
('2010-10-21', '대장', 10, 7455482, 5744379),
('2010-10-21', '중장', 90, 5741982, 4086855),
('2010-10-21', '소장', 400, 4082479, 2884934),
('2010-10-21', '준장', 499, 2882858, 2377154),
('2010-10-21', '대령', 575, 2376934, 2019407),
('2010-10-21', '중령', 787, 2019145, 1708066),
('2010-10-21', '소령', 787, 1707685, 1495666),
('2010-10-21', '대위', 1573, 1495655, 1197643),
('2010-10-21', '중위', 7868, 1197265, 591248),
('2010-10-21', '소위', 11802, 591245, 308707),
('2010-10-21', '준위', 15736, 308704, 178995),
('2010-11-18', '원수', 0, 0, 0),
('2010-11-18', '대장', 10, 7519051, 6067712),
('2010-11-18', '중장', 90, 5829662, 4149710),
('2010-11-18', '소장', 400, 4139603, 2941391),
('2010-11-18', '준장', 499, 2938599, 2404054),
('2010-11-18', '대령', 594, 2404051, 2038853),
('2010-11-18', '중령', 796, 2038049, 1727034),
('2010-11-18', '소령', 796, 1726612, 1505149),
('2010-11-18', '대위', 1592, 1505136, 1205139),
('2010-11-18', '중위', 7960, 1205124, 594037),
('2010-11-18', '소위', 11940, 594017, 309934),
('2010-11-18', '준위', 15920, 309892, 178900),
('2010-12-23', '원수', 0, 0, 0),
('2010-12-23', '대장', 10, 7560029, 6136458),
('2010-12-23', '중장', 90, 5935205, 4248896),
('2010-12-23', '소장', 400, 4248025, 2997933),
('2010-12-23', '준장', 499, 2997616, 2440957),
('2010-12-23', '대령', 615, 2440326, 2056292),
('2010-12-23', '중령', 807, 2055981, 1743178),
('2010-12-23', '소령', 807, 1743118, 1517987),
('2010-12-23', '대위', 1614, 1517879, 1215387),
('2010-12-23', '중위', 8069, 1215233, 597805),
('2010-12-23', '소위', 12104, 597668, 310895),
('2010-12-23', '준위', 16139, 310894, 178860),
('2011-01-23', '원수', 0, 0, 0),
('2011-01-23', '대장', 10, 7632092, 6207208),
('2011-01-23', '중장', 90, 6029383, 4319723),
('2011-01-23', '소장', 400, 4319716, 3055007),
('2011-01-23', '준장', 499, 3054945, 2482244),
('2011-01-23', '대령', 641, 2481874, 2075816),
('2011-01-23', '중령', 820, 2075815, 1756041),
('2011-01-23', '소령', 819, 1755995, 1527516),
('2011-01-23', '대위', 1640, 1527468, 1222883),
('2011-01-23', '중위', 8197, 1222309, 598178),
('2011-01-23', '소위', 12295, 598169, 310954),
('2011-01-23', '준위', 16394, 310952, 178623),
('2011-02-11', '원수', 0, 0, 0),
('2011-02-11', '대장', 10, 7753977, 6283989),
('2011-02-11', '중장', 90, 6094017, 4363465),
('2011-02-11', '소장', 400, 4359106, 3088045),
('2011-02-11', '준장', 499, 3088042, 2508111),
('2011-02-11', '대령', 660, 2507700, 2090668),
('2011-02-11', '중령', 829, 2090319, 1767897),
('2011-02-11', '소령', 829, 1767837, 1536927),
('2011-02-11', '대위', 1659, 1536551, 1228947),
('2011-02-11', '중위', 8291, 1228140, 600842),
('2011-02-11', '소위', 12438, 600831, 311547),
('2011-02-11', '준위', 16586, 311539, 178322),
('2011-02-17', '원수', 0, 0, 0),
('2011-02-17', '대장', 10, 7779318, 6315390),
('2011-02-17', '중장', 90, 6109970, 4387344),
('2011-02-17', '소장', 400, 4377724, 3100341),
('2011-02-17', '준장', 499, 3100242, 2515079),
('2011-02-17', '대령', 666, 2514893, 2095570),
('2011-02-17', '중령', 832, 2095388, 1772255),
('2011-02-17', '소령', 832, 1771975, 1541520),
('2011-02-17', '대위', 1664, 1541423, 1230953),
('2011-02-17', '중위', 8320, 1230916, 601575),
('2011-02-17', '소위', 12480, 601560, 311567),
('2011-02-17', '준위', 16641, 311560, 178226),
('2011-02-27', '원수', 0, 0, 0),
('2011-02-27', '대장', 10, 7785338, 6370309),
('2011-02-27', '중장', 90, 6139110, 4411969),
('2011-02-27', '소장', 400, 4405764, 3103217),
('2011-02-27', '준장', 499, 3102879, 2524893),
('2011-02-27', '대령', 677, 2524744, 2097954),
('2011-02-27', '중령', 838, 2097802, 1775184),
('2011-02-27', '소령', 837, 1775122, 1545467),
('2011-02-27', '대위', 1676, 1544685, 1232578),
('2011-02-27', '중위', 8377, 1232389, 602420),
('2011-02-27', '소위', 12566, 602359, 311357),
('2011-02-27', '준위', 16754, 311347, 178118),
('2011-03-25', '원수', 0, 0, 0),
('2011-03-25', '대장', 10, 7898673, 6451541),
('2011-03-25', '중장', 90, 6206513, 4485847),
('2011-03-25', '소장', 400, 4472039, 3145971),
('2011-03-25', '준장', 499, 3145563, 2567126),
('2011-03-25', '대령', 695, 2567024, 2117313),
('2011-03-25', '중령', 847, 2117204, 1786169),
('2011-03-25', '소령', 847, 1785962, 1555044),
('2011-03-25', '대위', 1693, 1554811, 1241671),
('2011-03-25', '중위', 8468, 1241575, 604167),
('2011-03-25', '소위', 12702, 604106, 311305),
('2011-03-25', '준위', 16935, 311303, 178125),
('2011-04-23', '원수', 0, 0, 0),
('2011-04-23', '대장', 10, 7949283, 6495881),
('2011-04-23', '중장', 90, 6295567, 4564062),
('2011-04-23', '소장', 400, 4550795, 3177312),
('2011-04-23', '준장', 499, 3176676, 2589459),
('2011-04-23', '대령', 588, 2589226, 2185834),
('2011-04-23', '중령', 793, 2185727, 1850067),
('2011-04-23', '소령', 793, 1849719, 1615836),
('2011-04-23', '대위', 1586, 1615214, 1294933),
('2011-04-23', '중위', 7931, 1294854, 630863),
('2011-04-23', '소위', 11897, 630723, 324021),
('2011-04-23', '준위', 15861, 324009, 183574),
('2011-04-30', '원수', 0, 0, 0),
('2011-04-30', '대장', 10, 7949283, 6503762),
('2011-04-30', '중장', 90, 6338849, 4577264),
('2011-04-30', '소장', 400, 4564062, 3192539),
('2011-04-30', '준장', 499, 3190647, 2595989),
('2011-04-30', '대령', 593, 2594914, 2192308),
('2011-04-30', '중령', 796, 2192075, 1855214),
('2011-04-30', '소령', 796, 1855134, 1619326),
('2011-04-30', '대위', 1592, 1618920, 1297581),
('2011-04-30', '중위', 7958, 1297486, 632097),
('2011-04-30', '소위', 11938, 632017, 324315),
('2011-04-30', '준위', 15918, 324305, 183583),
('2011-05-22', '대위', 1612, 1627424, 1308009),
('2011-05-22', '원수', 1, 8168548, 8168548),
('2011-05-22', '대장', 9, 8074745, 6530290),
('2011-05-22', '중장', 90, 6451479, 4632116),
('2011-05-22', '소장', 400, 4628135, 3226241),
('2011-05-22', '준장', 499, 3224786, 2628130),
('2011-05-22', '대령', 614, 2626298, 2207094),
('2011-05-22', '중령', 806, 2205993, 1864490),
('2011-05-22', '소령', 806, 1864441, 1627583),
('2011-05-22', '중위', 8060, 1307937, 632779),
('2011-05-22', '소위', 12090, 632726, 324098),
('2011-05-22', '준위', 16121, 324074, 183062),
('2011-06-19', '원수', 1, 8413599, 8413599),
('2011-06-19', '대장', 9, 8274832, 6596022),
('2011-06-19', '중장', 90, 6590218, 4691883),
('2011-06-19', '소장', 400, 4680658, 3263806),
('2011-06-19', '준장', 499, 3255769, 2657864),
('2011-06-19', '대령', 629, 2655862, 2220439),
('2011-06-19', '중령', 814, 2220299, 1876542),
('2011-06-19', '소령', 814, 1876365, 1637519),
('2011-06-19', '대위', 1628, 1637166, 1319280),
('2011-06-19', '중위', 8140, 1318949, 635918),
('2011-06-19', '소위', 12209, 635819, 324402),
('2011-06-19', '준위', 16279, 324395, 183070);

-- --------------------------------------------------------

--
-- 테이블 구조 `rankprefix`
--

DROP TABLE IF EXISTS `rankprefix`;
CREATE TABLE IF NOT EXISTS `rankprefix` (
  `No` int(11) DEFAULT NULL,
  `RankPrefix` char(1) DEFAULT NULL
) ENGINE=MyISAM DEFAULT CHARSET=utf8;

--
-- 테이블의 덤프 데이터 `rankprefix`
--

INSERT INTO `rankprefix` (`No`, `RankPrefix`) VALUES
(1, 'C'),
(2, 'B'),
(3, 'A'),
(4, 'S');

-- --------------------------------------------------------

--
-- 테이블 구조 `ranksuffix`
--

DROP TABLE IF EXISTS `ranksuffix`;
CREATE TABLE IF NOT EXISTS `ranksuffix` (
  `No` int(11) DEFAULT NULL,
  `RankSuffix` char(1) DEFAULT NULL
) ENGINE=MyISAM DEFAULT CHARSET=utf8;

--
-- 테이블의 덤프 데이터 `ranksuffix`
--

INSERT INTO `ranksuffix` (`No`, `RankSuffix`) VALUES
(1, '-'),
(2, 'R'),
(3, 'S'),
(4, 'U');

-- --------------------------------------------------------

--
-- 테이블 구조 `skill`
--

DROP TABLE IF EXISTS `skill`;
CREATE TABLE IF NOT EXISTS `skill` (
  `Name` varchar(20) DEFAULT NULL,
  `No` int(11) DEFAULT NULL,
  `Description` text
) ENGINE=MyISAM DEFAULT CHARSET=utf8;

--
-- 테이블의 덤프 데이터 `skill`
--

INSERT INTO `skill` (`Name`, `No`, `Description`) VALUES
('방어력 업', 4, '유닛의 방어력 상승'),
('뉴타입 각성 (B랭크)', 55, '(체력 50% 이하) 유닛 움직임 빨라짐+부스터 소폭 증가+레이더 적군 위치 표시+서치 거리 증가'),
('난무형 필살기', 10, '대쉬 후 단일 적을 공격하는 난무형 필살기'),
('정밀 저격', 8, '저격 모드에서 항상 크리티컬 + 3번 무기 재장전 시간이 빨라짐 + 서치 거리 증가'),
('전탄 발사형 필살기', 11, '원거리의 다수의 적을 공격하는 전탄 발사형 필살기'),
('공격력 업', 3, '유닛의 공격력 상승'),
('철벽수비 (B랭크)', 52, '(체력 30% 이하) 유닛 방어력 대폭 증가 (단 대쉬 속도 느려짐)'),
('통신지휘', 28, '모든 아군 레이더에 적의 위치를 표시'),
('맵 병기형 필살기', 12, '다수의 적을 관통하는 빔 형태의 필살기로 시전 중 방향 변경 가능'),
('확장 부스터', 43, '부스터 사용 시간 대폭 증가'),
('2번 무기 무한사격 (B랭크)', 18, '(체력 35%이하) 2번 무기 무한사격 + 연사속도 증가'),
('리로드 업', 7, '무기 재장전 시간 25% 빨라짐'),
('장갑 관통', 50, '머신건/발칸/개틀링건 공격 시 일정 확률로 추가 데미지'),
('노련한 레인저', 37, '대 근거리 무기 방어력 증가 (빔 사벨, 격투 등)'),
('EXAM 강제발동', 41, '(체력 50% 이하) 유닛 움직임 빨라짐 + 공격 속도 증가'),
('뉴타입 각성 (A랭크)', 54, '(체력 40% 이하) 유닛 움직임 빨라짐+부스터 소폭 증가+레이더 적군 위치 표시+서치 거리 증가'),
('필살기 각성', 16, '(체력 35%이하) 필살기 데미지 상승'),
('민첩성 업', 2, '유닛의 민첩성 상승'),
('저력발동', 13, '(체력 50% 이하) 모든 공격이 최대 데미지 + SP 게이지 축적률 증가'),
('I필드', 40, '대 빔계열 무기 방어력이 대폭 증가'),
('코우의 집념', 69, '(체력 50% 이하) 유닛 움직임 빨라짐+부스터 증가+중거리 무기에 대한 방어력 증가+저격 시 항상 크리티컬'),
('V백신', 29, '스킬 발동 중 어떠한 상태 이상에도 걸리지 않음'),
('방어지휘', 27, '(체력 50%이하) 자신 포함 팀원 방어력 및 무기 재장전 속도 증가'),
('스피드 업', 1, '유닛의 이동속도와 대쉬속도가 상승'),
('고성능OS (B랭크)', 24, '(체력 45% 이하) 민첩성 상승+무기 재장전 속도 증가+서치 거리 증가'),
('돌격지휘', 26, '(체력 50%이하) 자신 포함 팀원 공격력 및 부스터 사용 시간 증가'),
('근접 방어 강화', 63, '(체력 70% 이하) 대 근거리 무기 방어력 증가 + 격투 반격 가능'),
('3번 무기 무한사격(C랭크)', 22, '(체력 40%이하) 3번 무기 무한사격 + 연사속도 증가'),
('고성능OS (A랭크)', 23, '(체력 40% 이하) 민첩성 상승+무기 재장전 속도 증가+서치 거리 증가'),
('철벽수비 (A랭크)', 51, '(체력 30% 이하) 유닛 방어력 대폭 증가 (단 대쉬 속도 느려짐)'),
('바이오 컴퓨터', 72, '(체력 70% 이하) 유닛 움직임 재빨라짐 + 부스터 소폭 증가 + 중거리 무기에 대한 방어력 증가'),
('승리의 빅토리 (버스터)', 86, '(체력 55% 이하) 유닛 움직임 빨라짐 + 레이더 적군 표시 + 서치 거리, 공격력, 방어력 증가'),
('승리의 빅토리 (어설트)', 97, '(체력 50% 이하) 레이더 적군 표시 + 부스터량, 서치 거리, 공격력, 대 빔 방어력 증가'),
('NT-D', 94, '(체력 70% 이하) 유닛 움직임 빨라짐 + 방어력, 부스터, 서치거리 증가 + 적군 판넬류 무장 침식'),
('시로의 집념', 103, '(체력 50% 이하) 모든 공격 최대 데미지 + SP 게이지 축적률 증가 + 민첩성 상향'),
('2번 무기 무한사격 (A랭크)', 17, '(체력 30%이하) 2번 무기 무한사격 + 연사속도 증가'),
('고성능OS (C랭크)', 25, '(체력 50% 이하) 민첩성 상승+무기 재장전 속도 증가+서치 거리 증가'),
('MS 격투술', 33, '근접 공격 시 높은 확률로 작은 추가 데미지'),
('노련한 인파이터', 36, '대 원거리 무기 방어력 증가 + 스턴 방어력 증가 (캐논,스나이퍼 라이플 등)'),
('2번 무기 무한사격 (C랭크)', 19, '(체력 40%이하) 2번 무기 무한사격 + 연사속도 증가'),
('오토 락온 재머', 34, '(체력 40% 이하) 적의 오토 락온 무효화'),
('철벽수비 (C랭크)', 53, '(체력 40% 이하) 유닛 방어력 대폭 증가 (단 대쉬 속도 느려짐)'),
('판넬 강화', 57, '판넬의 공격력 증가 및 재장전 시간 빨라짐 + 판넬 필살기 데미지 상승'),
('노련한 스나이퍼', 38, '대 중거리 무기 방어력 증가 (빔 라이플, 머신건, 바주카, 소형 미사일 등)'),
('붉은 혜성의 샤아', 76, '(체력 50% 이하) 유닛의 이동속도와 대쉬속도, 민첩성 증가'),
('건담파이터 격투술', 32, '근접 공격 시 낮은 확률로 큰 추가 데미지'),
('진홍의 번개', 91, '(체력 50% 이하) 이동, 대쉬속도, 민첩성 증가. 부스터 증가'),
('도즐의 자존심', 84, '(체력 30% 이하) 유닛 방어력이 대폭 증가'),
('하얀 늑대', 92, '(체력 50% 이하) 이동,대쉬속도,민첩성 증가 + 근접 공격과 실탄 공격시 일정 확률 추가 데미지'),
('군인의 긍지', 100, '(체력 50% 이하) 유닛 이동속도, 대쉬속도, 기동력, 공격력 증가 + 방어력 감소'),
('붉은 혜성의 재래', 112, '(체력 45% 이하) 유닛 이동속도와 대쉬속도, 민첩성 증가'),
('리미터 해제', 48, '(체력 50% 이하) 공격 속도 대폭 증가'),
('뉴타입의 의지', 66, '(체력 50% 이하) 아군 유닛 움직임 빨라짐+부스터 증가+레이더 적군 표시+서치 거리 증가+빔 방어력 증가'),
('철벽 수비 EX', 65, '(체력 30% 이하) 유닛 방어력 대폭 증가 + 격투 반격 가능 (단 대쉬 속도 느려짐)'),
('리미터 해제 EX', 47, '(체력 40% 이하) 공격 속도 대폭 증가'),
('페이즈 시프트 장갑', 5, '실탄계열 무기에 대한 방어력 상승'),
('라미네이트 장갑', 6, '빔 계열 무기에 대한 방어력 상승'),
('3번 무기 무한사격(B랭크)', 21, '(체력 35%이하) 3번 무기 무한사격 + 연사속도 증가'),
('트랜스 페이즈 장갑', 39, '대 실탄계열 무기 방어력이 증가'),
('SEED 각성', 15, '(체력 30% 이하) 스피드 상승+부스터 사용시간 대폭 증가+레이더에 적군 위치 표시+서치 거리 증가'),
('뉴트론 재머 캔슬러', 58, '(체력 50% 이하) 대쉬 부스터 사용 시간이 무한대로 됨'),
('야타노카가미 시스템', 90, '(체력 40% 이하) 유닛 움직임 빨라짐 + 부스터 대폭 증가 +  빔 반사'),
('뉴트론 재머 캔슬러 EX', 87, '(체력 50% 이하) 대쉬 부스터 소모되지 않음, 서치 거리 증가, 레이더 적군 표시'),
('내구력 보강', 46, '(데스매치) 최종 리스폰 시 체력 증가 (상시 발동)'),
('오토 락온 재머 EX', 44, '(체력 30% 이하) 적의 오토 락온 무효화'),
('SEED 각성 EX', 73, '(체력 50% 이하) 유닛 움직임 재빨라짐 + 부스터 소폭 증가 + 서치 거리 증가 + 모든 공격 최대 데미지'),
('황혼의 마탄', 110, '(체력 50% 이하) 이동, 대쉬속도, 민첩성. 부스터, 공격력 증가'),
('동방불패류 격투술', 31, '근접 공격 시 보통 확률로 큰 추가 데미지'),
('명경지수', 42, '(체력 50% 이하) 유닛 움직임 빨라짐 + 필살기 위력 상승'),
('슈퍼 모드', 79, '(체력 85% 이하) 슈퍼 모드 변신 + 방어력 증가 + 부스터 회복시간 단축'),
('킹 오브 하트', 61, '(체력 80% 이하) 대 근&원거리 무기와 스턴 방어력 증가 + 근접 공격 시 보통 확률로 큰 추가 데미지'),
('하이퍼 모드', 75, '(체력 70% 이하) 하이퍼 모드로 변신 + 격투 반격 가능 + 분신 가능'),
('철벽수비 (S랭크)', 70, '(체력 30% 이하) 유닛 방어력 대폭 증가 (단 대쉬 속도 느려짐'),
('피에로의 눈물', 89, '(체력 70% 이하) 재장전 시간 빨라짐, 머신건/발칸/개틀링건 공격시에 일정 확률로 추가 데미지'),
('피스크래프트의 외침', 67, '(체력 50% 이하) 아군 유닛 부스터 증가 + 모든 피격 데미지 감소'),
('하이퍼재머ECM', 88, '(체력 45% 이하) 유닛 대기 동작시 은신 + 공격력 증가 + 레이더 적군 표시'),
('위너가의 문장', 78, '(체력 50% 이하) 아군 부스터 증가 + 피격 데미지 감소 + 레이더 적 위치 표시 + 근거리 은신 유닛 탐지'),
('제로 시스템', 62, '(체력 50% 이하) 모든 공격 최대 데미지 + 공격 속도 증가 + 레이더에 적군 위치 표시 + 서치 거리 증가'),
('동방불패 마스터 아시아', 74, '(체력 80% 이하) 대 근&원거리 무기와 스턴 방어력 증가 + 근접 공격 시 보통 확률로 큰 추가 데미지'),
('버서커 모드', 77, '(체력 75% 이하) 버서커 모드 변신 + 공격력, 방어력 증가 + 부스터 회복시간 단축'),
('사이코 프레임', 71, '(체력 50% 이하) 유닛 움직임 빨라짐+부스터 증가+레이더 적군 위치 표시+판넬 재장전 빨라짐+공격력 상승'),
('우주 해적의 신념', 99, '(체력 60% 이하) 모든 공격 최대 데미지 + 방어력 증가 + 부스터 회복시간 단축'),
('3번 무기 무한사격(A랭크)', 20, '(체력 30%이하) 3번 무기 무한사격 + 연사속도 증가'),
('트랜스암(듀나메스)', 81, '(체력 60% 이하) 유닛 이동속도와 대쉬속도, 민첩성, 방어력 증가'),
('트랜스암(바체)', 83, '(체력 60% 이하) 유닛 이동속도와 대쉬속도, 민첩성 증가, 무기 재장전 시간 빨라짐'),
('트랜스암(큐리오스)', 82, '(체력 60% 이하) 유닛 이동속도와 대쉬속도, 민첩성, 부스터 사용시간 증가'),
('트랜스암(엑시아)', 80, '(체력 60% 이하) 유닛 이동속도와 대쉬속도, 민첩성, 공격력 증가'),
('트랜스암 (GN암즈)', 85, '(체력 50% 이하) 모든 공격 최대 데미지, 이동속도와 대쉬속도, 민첩성, 방어력 증가'),
('불사신 코라사와', 95, '(체력 60% 이하) 모든 피격 데미지 감소 + 부스터 사용 시간 대폭 증가'),
('감시자의 야망', 96, '(체력 40% 이하) 부스터량, 서치 거리 증가 + 모든 공격 최대 데미지'),
('트랜스암 (아리오스)', 101, '(체력이 50% 이하) 유닛 이동속도, 대쉬속도, 민첩성, 부스터 사용시간, 방어력 증가'),
('트윈 드라이브 시스템', 102, '(체력 50% 이하) 유닛 부스터량, 민첩성, 공격력 증가'),
('트랜스암 (아발란체 엑시아)', 104, '(체력 60% 이하) 유닛 이동속도와 대쉬속도, 민첩성, 부스터량 증가'),
('수라의 부시도', 105, '(체력 50% 이하) 이동속도와 대쉬속도, 기동력, 부스터 증가'),
('트랜스암 (마스라오)', 106, '(체력 50% 이하) 이동속도와 대쉬속도, 민첩성, 부스터, 공격력 증가'),
('트랜스암 (스사노오)', 107, '(체력 50% 이하) 이동속도와 대쉬속도, 민첩성, 부스터 증가, 근접 공격시 높은 확률로 작은 추가 데미지'),
('노련한 스나이퍼 EX', 108, '(체력 80% 이하) 저격 모드 시 항상 크리티컬, 2번 재장전 속도 상승, 서치 거리, 중거리 무기 방어력 증가'),
('트랜스암 (켈딤)', 109, '(체력 50% 이하) 3번 재장전 속도 상승, 민첩성, 부스터량, 부스터 회복속도, 방어력 증가'),
('트랜스암 (세라비)', 111, '(체력 50% 이하) 민첩성, 부스터량, 부스터 회복속도, 공격력, 방어력 증가'),
('티파의 기도', 93, '(체력 70% 이하) 모든 공격 최대 데미지 + 민첩성,  부스터량 증가'),
('크루제의 증오', 113, '(체력 50% 이하) 필살기 위력 상승, 방어력 증가, 민첩성 증가'),
('강화인간의 운명', 114, '(체력 50% 이하) 판넬 공격력,재장전 속도,판넬 필살기 위력 증가 + 유닛 움직임 재빨라짐,서치 거리 증가'),
('카미유의 사념', 115, '(체력 35% 이하) 유닛 움직임 재빨라짐, 공격력, 방어력, 부스터, 서치거리, 빔계열 무기 방어력 대폭 증가'),
('시로코의 프레셔', 116, '(체력 40% 이하) 유닛 움직임 재빨라짐, 방어력, 부스터, 서치거리 증가'),
('하이퍼 모드 EX', 98, '(체력 70% 이하) 하이퍼 모드 변신, 격투 반격 가능, 부스터 증가, 방어력 증가'),
('순수종 이노베이터', 117, '(체력 40% 이하) 특정 상황 시 피격 무효화, 부스터 회복속도 상승, 모든 적의 위치 표시, 은신 유닛 탐지'),
('기동성 업', 120, '유닛 이동속도와 대쉬속도, 민첩성 증가'),
('지온의 혼', 68, '(체력 50% 이하) 방어력 증가, 필살기 위력 상승, 모든 아군 유닛 공격력 증가'),
('뉴타입 각성', 35, '(체력 40% 이하) 유닛 움직임 빨라짐+부스터 소폭 증가+레이더 적군 위치 표시+서치 거리 증가'),
('트윈 드라이브 시스템 (유사 태', 118, '(체력 50% 이하) 유닛 부스터량, 민첩성, 공격력 증가'),
('리본즈의 획책', 119, '(체력 40% 이하) 공격력, 방어력, 재장전 속도, 필살기 위력 상승'),
('엔듀미온의 매', 121, '(체력 50% 이하) 모든 아군 방어력 증가, 재장전 속도 상승. (단 자신은 재장전 속도만 상승)');

-- --------------------------------------------------------

--
-- 테이블 구조 `unit`
--

DROP TABLE IF EXISTS `unit`;
CREATE TABLE IF NOT EXISTS `unit` (
  `UnitID` int(11) DEFAULT NULL,
  `UnitNo` int(11) DEFAULT NULL,
  `Model` varchar(30) DEFAULT NULL,
  `RankPrefix` char(1) DEFAULT NULL,
  `RankSuffix` char(1) DEFAULT NULL,
  `Property` varchar(3) DEFAULT NULL,
  `Weapon1No` int(11) DEFAULT NULL,
  `Weapon1Name` varchar(20) DEFAULT NULL,
  `Weapon2No` int(11) DEFAULT NULL,
  `Weapon2Name` varchar(20) DEFAULT NULL,
  `Weapon3No` int(11) DEFAULT NULL,
  `Weapon3Name` varchar(20) DEFAULT NULL,
  `Weapon4No` int(11) DEFAULT NULL,
  `Weapon4Name` varchar(20) DEFAULT NULL,
  `Weapon5No` int(11) DEFAULT NULL,
  `Weapon5Name` varchar(20) DEFAULT NULL,
  `Weapon6No` int(11) DEFAULT NULL,
  `Weapon6Name` varchar(20) DEFAULT NULL,
  `Skill1Name` varchar(20) DEFAULT NULL,
  `Skill2Name` varchar(20) DEFAULT NULL,
  `Skill3Name` varchar(20) DEFAULT NULL,
  `UnitStat1` float DEFAULT NULL,
  `UnitStat2` float DEFAULT NULL,
  `UnitStat3` float DEFAULT NULL,
  `UnitStat4` float DEFAULT NULL,
  `UnitStat5` float DEFAULT NULL,
  `UnitStat6` float DEFAULT NULL,
  `Comment` text,
  `Landform` varchar(5) DEFAULT NULL,
  `Modification` varchar(3) DEFAULT NULL,
  `Repair` varchar(3) DEFAULT NULL,
  `Oversize` varchar(3) DEFAULT NULL,
  `Sniping` varchar(3) DEFAULT NULL
) ENGINE=MyISAM DEFAULT CHARSET=utf8;

--
-- 테이블의 덤프 데이터 `unit`
--

INSERT INTO `unit` (`UnitID`, `UnitNo`, `Model`, `RankPrefix`, `RankSuffix`, `Property`, `Weapon1No`, `Weapon1Name`, `Weapon2No`, `Weapon2Name`, `Weapon3No`, `Weapon3Name`, `Weapon4No`, `Weapon4Name`, `Weapon5No`, `Weapon5Name`, `Weapon6No`, `Weapon6Name`, `Skill1Name`, `Skill2Name`, `Skill3Name`, `UnitStat1`, `UnitStat2`, `UnitStat3`, `UnitStat4`, `UnitStat5`, `UnitStat6`, `Comment`, `Landform`, `Modification`, `Repair`, `Oversize`, `Sniping`) VALUES
(10001, 8, '건담', 'B', '-', 'muk', 3, '빔 사벨', 32, '빔 라이플', 22, '발칸포', 0, 'Empty', 0, 'Empty', 0, 'Empty', '방어력 업', '뉴타입 각성 (B랭크)', '난무형 필살기', 10.8, 12.3, 15.3, 17.7, 15.3, 17.4, '연방군의 범용 시작형 MS. RX시리즈의 3번째 기체로 연방군이 개발한 최초의 범용 MS다. 우주전부터 수중전, 대기권돌입 능력마저 갖춘 높은 범용성을 자랑한다. 사이드7에서 운용 시험 중 지온군의 습격을 받았으나, 우연히 탑승한 민간인에 의해 이를 격파. 그 압도적인 성능을 보여 주었다. 이후 화이트베이스의 주력병기로 경이적인 전과를 계속 올려, 지온군은 건담을 「연방의 하얀 악마」라 부르며 무서워했다.', '만능', 'off', 'off', 'off', 'off'),
(10002, 7, '풀아머 건담', 'A', '-', 'ba', 1, '격투', 32, '2연장 빔건', 41, '캐논포', 0, 'Empty', 0, 'Empty', 0, 'Empty', '정밀 저격', '방어력 업', '전탄 발사형 필살기', 12.9, 13.8, 15.3, 20.7, 18.3, 13.5, '연방군의 계획 MS. RX-78 건담의 장갑 강화 타입으로서 계획된 기체이다. 일년전쟁 말기, 지온군도 빔 병기를 장비한 MS와 MA를 전선에 배치하게 되자 이에 대항하여 건담에 방어력 보강을 위한 증가 장갑을 설치하는 것을 기본 골자로한 계획이었다. 그러나 당시의 기술로는 RX-78계의 고기동성과 중장갑을 양립시키는 것은 불가능하였고, 개발은 난항에 부딪혔다. 결국 이 문제는 해결되지 못한 채 종전을 맞이해버려서, 계획 그 자체는 파기되었다.', '만능', 'off', 'off', 'off', 'on'),
(10003, 30, '훈련용 MS-A', 'C', '-', 'chi', 3, '빔 사벨', 31, '빔 스프레이건', 22, '발칸포', 0, 'Empty', 0, 'Empty', 0, 'Empty', '방어력 업', '공격력 업', '난무형 필살기', 7.8, 12.3, 6.3, 12.3, 6.3, 12.6, '「SD건담 캡슐파이터」에 처음 접속한 파이터에게 지급되는 훈련용 유닛. 에너지 소모 효율이 아주 좋고, 성장도 빠르지만 어디까지나 훈련용 유닛이기 때문에 우수한 성능은 기대하기 어렵다. 기본 성능은 <짐>을 모태로 하고 있기 때문에, 주무장은 빔 사벨과 빔 스프레이건, 그리고 발칸포이다.', '만능', 'off', 'off', 'off', 'off'),
(10004, 15, '육전형 건담', 'B', '-', 'ba', 3, '빔 사벨', 33, '100mm 머신건', 41, '180mm 캐논포', 0, 'Empty', 0, 'Empty', 0, 'Empty', '철벽수비 (B랭크)', '정밀 저격', '전탄 발사형 필살기', 11.7, 14.7, 12.3, 17.1, 11.4, 11.4, '연방군의 지상전용 양산 시작형 MS. RX-78 건담의 선행양산형으로, RX-78의 잉여 파츠를 사용하여 만들어진 육전용 기체이다. 양산형이긴하나, 루나 티타늄 합금의 장갑과 고출력 제네레이터를 탑재하여 우수한 성능을 지닌다. 지상에서의 여러 전투에 대응할 수 있도록 머신 건, 캐논포 등 무장의 바리에이션이 매우 풍부하며, 지상에서의 운용을 고려해서 발칸포는 가슴 부분으로, 빔 사벨은 다리 부분으로 위치를 변경한 것도 특징이다.', '지상', 'off', 'off', 'off', 'on'),
(10005, 25, '짐 스나이퍼 커스텀', 'C', '-', 'ba', 3, '빔 사벨', 31, '빔 건', 43, '저격용 빔 라이플', 0, 'Empty', 0, 'Empty', 0, 'Empty', '정밀 저격', '통신지휘', '맵 병기형 필살기', 8.4, 9.3, 12.3, 12.3, 13.8, 9.3, '연방군의 범용 양산형 MS. RGM-79 짐의 성능 향상 기체로서, 기체의 추진력과 기동성이 한층 강화되어 있다. 또한 고출력 제네레이터를 탑재하여 빔 라이플의 사용이 가능하게 되었다. 이 고출력의 빔 라이플은 성능이 우수하여 저격에 뛰어난 성능을 보였고, 실제로 지구연방의 탑 에이스들은 이 기체로 격추수를 많이 올렸다고 한다. 하지만 생산 단가가 높아, 일년전쟁 말기에 소수만 생산되어 베테랑들에게 지급되었다.', '만능', 'off', 'off', 'off', 'on'),
(10006, 9, '건담 (트윈 바주카)', 'B', 'R', 'ba', 1, '격투', 34, '트윈 바주카', 22, '발칸포', 0, 'Empty', 0, 'Empty', 0, 'Empty', '확장 부스터', '2번 무기 무한사격 (B랭크)', '전탄 발사형 필살기', 12, 15.3, 12.3, 18.6, 15.3, 15.6, '연방군의 범용 시작형 MS인 「건담」의 바주카 무장 형태이다. 「빔 라이플」대신에 「하이퍼 바주카」를 양 팔에 장비하고 있어, 중장거리전에서의 화력을 더욱 강화시키고 있다.', '만능', 'off', 'off', 'off', 'off'),
(10007, 17, '건캐논', 'C', '-', 'ba', 1, '격투', 32, '빔 라이플', 41, '240mm 캐논포', 0, 'Empty', 0, 'Empty', 0, 'Empty', '정밀 저격', '공격력 업', '전탄 발사형 필살기', 8.7, 9.3, 9.3, 11.1, 13.8, 9.3, '연방군의 포격전용 시작형 MS. RX시리즈의 ２번째 기종에 해당하는 기체로 중거리지원이 주된 임무이다. 240mm 캐논 ２문과 빔 라이플등 장거리 무장은 풍부하다. 건담에 비해 기동성이 뒤떨어지나, 장갑이 두꺼워서 실드는 장비하고 있지 않다. 화이트베이스에 배치된 시작기의 전과가 높았기 때문에 1년전쟁 후기에는 소수가 생산되어 실전에 투입되었다고 한다.', '만능', 'off', 'off', 'off', 'on'),
(10008, 19, '건탱크', 'C', '-', 'ba', 1, '격투', 36, '4연장 팝 미사일', 41, '120mm 저반동 캐논포', 0, 'Empty', 0, 'Empty', 0, 'Empty', '정밀 저격', '리로드 업', '전탄 발사형 필살기', 8.4, 7.8, 9.3, 9.9, 13.8, 9.3, '연방군의 포격전용 시작 MS. RX시리즈 중 최초로 개발된 기체로서 장거리 포격전이 주된 임무이다. 120mm 저반동 캐논 2문을 장비하고 건담, 건캐논의 후방지원을 담당했다. 보행 시스템이 없어서 캐터필러로 주행하고, 소형 반응로 역시 탑재할 수 없었기 때문에 가스 터빈 엔진으로 구동하는 등, MS 본래의 범용성은 낮은 편이었다. 당초에는 조종수와 포수 2명이 탑승하는 복좌기였으나 후에 1인승으로 개조된다.', '만능', 'off', 'off', 'off', 'on'),
(10009, 22, '육전형 짐', 'C', '-', 'chi', 3, '빔 사벨', 33, '100mm 머신건', 36, '미사일 런처', 0, 'Empty', 0, 'Empty', 0, 'Empty', '방어력 업', '통신지휘', '난무형 필살기', 9.9, 12.3, 12.3, 12.3, 9.3, 12.6, '연방군의 지상전용 양산형 MS. RGM-79 짐의 선행 양산형으로서, 지상에서의 전투용으로 개발되었다. 무장은 육전형 건담과 공용이지만, 제네레이터 출력이 낮기 때문에 빔 라이플의 사용은 불가능하다. 육전형 건담과 동시에 개발이 진행되어서인지, RX계열의 부품을 공유하고 있다. 그 때문에 후에 양산된 짐 보다 성능은 높고, 기술적으로는 오히려 건담 계열에 가깝다. 소수가 생산되어 지온군의 위협이 큰 지역에 우선 배치되었다.', '지상', 'off', 'off', 'off', 'off'),
(10010, 28, '한랭지전용 짐', 'C', '-', 'chi', 3, '빔 사벨', 33, '머신건', 22, '발칸포', 0, 'Empty', 0, 'Empty', 0, 'Empty', '통신지휘', '장갑 관통', '난무형 필살기', 9.6, 10.8, 12.3, 11.1, 10.8, 12.6, '연방군의 지상전용 양산형 MS. RGM-79 짐의 후기 생산형에 속하는 기체로, 한랭 지역 작전을 목적으로 개발되었다. 빙결대책, 동결방지와 방한처리 등 한랭지 사양의 튜닝이 충실하며, 란드셀을 여유롭게 설계해서 대기 상태에서의 에너지 소비효율을 좋게 하였다. 또한, 이 기체는 일년전쟁 당시의 지상용 MS 중에서 가장 뛰어난 통신 능력을 갖추고 있는데, 폭풍이 몰아치는 한랭지의 날씨는 수일간이나 지속되는 경우가 많아서, 통신 능력 자체가 부대의 생존성과 직결되기 때문이라고 한다.', '지상', 'off', 'off', 'off', 'off'),
(10011, 14, '알렉스', 'B', '-', 'chi', 3, '빔 사벨', 32, '빔 라이플', 22, '90mm 개틀링건', 0, 'Empty', 0, 'Empty', 0, 'Empty', '철벽수비 (B랭크)', '공격력 업', '난무형 필살기', 12.3, 16.8, 15.3, 19.2, 12.3, 14.4, '연방군의 뉴타입 전용 시작형 MS. 당초는 RX-78「건담」의 시작４호기로서 개발되었으나, 뉴타입의 존재가 중요시되면서 뉴타입 전용기로 개수되었다. 사이코뮤는 탑재되어 있지 않지만, 마그넷 코팅 처리와 아포지 모터의 증설로 기체의 추종성을 높였으며, 장갑 강화 플랜의 일환으로 「초범 아머」도 도입하고 있다. 파일럿은 화이트베이스의 아무로 레이로 예정되어 있었으나, 사이드6에서 지온군 특무부대와의 전투로 손상, 그대로 종전을 맞이해 버렸다.', '만능', 'off', 'off', 'off', 'off'),
(10012, 11, '건담 Ez8', 'B', '-', 'chi', 3, '빔 사벨', 33, '100mm 머신건', 34, '하이퍼 바주카', 0, 'Empty', 0, 'Empty', 0, 'Empty', '방어력 업', '공격력 업', '난무형 필살기', 11.4, 13.8, 15.3, 17.7, 13.8, 14.4, '연방군의 육전용 MS. 전투에서 크게 파손된 육전형 건담을 계속 수리해가면서 커스터마이즈한 기체다. 원래 육전형 건담은 수리 부품이 항상 부족하여, 수리할 때 육전용 짐 등의 부품을 사용하는 일도 많아 결과적으로 본기체와 같은 커스텀 타입이 다수 나왔다. 가슴 부분에 대 보병용 발칸, 머리 부분에 기관포가 신설되었으며, 장갑 형상의 변경으로 내탄성의 향상과 경량화를 꾀했다. 「Ez8」는「Extra-Zero-8」의 약칭으로「이지에이트」라 불린다.', '지상', 'off', 'off', 'off', 'off'),
(10013, 13, '블루 데스티니 1호기', 'B', '-', 'chi', 3, '빔 사벨', 33, '100mm 머신건', 36, '흉부 미사일', 0, 'Empty', 0, 'Empty', 0, 'Empty', '노련한 레인저', 'EXAM 강제발동', '난무형 필살기', 11.4, 13.8, 15.3, 19.2, 13.8, 14.4, '연방군의 시작실험 MS. 육전형 건담을 개수한 EXAM 시스템의 실험기이다. 무장은 육전형 건담의 것을 유용했지만 몸체 내에 유선 미사일이 장착되어 있는 것이 특징이다. 뉴타입의 정신 패턴을 넣은 MS용 컴퓨터 시스템으로 기동시켜 뉴타입과 동등한 수준의 전투 능력을 얻을 수 있는 EXAM 시스템이지만, 시스템이 극히 불안했다. 이 기체도 실험중에 폭주, 아군 짐 소대를 습격하는 사건을 일으켰다. 그 때문에 시스템에는 리미터를 설정해, EXAM 시스템의 가동시간을 제한했다.', '지상', 'off', 'off', 'off', 'off'),
(10014, 4, 'G-3 건담', 'A', '-', 'muk', 3, '빔 사벨 2도류', 32, '빔 라이플', 22, '발칸포', 0, 'Empty', 0, 'Empty', 0, 'Empty', '공격력 업', '뉴타입 각성 (A랭크)', '난무형 필살기', 12.9, 12.3, 18.3, 22.2, 19.8, 19.5, '연방군의 범용 시작형 MS. RX-78 건담의 시작3호기다. 테스트를 위해 사이드7에 반입되었으나, 지온군의 습격을 받고 약간 파손되어 화이트 베이스에 회수되었다. 그 후 루나2 기지의 시설에 인도되어 수리를 거쳐 마그넷 코팅 처리의 실험기가 된다. 패러럴 월드인 소설판「기동전사 건담」에서는 아무로가 직접 탑승하여 샤아와 최종 결전을 벌인 기체로 묘사되고 있다. 우주 위장용 미채색으로 도장되어 있는 것이 특징.', '만능', 'off', 'off', 'off', 'off'),
(10015, 6, '퍼펙트 건담', 'A', '-', 'ba', 3, '빔 사벨', 32, '2연장 핸드 빔건', 41, '숄더 360mm 로켓포', 0, 'Empty', 0, 'Empty', 0, 'Empty', '공격력 업', '필살기 각성', '전탄 발사형 필살기', 13.5, 15.3, 15.3, 21.3, 16.8, 13.5, '연방군의 계획 MS. RX-78 건담의 성능 향상안의 하나로 기체 성능의 최대화를 목적으로 설계되었다. 주무장은 2연장 빔 건과 오른쪽 어깨에 대형 로켓포, 실드 뒤에는 우주 기뢰 ４기를 장비한다. 허리 부분과 가슴 부분의 장갑을 강화했지만 고출력 타입의 백팩과 허리부분의 버니어 증설로 기동성은 오히려 향상되었다. 정말 퍼펙트라는 이름에 걸맞는 기체지만, 개발 경위나 스펙 등에 대해서는 거의 알 수 없으며 그 존재가 의문시된 경우도 적지 않다.', '만능', 'off', 'off', 'off', 'on'),
(10016, 20, '볼', 'C', '-', 'ba', 1, '크로', 34, '120mm 저반동 캐논포 (小)', 41, '120mm 저반동 캐논포 (大)', 0, 'Empty', 0, 'Empty', 0, 'Empty', '정밀 저격', '공격력 업', '난무형 필살기', 8.7, 10.8, 12.3, 17.1, 9.3, 10.5, '연방군의 우주용 전투 포드. 선행 양산형 볼을 개수하여 한층 더 구조를 단순화한 것으로, 무장은 건탱크의 주포를 개수한 120mm 저반동 캐논포 1문과 크로 형태의 매니퓰레이터뿐이다. MS와 비교하면 기동력, 장갑은 명백히 부족하지만, 생산성은 극히 높으며 파일럿의 양성도 쉬운 장점이 있다. MS개발까지 임시 병기로서 다수 생산되어, 짐의 후방 지원을 담당했다.', '우주', 'off', 'off', 'off', 'on'),
(10017, 27, '짐 캐논', 'C', '-', 'ba', 1, '격투', 32, '빔 라이플', 41, '240mm 캐논포', 0, 'Empty', 0, 'Empty', 0, 'Empty', '정밀 저격', '방어력 업', '전탄 발사형 필살기', 8.7, 9.3, 9.3, 9.9, 12.3, 9.3, '연방군의 포격용 양산형 MS. RGM-79 짐을 포격전용으로 재설계했던 기체로, 240mm 캐논 1문을 장비하고 있다. 본래 포격지원용 MS는 RX-77 건캐논으로 충당할 예정이었지만, 생산이 지연된 관계로 급히 RGM-79를 개수, 개발된 것이 본 기체이다. 1년 전쟁 말기, 지상에서의 소탕 작전에 선행 생산기가 투입되어 어느 정도의 전과를 올리긴 했으나 기체의 밸런스가 나쁜 편이라 총 생산수는 소수에 그치고 말았다.', '만능', 'off', 'off', 'off', 'on'),
(10019, 26, '짐 스나이퍼II', 'C', '-', 'ba', 1, '격투', 33, '90mm 머신건', 43, '저격 라이플', 0, 'Empty', 0, 'Empty', 0, 'Empty', '기동성 업', '정밀 저격', '맵 병기형 필살기', 8.7, 7.8, 12.3, 13.5, 15.3, 9.3, '연방군의 범용 양산형 MS. 「짐 커맨드」를 베이스로 개발된 고성능 기체로 계통적으로는 「짐 스나이퍼 커스텀」의 발전형에 해당한다. 루나 티타늄 합금 소재의 장갑, 강화된 드러스터, 원거리 저격용 바이저 레이저 센서와 전자 광학식 고배율 카메라 등등, 양산기로서는 성능이 한계까지 끌어올려져 있다. 1년전쟁의 짐 시리즈 중에서 가장 우수한 기체라고 할 수 있으나, 사이드6에서는 캠퍼 1기의 일격에 격파되는 수모를 당하기도…', '만능', 'off', 'off', 'off', 'on'),
(10020, 10, '건담 (하이퍼 해머)', 'B', 'S', 'muk', 3, '빔 사벨', 1, '하이퍼 해머 회전 공격', 1, '하이퍼 해머', 0, 'Empty', 0, 'Empty', 0, 'Empty', '뉴타입 각성 (B랭크)', '저력발동', '난무형 필살기', 13.8, 18.3, 15.3, 19.2, 13.8, 18.6, '연방군의 범용 시작형 MS인 「건담」의 해머 무장 형태이다. 중거리 무기는 일체 장비하지 않고,「빔 사벨」과 「하이퍼 해머」만을 장비하여 근접 전투에서의 공격력을 극대화로 끌어내고 있다.', '만능', 'off', 'off', 'off', 'off'),
(10021, 1, '건담 시작 3호기', 'S', '-', 'ba', 3, '대형 빔 사벨', 32, '빔 라이플', 42, '메가 빔포', 36, '대형 집속 미사일', 36, '마이크로 미사일 콘테이너', 0, 'Empty', 'I필드', '코우의 집념', '난무형 필살기', 17.4, 24.3, 21.3, 22.8, 21.3, 10.5, '연방군의 우주용 공격형 기동병기. 연방군의 「건담개발 계획」과 관련하여 개발된 기체로 MS 「스테이멘」과 암드베이스「오키스」로 구성,「MS의 범용성과 MA의 공격력을 겸비한 기동병기」라는 컨셉에 의해 개발되었다. 무장은 메가 빔 포, 대형 빔 사벨, 폭도색, 각종 미사일 등 다양하며, 더욱이 I 필드 발생 장치까지도 장비하고 있다. 높은 기동성을 지니며, 전투 능력은 MS 1 개 대대에게 필적한다. 데라즈 분쟁 시, 콜로니 낙하를 막기위해 실전 투입되어 큰 전과를 올렸다.', '우주', 'on', 'off', 'on', 'on'),
(10022, 24, '짐', 'C', '-', 'chi', 3, '빔 사벨', 31, '빔 스프레이건', 34, '바주카', 0, 'Empty', 0, 'Empty', 0, 'Empty', '노련한 레인저', '리로드 업', '난무형 필살기', 9.3, 9.9, 12.3, 12.3, 10.2, 12.6, '연방군의 범용 양산형 MS. 건담의 양산형으로 생산성을 중시했기 때문에 기체의 성능은 낮게 조정되어 있다. 빔 라이플은 장비할 수 없지만, 저출력 빔 병기의 사용은 가능했기 때문에 지온군의 MS에 대해 무장 면에서는 우위에 서있었다. 일년전쟁 후기의 반격작전의 주력병기로서 우주요새의 공략작전에 대량 투입되었다. 기체의 기본 설계 자체는 매우 우수하여, 후에 수많은 바리에이션으로 파생된다.', '만능', 'off', 'off', 'off', 'off'),
(10023, 18, '건캐논 (스프레이 미사일)', 'C', 'R', 'chi', 1, '격투', 32, '빔 라이플', 36, '스프레이 미사일 런처', 0, 'Empty', 0, 'Empty', 0, 'Empty', 'V백신', '방어지휘', '전탄 발사형 필살기', 10.5, 13.8, 9.3, 12.3, 10.8, 13.5, '연방군의 포격전용 시작형 MS인 「건캐논」의 무장 변경 형태이다. 어깨의 「240mm 캐논」이 「스프레이 미사일 런처」로 교체된 점이 가장 눈에 띈다. 「빔 라이플」도 장비하고 있기 때문에, 중거리지원 전력으로서도 부족함이 없다고 할 수 있다.', '만능', 'off', 'off', 'off', 'off'),
(10024, 23, '육전형 짐 (빔 라이플)', 'C', 'R', 'ba', 3, '빔 사벨', 32, '빔 라이플', 36, '미사일 런처', 0, 'Empty', 0, 'Empty', 0, 'Empty', '리로드 업', '통신지휘', '전탄 발사형 필살기', 9.9, 12.3, 9.3, 13.5, 12.3, 13.5, '연방군의 지상전용 양산형 MS인 「육전형 짐」의 무장 변경 형태이다. 원래 제네레이터 출력이 낮아 빔 라이플의 사용이 불가능했던 육전형 짐에, 제한적이나마 빔 라이플의 사용이 가능하도록 출력 조정 커스터마이징을 가하였다. 그 결과 빔 라이플 자체의 우수한 성능은 발휘할 수 있었지만, 빔 재장전 시간이 오래 걸리는 단점도 함께 안고 말았다.', '지상', 'off', 'off', 'off', 'off'),
(10025, 16, '육전형 건담 (빔 라이플)', 'B', 'R', 'chi', 3, '빔 사벨', 32, '빔 라이플', 36, '미사일 런처', 0, 'Empty', 0, 'Empty', 0, 'Empty', '저력발동', '방어지휘', '난무형 필살기', 12.6, 16.8, 15.3, 17.7, 13.8, 15.6, '연방군의 지상전용 양산 시작형 MS인「육전형 건담」의 무장 변경 형태이다. 기존의「100mm 머신건」과 「180mm 캐논포」대신에 「빔 라이플」,「미사일 런처」를 장비하고 중거리 전투에 특화된 성능으로 약간 조정되어 있다.', '지상', 'off', 'off', 'off', 'off'),
(10026, 5, 'G-3 건담 (트윈 바주카)', 'A', 'R', 'chi', 1, '격투', 34, '트윈 바주카', 22, '발칸포', 0, 'Empty', 0, 'Empty', 0, 'Empty', '리로드 업', '저력발동', '전탄 발사형 필살기', 14.4, 18.3, 15.3, 22.8, 18.3, 17.4, '연방군의 범용 시작형 MS인 「G-3 건담」의 바주카 무장 형태이다. 「빔 라이플」대신에 「하이퍼 바주카」를 양 팔에 장비하고 있어, 중장거리전에서의 화력을 더욱 강화시키고 있다. 우주 위장용 미채색으로 도장되어 있는 것이 특징', '만능', 'off', 'off', 'off', 'off'),
(10027, 12, '건담 Ez8 (180mm 캐논)', 'B', 'R', 'ba', 3, '빔 사벨', 32, '빔 라이플', 41, '180mm 캐논', 0, 'Empty', 0, 'Empty', 0, 'Empty', '정밀 저격', '방어지휘', '전탄 발사형 필살기', 12.9, 16.2, 12.3, 18.6, 14.4, 12.6, '연방군의 육전용 MS인 「건담 Ez8」의 무장 변경 형태이다. 무장을 대폭 강화하여, 중거리 전투에서 빔 라이플을, 장거리 전투에서 180mm 캐논으로 대처할 수 있게 하였다.', '지상', 'off', 'off', 'off', 'on'),
(10029, 21, '볼 (수리장비)', 'C', 'S', 'chi', 1, '크로', 34, '120mm 저반동 캐논포', 23, '수리장비', 0, 'Empty', 0, 'Empty', 0, 'Empty', '방어력 업', 'V백신', '난무형 필살기', 4.5, 15.3, 12.3, 17.7, 9.3, 13.5, '연방군의 우주용 전투 포드인 「볼」의 수리장비 탑재 형태이다. 전투력은 낮지만, 수리장비로 아군 기체를 수리할 수가 있기 때문에 전략적인 가치가 높은 기체이다.', '우주', 'off', 'on', 'off', 'off'),
(10030, 147, '짐 캐논II', 'C', '-', 'ba', 3, '빔 사벨', 32, '짐 라이플', 41, '빔 캐논', 0, 'Empty', 0, 'Empty', 0, 'Empty', '정밀 저격', '방어력 업', '전탄 발사형 필살기', 9.6, 10.8, 9.3, 13.5, 12.3, 10.2, '연방군의 중거리 지원용 MS. 소량 생산된 양산형 건캐논의 데이터를 피드백시킨 지원용 기체로, 짐 캐논과 건캐논의 통합 기종이라 할 수 있다. 고출력 제네레이터를 탑재하고 있기 때문에 양 어깨의 캐논포는 실탄에서 빔 포로 업그레이드 되었고, 격투전을 대비해 빔 사벨도 장비되었다. 장갑으로는 초범 아머를 채용하여 내탄성을 상당히 올리고 있다. 극 중에서는 짐 커스텀과 함께 알비온의 주력 MS로서 활약했다.\r\n', '만능', 'off', 'off', 'off', 'on'),
(10031, 148, '짐 커스텀', 'C', '-', 'chi', 3, '빔 사벨', 33, '짐 라이플', 22, '발칸포', 0, 'Empty', 0, 'Empty', 0, 'Empty', '장갑 관통', '방어지휘', '난무형 필살기', 9.3, 11.4, 12.3, 13.5, 11.7, 12.6, '연방군의 범용 양산형 MS. 「RGM-79 짐」의 성능 향상형으로, 주로 에이스 파일럿용으로 배치된 기체다. 건담계 MS의 개발로 얻은 기술을 피드백 시킨 고레벨의 균형 잡힌 고성능기다. 그러나 고성능에 비해 생산 비용이 너무 높아 총 생산 대수는 극히 적었다. 한편으로는 우수한 밸런스를 가졌음에도 건담 특유의 실험기적 요소가 모두 배제되었기 때문에 ''별다른 특징이 없는 것이 특징인 기체''라고 평가되는 것이 아쉽다.', '만능', 'off', 'off', 'off', 'off'),
(10032, 134, '짐 커맨드 (우주전사양)', 'C', '-', 'muk', 3, '빔 사벨', 31, '빔 건', 22, '발칸포', 0, 'Empty', 0, 'Empty', 0, 'Empty', '기동성 업', '공격력 업', '난무형 필살기', 8.4, 9.9, 12.3, 14.7, 11.7, 15.6, '연방군의 양산형 MS. RGM-79 짐의 후기 생산형으로 양산 개량 타입이다. 짐 시리즈의 개발과 운용으로 얻은 데이터가 피드백되어 있기 때문에 통상기에 비해 다소 성능이 향상되어 있다. 기체의 사양대로 광범위한 우주 공간에서의 전투를 목적으로 배치되었으며, 백팩에 내장된 자세 제어 버니어의 수가 증가된 것을 제외하면 RGM-79G 짐 커맨드와 큰 차이는 없다. 무장은 짐과 공용이지만, 콜로니 방위용인 G형은 머신건을, 우주전용인 GS형은 빔건을 장비하는 경우가 많다.', '우주', 'off', 'off', 'off', 'off'),
(10034, 137, '볼 K형', 'C', '-', 'muk', 1, '크로', 41, '180mm 캐논', 1, '앵커 공격', 0, 'Empty', 0, 'Empty', 0, 'Empty', '방어력 업', '확장 부스터', '난무형 필살기', 10.8, 12.9, 12.3, 17.7, 11.7, 15.6, '연방군의 우주용 전투 포드. RB-79의 바리에이션 기체의 하나로 ''볼''의 대량생산에 앞서 그 효율성을 테스트 하기 위해 시험적으로 생산된 것이 ''볼 K형''이다. ''볼 K형''은 장갑을 강화하고 전쟁 수행을 위한 별도의 프로펠런트를 추가했으며, 180mm 캐논을 2개를 장착했다. 이 기체에 포함 된 매니퓰레이터와 앵커는 전투, 건설, 구조에 적합하게 설계 되었으며, 볼 파일럿 중 하나인 시로 아마다 소위는 지구 궤도에서 MS-06RD-4 ''고기동시험형 자쿠''를 격파하는 전과를 세워 유명해지기도 하였다.', '우주', 'off', 'off', 'off', 'off'),
(10035, 145, '건담 시작 1호기', 'B', '-', 'chi', 3, '빔 사벨', 32, '빔 라이플', 33, '90mm 머신건', 0, 'Empty', 0, 'Empty', 0, 'Empty', '리로드 업', '저력발동', '난무형 필살기', 11.4, 13.8, 15.3, 18.6, 13.8, 14.4, '연방군의 범용 시작형 MS. 연방군의 차기 주력 MS개발 플랜인「건담 개발 계획」의 시작형 건담 중 하나로, 아나하임사가 개발을 담당했다. ''범용 인간형 병기로서 성능을 극한까지 끌어내는 것''을 컨셉으로, 각종 파츠를 변경 장착해 어느 전장에도 대응 할 수 있도록 설계되었다. 데이터 회수와 범용성 향상을 위해 개량형 코어 블록 시스템을 채용한 점이 특징이며, 백병전과 격투전이 특기이기 때문에 무장은 빔 사벨과 빔 라이플 등 평범하다. 애칭은「제피랜서스(Zephyranthes)」', '지상', 'off', 'off', 'off', 'off'),
(10037, 503, '짐 스나이퍼 커스텀 (CU)', 'C', 'U', 'ba', 3, '빔 사벨', 31, '빔 건', 43, '저격용 빔 라이플', 0, 'Empty', 0, 'Empty', 0, 'Empty', '정밀 저격', '통신지휘', '맵 병기형 필살기', 9.9, 7.8, 12.3, 11.1, 16.8, 12.6, '연방군의 범용 양산형 MS. 2008년 5월 유저 응모 컨테스트 당선 유닛으로, 닉네임 ''뉴타입EX''가 디자인하였다. CU랭크의 「짐 스나이퍼 커스텀」은 일반 C랭크의 「짐 스나이퍼 커스텀」에서 컬러링만 변경된 것이 아니라, 약간의 스탯 향상도 이루어져있다.', '만능', 'off', 'off', 'off', 'on'),
(10038, 506, '육전형 짐 (CU)', 'C', 'U', 'chi', 3, '빔 사벨', 33, '100mm 머신건', 36, '미사일 런처', 0, 'Empty', 0, 'Empty', 0, 'Empty', '방어력 업', '통신지휘', '난무형 필살기', 11.1, 14.1, 12.3, 11.1, 7.5, 12.6, '연방군의 지상전용 양산형 MS. 2008년 8월 유저 응모 컨테스트 당선 유닛으로, 닉네임 ''건담430호''가 디자인하였다. CU랭크의 「육전형 짐」은 일반 C랭크의 「육전형 짐」에서 컬러링만 변경된 것이 아니라, 약간의 스탯 조정도 이루어져있다.', '지상', 'off', 'off', 'off', 'off'),
(10039, 507, '육전형 건담 (빔 라이플) (BU)', 'B', 'U', 'chi', 3, '빔 사벨', 32, '빔 라이플', 36, '미사일 런처', 0, 'Empty', 0, 'Empty', 0, 'Empty', '저력발동', '돌격지휘', '난무형 필살기', 11.4, 13.8, 12.3, 18.6, 16.8, 16.5, '연방군의 지상전용 양산 시작형 MS. 2008년 8월 유저 응모 컨테스트 당선 유닛으로, 닉네임 ''비욘드타임''이 디자인하였다. BU랭크의 「육전형 건담 (빔 라이플)」은 일반 BR랭크의 「육전형 건담 (빔 라이플)」에서 컬러링만 변경된 것이 아니라, 약간의 스탯 조정도 이루어져있다.\r\n', '지상', 'off', 'off', 'off', 'off'),
(10040, 29, '한랭지전용 짐(수리장비)', 'C', 'S', 'chi', 3, '빔 사벨', 33, '머신건', 23, '수리장비', 0, 'Empty', 0, 'Empty', 0, 'Empty', '방어력 업', '장갑 관통', '난무형 필살기', 5.7, 13.8, 12.3, 12.3, 10.8, 13.5, '연방군의 지상전용 양산형 MS 인 「한랭지전용 짐」 수리장비 탑재 형태이다. 전투력은 낮지만, 수리장비로 아군 기체를 수리할 수가 있기 때문에 전략적인 가치가 높은 기체이다.', '지상', 'off', 'on', 'off', 'off'),
(10041, 508, '짐 캐논 (CU)', 'C', 'U', 'ba', 1, '격투', 32, '빔 라이플', 41, '240mm 캐논포', 0, 'Empty', 0, 'Empty', 0, 'Empty', '정밀 저격', '방어력 업', '전탄 발사형 필살기', 9.6, 9.3, 9.3, 8.1, 12.3, 10.5, '연방군의 포격용 양산형 MS. 2008년 9월 유저 응모 컨테스트 당선 유닛으로, 닉네임  ''l시라이시미노루l'' 이 디자인하였다. CU랭크의 「짐 캐논」은 일반 C 랭크의 「짐 캐논」에서 컬러링만 변경된 것이 아니라, 약간의 스탯 조정도 이루어져있다.', '만능', 'off', 'off', 'off', 'on'),
(10042, 146, '건담 시작 2호기', 'B', 'S', 'chi', 3, '빔 사벨', 22, '발칸포', 1, '쉴드 공격', 0, 'Empty', 0, 'Empty', 0, 'Empty', '확장 부스터', '근접 방어 강화', '전탄 발사형 필살기', 12, 16.8, 30.3, 20.1, 15.3, 14.4, '연방군 특수 공격용 시작형 MS. 연방군의 차기 주력 MS 개발플랜「건담 개발 계획」으로 개발된 시작형 건담의 하나로「핵 공격이 가능한 강습형 MS」를 컨셉으로 개발한 기체이다. 아토믹 바주카로 발사할 수 있는 핵탄두 Mk-82는 전략핵 수준의 파괴력을 가지고 있으며, 양 어깨의 버니어에 의해 높은 기동성을 유지하고 있다. 극중에서는 핵탄두 장비를 위해 트링턴 기지로 수송되었으나, 핵이 장비된 상태에서 지온 잔당에 의해 탈취되어 연방군 규탄에 사용되고 만다.', '만능', 'off', 'off', 'off', 'off'),
(10044, 322, 'V건담', 'A', '-', 'muk', 3, '빔 사벨', 32, '빔 라이플', 22, '발칸포', 0, 'Empty', 0, 'Empty', 0, 'Empty', '저력발동', '공격력 업', '난무형 필살기', 12.9, 13.8, 18.3, 21.3, 18.3, 19.5, '리가 밀리티어의 범용 가변형 MS. 범용성과 운용성을 중시해서 설계된 ''멀티플 MS''로 분리 합체 변형 기구를 갖추고 있으며 전투 상황에 따라 유연한 운용이 가능하다. 또 신형인 미노프스키 플라이트 시스템을 탑재하고 있어, 중력 하에서도 상당히 높은 비행 성능을 발휘할 수 있다. 더구나 기체의 기본 성능도 상당히 높고 게릴라적 운용을 상정해서 개발되었기 때문에 정비성도 양호하다. 잔스칼 전쟁 중반에 생산이 개시되어, 후기에는 바리에이션 기체도 포함하여 상당수가 실전에 투입되었다.', '만능', 'off', 'off', 'off', 'off'),
(10046, 605, '육전형 건담 (짐 헤드)', 'C', 'R', 'muk', 3, '빔 사벨', 32, '빔 라이플', 41, '180mm 캐논포', 0, 'Empty', 0, 'Empty', 0, 'Empty', '확장 부스터', '3번 무기 무한사격(C랭크)', '난무형 필살기', 12.3, 12.3, 12.3, 11.1, 9.3, 12.6, '연방군의 육전용MS. 두부를 파괴당한 육전형 건담을 육전형 짐의 파츠를 유용하여 수리한 기체이다. 육전형 건담의 교환 파츠는 항상 부족하여, 현장에서는 이러한 응급조치 사례가 적지 않았다.', '지상', 'off', 'off', 'off', 'off'),
(10047, 324, 'V건담 헥사', 'A', 'R', 'muk', 3, '야츠데 빔 사벨', 32, '빔 피스톨', 3, '야츠데 빔 사벨', 0, 'Empty', 0, 'Empty', 0, 'Empty', '통신지휘', '고성능OS (A랭크)', '난무형 필살기', 14.4, 18.3, 18.3, 21.3, 18.3, 20.7, '리가 밀리티어의 범용가변 MS. V건담의 마이너 체인지기로서 센서와 통신기능을 강화한 기체이다. 머리 부분이 신형으로 환장되어 있고, 고성능 안테나와 복합 센서 등을 장비하고 있다. 기체 그 자체는 V건담과 동일하여, 무장 및 각종 파츠 등도 공용으로 활용 할 수 있다. 당초에는 지휘관기로서 오리파 이노에 등이 탑승하였지만, 후에는 V타입의 주력으로 양산되어, 신 슈라크 부대의 탑승기가 되었다.', '만능', 'off', 'off', 'off', 'off'),
(10048, 325, 'V대쉬 건담', 'A', 'S', 'ba', 3, '빔 사벨', 42, '빔 스마트 건', 42, '오버행 캐논', 0, 'Empty', 0, 'Empty', 0, 'Empty', '리로드 업', '철벽수비 (A랭크)', '맵 병기형 필살기', 14.4, 18.3, 18.3, 22.2, 18.3, 14.4, '리가 밀리티어의 범용 가변강화형 MS. V건담에 우주용 백팩을 [오버행 팩]을 장비한 기체이다. 우주에서의 기동성이 대폭 향상하였으며, 잔스칼 제국의 우주용 MS 에도 뒤떨어지지 않는 기체가 되었다. 또 등 부분에 오버행 캐논의 위력은 전함의 주포에도 필적하며, 화력 향상도 눈에 띄게 좋아졌다. 주 파일럿은 웃소 에빈.', '만능', 'off', 'off', 'off', 'off'),
(10049, 328, '건담 F91', 'S', '-', 'ba', 22, '흉부 메가 머신 캐논', 32, '빔 라이플', 42, '베스바', 3, '빔 사벨 (2도류)', 34, '빔 런처', 0, 'Empty', '공격력 업', '바이오 컴퓨터', '맵 병기형 필살기', 14.7, 18.9, 21.3, 26.7, 19.2, 15.6, '연방군의 범용 시작형 MS. 사나리의 MS 소형화 계획의 집대성이 된 MS다. 고출력 제네레이터의 탑재로 베스바와 빔 실드와 같은 강력한 빔 무기의 장비가 가능하며, ''MCA 구조''를 채용하고 있기 때문에, 소형 MS의 스케일을 훨씬 뛰어넘는 성능을 발휘할 수 있다. 또한 조종 보조 시스템으로서 ''바이오 컴퓨터''를 탑재, 기체의 추종성은 상당히 높다. 최대 출력 시, 냉각 과정에서 발생하는 금속 박리 효과에 의해 잔상이 발생하여 분신하고 있는 듯한 효과를 얻을 수 있다.', '만능', 'on', 'off', 'off', 'off'),
(10052, 603, '짐 스나이퍼', 'C', 'R', 'ba', 3, '빔 사벨', 32, '저격용 빔 라이플 (저출력)', 43, '저격용 빔 라이플 (고출력)', 0, 'Empty', 0, 'Empty', 0, 'Empty', '정밀 저격', '방어력 업', '맵 병기형 필살기', 9.3, 7.8, 12.3, 13.5, 15.3, 10.5, '연방군의 육전용 양산형 MS. 짐 시리즈의 선행 양산기 [육전형 짐]의 저격 사양 타입이다. 육전형 짐에 롱 레인지 빔 라이플을 장비한 기체이며, 나중에 개발된 스나이퍼 시리즈와 같은 특수한 개조는 되어있지 않다. 빔 라이플은 시작품이기 때문에, 최대출력으로 발사하기 위해서는 외부 제네레이터와의 접속과 대량의 냉각제가 필요하다. 다른 기체와의 식별을 위해, 녹색 계열의 도장이 칠해져 있는 것이 특징이다.', '지상', 'off', 'off', 'off', 'on'),
(10053, 515, '파워드 짐 (CU)', 'C', 'U', 'muk', 3, '빔 사벨', 33, '90mm 머신건', 34, '하이퍼 바주카', 0, 'Empty', 0, 'Empty', 0, 'Empty', '기동성 업', '확장 부스터', '난무형 필살기', 8.7, 12.3, 6.3, 19.2, 9.3, 15.6, '연방군의 양산형 커스텀 MS.「건담 개발계획」과 관련해서 개발된 시작기의 하나로서, 짐改의 개수기이다. 짐 계열의 기체성능 한계의 조사가 목적인 테스트 기체이기 때문에, 정식 형식번호는 갖고 있지 않다. 2009년 3월 유저 응모 컨테스트 당선 유닛으로, 닉네임  "잎사귀" 가 디자인하였다. CU랭크의 「파워드 짐」은 일반 C 랭크의 「파워드 짐」에서 컬러링만 변경된 것이 아니라, 약간의 스탯 조정도 이루어져있다.', '지상', 'off', 'off', 'off', 'off'),
(10055, 342, 'V2 버스터 건담', 'S', '-', 'ba', 36, '마이크로 미사일 포드', 21, '스프레이 빔 포드', 42, '메가 빔 캐논', 3, '빔 사벨', 42, '메가 빔 라이플', 0, 'Empty', '리로드 업', '승리의 빅토리 (버스터)', '맵 병기형 필살기', 15.9, 21.3, 21.3, 27.6, 16.8, 14.4, 'V2건담에 포격전용의 중공격형 옵션을 장비한 기체. 주로 대함공격을 상정하고 있으며, 중장거리 공격에 비중을 두어 화력이 강화되어 있다. 스프레이 빔 포드 등 강력한 빔 병기를 장비하고 있으며, 장갑 각 부에 마이크로 미사일 포드를 갖추고 있다. 공격력에 있어서는 뛰어난 기체지만 기동성, 운동성이 저하되어 있기 때문에 접근전 성능은 높지 않다.', '만능', 'on', 'off', 'off', 'off'),
(10056, 343, 'V2 어설트 건담', 'S', '-', 'muk', 3, '빔 사벨', 42, '메가 빔 라이플', 23, '메가 빔 쉴드', 32, '빔 라이플 (연사)', 42, '베스바', 0, 'Empty', '방어력 업', '승리의 빅토리 (어설트)', '난무형 필살기', 14.4, 19.8, 21.3, 25.8, 18.3, 21.6, 'V2 건담에 돌격, 백병전용의 증가장갑 옵션을 장비한 기체. 그 이름대로 강습형 사양이며 화력과 장갑이 크게 강화되었다. I필드 발생기와 메가 빔 쉴드를 가지고 있으며, 증가장갑에는 내 빔 코팅까지 갖춰져 있어 지극히 견고한 방어력을 가진 기체가 되었다. 또 허리 부분에는 베스바 2기를 장비하고 있어서 화력도 놀라울 정도로 충실하다. 파일럿은 웃소 에빈.', '만능', 'on', 'off', 'off', 'off'),
(10059, 617, '프로토타입 건담', 'B', 'R', 'chi', 3, '빔 사벨', 32, '빔 라이플', 23, '슈퍼 네이팜', 0, 'Empty', 0, 'Empty', 0, 'Empty', '리로드 업', '공격력 업', '난무형 필살기', 11.4, 15.3, 15.3, 18.6, 15.3, 18.6, '연방군의 범용 시작형 MS. [V작전]에 의해 개발된 RX-78건담의 시작 1호기 이다. 기체의 기본적인 성능은 2호기와 다르지 않다. 사이드 7에서의 테스트 도중 지온 군 MS부대의 습격을 받아 대파 당한다. 그 후 기밀유지를 위해 아군에 의해 파손 처리되었다. 그러나 본 기체로 인해 얻게 된 빔 병기의 운용 데이터 등은 2호기에 반영되었다.', '만능', 'off', 'off', 'off', 'off'),
(10060, 620, '건담 시작 2호기 (MLRS)', 'B', 'R', 'ba', 3, '빔 사벨', 34, '빔 바주카', 36, 'MLRS', 0, 'Empty', 0, 'Empty', 0, 'Empty', '리로드 업', '돌격지휘', '전탄 발사형 필살기', 12.9, 15.3, 12.3, 19.2, 16.8, 12.6, '연방군 특수 공격용 시작형 MS. 연방군의 차기 주력 MS 개발플랜 [건담 개발 계획] 으로 개발된 시작형 건담 중 하나이다. 신기종개발은 기본개발 사상에 의해 전개 가능하도록, 복수의 플랜이 동시에 진행되었다. 그 중 하나가 다연장 로켓 시스템을 설치한 MLRS 사양(Multiple Launch Rocket System)이다. 이 장비는 거점과 대 MS 소대에 대해 중거리에서부터 제압을 하기 위한 지원폭격을 전제로 준비한 옵션이다.', '만능', 'off', 'off', 'off', 'off'),
(10061, 624, '블루 데스티니 2호기', 'B', '-', 'muk', 3, '빔 사벨', 32, '빔 라이플', 36, '흉부 미사일', 0, 'Empty', 0, 'Empty', 0, 'Empty', '확장 부스터', 'EXAM 강제발동', '난무형 필살기', 12.3, 15.3, 15.3, 19.2, 15.3, 17.4, '연방군의 시작실험 MS. EXAM 시스템의 운용시험을 위해 개발된 시작기의 2호기이다. 1호기와는 달리, 처음부터 육전형 건담을 베이스로 했기 때문에, 두부도 건담의 머리를 사용하고 있다. 성능면에서는 1호기와 큰 차이가 없지만, EXAM 시스템의 폭주를 억제하는 리미터가 설정되어 있지 않다. 본 기체는 크루스트 모제스박사의 시설에서 시스템의 테스트에 활용되고 있었지만, 시설이 지온 특수부대의 습격을 받았을 때에 탈취되었다.', '만능', 'off', 'off', 'off', 'off'),
(10062, 626, '블루 데스티니 3호기', 'B', 'R', 'chi', 3, '빔 사벨', 32, '빔 라이플', 36, '흉부 미사일', 0, 'Empty', 0, 'Empty', 0, 'Empty', '공격력 업', 'EXAM 강제발동', '전탄 발사형 필살기', 12.3, 15.3, 15.3, 19.2, 15.3, 15.6, '연방군의 시작시험 MS. EXAM시스템의 운용 시험을 위해 개발된 시작기 3호기이다. 성능적으로는 다른 시작기와 변함이 없지만, 급하게 실전에 투입 되었기 때문에 블루 계열의 도장이 칠해지지 않았다. 후에 우주전투용으로 개조되어 빔 라이플과 소형 미사일을 장비하고 있다. 대파한 1호기의 대체기로서 배치되어 2호기 탈환작전에 투입되었다. 지온 군의 EXAM 연구시설을 제압 후, 2호기와 교전한 결과 2호기와 3호기 모두 대파했다.', '만능', 'off', 'off', 'off', 'off'),
(10063, 627, '알렉스 (초밤 아머)', 'B', 'R', 'chi', 1, '격투', 32, '빔 라이플', 22, '발칸포', 3, '빔 사벨', 32, '빔 라이플', 22, '90mm 개틀링건', '리로드 업', '노련한 레인저', '난무형 필살기', 12.9, 19.8, 15.3, 17.1, 13.8, 14.4, '연방군의 뉴타입 전용 시작형 MS. 당초는 RX-78「건담」의 시작４호기로서 개발되었으나, 뉴타입의 존재가 중요시되면서 뉴타입 전용기로 개수되었다. 사이코뮤는 탑재되어 있지 않지만, 마그넷 코팅 처리와 아포지 모터의 증설로 기체의 추종성을 높였으며, 장갑 강화 플랜의 일환으로 「초밤 아머」도 도입하고 있다. 파일럿은 화이트베이스의 아무로 레이로 예정되어 있었으나, 사이드6에서 지온군 특무부대와의 전투로 손상, 그대로 종전을 맞이해 버렸다.', '만능', 'on', 'off', 'off', 'off'),
(10065, 633, '볼 (샤크마우스사양)', 'C', 'R', 'chi', 1, '크로', 34, '120mm 저반동 캐논포', 34, '120mm 저반동 캐논포', 0, 'Empty', 0, 'Empty', 0, 'Empty', 'V백신', '리로드 업', '전탄 발사형 필살기', 10.8, 12.3, 12.3, 17.1, 12.3, 14.4, '연방군의 우주용 전투 포트. 선행 양산형 볼을 개수하여 한층 더 구조를 단순화한 것. 무장은 건탱크의 주포를 개수한 120mm 저반동 캐논 1문이다. MS와 비교하면 기동력, 장갑은 명백히 부족하지만, 생산성은 극히 높으며 파일럿의 양성도 쉽다. MS개발까지 임시 병기로서 다수 생산되어 짐의 배치 후에는 그 지원을 담당했다. 구세기의 전투기 등을 모방한 [샤크 마우스 도장] 은, 실전 투입 초기 많은 파일럿으로부터 선호 받았고, 사기 또한 크게 높였다고 한다.', '우주', 'off', 'off', 'off', 'off'),
(10066, 637, '건담 (마그네틱 코팅)', 'A', '-', 'chi', 3, '빔 사벨', 32, '빔 라이플', 34, '하이퍼 바주카', 3, '빔 사벨', 32, '빔 라이플', 0, 'Empty', '리로드 업', '뉴타입 각성 (A랭크)', '전탄 발사형 필살기', 14.4, 16.8, 15.3, 21.3, 15.3, 16.5, '연방군의 범용 시작형 MS. RX시리즈의 3번째 기체로 연방군이 개발한 최초의 범용 MS다. 우주전부터 수중전, 대기권돌입 능력마저 갖춘 높은 범용성을 자랑한다. 사이드7에서 운용 시험 중 지온군의 습격을 받았으나, 우연히 탑승한 민간인에 의해 이를 격파. 그 압도적인 성능을 보여 주었다. 건담 (마그네틱 코팅) 은 빔 라이플과 하이퍼 바주카의 무장 구성으로 중거리 전에 특화된 건담의 베리에이션 유닛이다.', '만능', 'on', 'off', 'off', 'off'),
(10067, 638, '건담 (빔 쟈벨린)', 'B', 'R', 'muk', 3, '빔 쟈벨린', 32, '빔 라이플', 3, '빔 쟈벨린', 0, 'Empty', 0, 'Empty', 0, 'Empty', '공격력 업', '뉴타입 각성 (B랭크)', '난무형 필살기', 11.4, 16.8, 15.3, 18.6, 15.3, 18.6, '연방군의 범용 시작형 MS. RX시리즈의 3번째 기체로 연방군이 개발한 최초의 범용 MS다. 우주전부터 수중전, 대기권돌입 능력마저 갖춘 높은 범용성을 자랑한다. 사이드7에서 운용 시험 중 지온군의 습격을 받았으나, 우연히 탑승한 민간인에 의해 이를 격파. 그 압도적인 성능을 보여 주었다. 건담 (빔 쟈벨린) 은 빔 쟈벨린을 이용한 근접전에 특화된 건담의 베리에이션 유닛이다.', '만능', 'off', 'off', 'off', 'off'),
(10069, 522, '건담 Ez8 (BU)', 'B', 'U', 'chi', 3, '빔 사벨', 33, '100mm 머신건', 34, '하이퍼 바주카', 0, 'Empty', 0, 'Empty', 0, 'Empty', '고성능OS (B랭크)', '리로드 업', '난무형 필살기', 11.4, 12.3, 15.3, 17.7, 15.3, 14.4, '연방군의 육전용 MS. 전투에서 크게 파손된 육전형 건담을 계속 수리해가면서 커스터마이즈한 기체다. 원래 육전형 건담은 수리 부품이 항상 부족하여, 수리할 때 육전용 짐 등의 부품을 사용하는 일도 많아 결과적으로 본기체와 같은 커스텀 타입이 다수 나왔다. 2009년 11월 유저 응모 컨테스트 당선 유닛으로, 닉네임  "호당이" 가 디자인하였다. BU랭크의 「건담 Ez8 (BU)」은 일반 B 랭크의 「건담 Ez8」에서 컬러링만 변경된 것이 아니라, 약간의 스탯 조정도 이루어져있다.', '지상', 'off', 'off', 'off', 'off'),
(10070, 640, '건담+B파츠', 'B', 'R', 'muk', 3, '빔 사벨', 32, '빔 라이플', 1, '격투 콤보', 0, 'Empty', 0, 'Empty', 0, 'Empty', '공격력 업', '확장 부스터', '맵 병기형 필살기', 10.8, 16.8, 15.3, 18.6, 15.3, 20.1, 'RX-78건담의 운용 바리에이션의 하나로서, 건담의 상반신과 G파츠 B를 합체시킨 형태. 우주전에서 기동력 향상을 목적으로 하였다. 상반신이 건담의 상반신이기 때문에 빔 라이플과 실드를 사용한 전투도 가능하다. 지온 군의 MA [자쿠레로]의 기동력에 대항하기 위해 취한 형태이었지만, 기체의 밸런스가 좋지 않아 이후의 전투에서 이 형태를 취하는 일은 없었다.', '만능', 'off', 'off', 'off', 'off'),
(10071, 525, '건캐논 (CU)', 'C', 'U', 'ba', 1, '격투', 32, '빔 라이플', 41, '240mm 캐논포', 0, 'Empty', 0, 'Empty', 0, 'Empty', '정밀 저격', '방어력 업', '전탄 발사형 필살기', 9.3, 13.8, 9.3, 11.1, 9.3, 9.3, '연방군의 포격전용 시작형 MS. RX시리즈의 ２번째 기종에 해당하는 기체로 중거리지원이 주된 임무이다. 240mm 캐논 ２문과 빔 라이플등 장거리 무장은 풍부하다. 건담에 비해 기동성이 뒤떨어지나, 장갑이 두꺼워서 실드는 장비하고 있지 않다. 2009년 12월 유저 응모 컨테스트 당선 유닛으로, 닉네임  "DeathNightMare" 가 디자인하였다. CU랭크의 「건캐논 (CU)」은 일반 C 랭크의 「건캐논」에서 컬러링만 변경된 것이 아니라, 약간의 스탯 조정도 이루어져있다.', '만능', 'off', 'off', 'off', 'on'),
(10072, 434, '유니콘 건담', 'A', '-', 'chi', 3, '빔 사벨', 42, '빔 매그넘', 34, '하이퍼 바주카', 0, 'Empty', 0, 'Empty', 0, 'Empty', '리로드 업', '노련한 레인저', '난무형 필살기', 14.4, 16.8, 18.3, 21.3, 16.8, 16.5, '지구연방군의 위탁을 받아, 아나하임 일렉트로닉스사가 극비리에 진행하고 있던 [UC계획] 아래, 개발된 시작 MS. 전신이 순백으로 빛나는 기체에 머리 부분의 뿔이 특징. 통칭 유니콘. 그 기체에는 인류의 미래를 흔들 수 있다고 하는 비밀이 숨겨져 있다.', '만능', 'off', 'off', 'off', 'off'),
(10073, 435, '유니콘 건담 (NT-D)', 'S', '-', 'chi', 3, '빔 사벨', 42, '빔 매그넘', 22, '발칸포', 3, '빔 사벨', 42, '빔 매그넘', 34, '하이퍼 바주카', '노련한 레인저', 'NT-D', '난무형 필살기', 15.3, 21.3, 21.3, 25.8, 16.8, 18.6, 'NT-D라 불리는 시스템이 발동한, 유니콘 건담의 진정한 모습. 내부 프레임이 확장되어, 전신의 체형이 변모. 이것에 맞춰 장갑 이음새가 분리, 슬라이드 개방된다. NT-D발동 시에는 기체성능이 좋아지는데, 특히 기동성이 비약적으로 높아진다. 이 시스템은 탑승자의 임의가 아닌, 특정 조건을 만족하는 것으로 자동 발동하지만, 이 조건이 무엇인지는 아직까지 해명되지 않았다.', '만능', 'on', 'off', 'off', 'off'),
(10075, 437, '스타크 제간', 'C', 'R', 'muk', 3, '빔 사벨', 35, '하이퍼 바주카', 36, '3연장 미사일 포드', 0, 'Empty', 0, 'Empty', 0, 'Empty', '저력발동', '기동성 업', '난무형 필살기', 9.3, 10.8, 12.3, 14.7, 13.8, 15.6, '제간은 범용MS로서 매우 우수하고 안정성 높은 성능을 보인다. 군축시대였기 때문에 신규 MS개발보다도, 제간의 사양변경으로 대응하는 기본 방침이 채용되었다. 스타크 제간이라 불리우는 특무 사양기는 이런 정세 속에서 발생한 바리에이션 기체의 하나이다. 증가 장갑과 슬래스터의 추가에 의해 총체적인 성능향상이 꾀해지는 한편, 짐Ⅲ의 운용사상을 계승하는, 양 어깨에 지원용 미사일 런처 유닛(3연장 미사일 포드)를 장비하고 있다.', '만능', 'off', 'off', 'off', 'off'),
(10076, 446, '제간 (D형)', 'C', '-', 'chi', 3, '빔 사벨', 32, '빔 라이플', 22, '발칸포', 0, 'Empty', 0, 'Empty', 0, 'Empty', '공격력 업', '리로드 업', '난무형 필살기', 9.3, 12.3, 12.3, 12.3, 10.8, 12.6, 'U.C.0090년대 초반부터 지구연방군에서 운용되고 있는 주력 양산기. 지구연방군 짐 계열의 MS의 노하우와, 아나하임 일렉트로닉스사의 뛰어난 MS 개발기술이 융합한 걸작기이다. 그 높은 신뢰와 [샤아의 반란] 이후 지구연방정부의 군축경향에서, 이후 수년에 걸친 마이너 체인지를 반복하면서, 주력MS로 계속해서 운용되어 왔다.', '만능', 'off', 'off', 'off', 'off');
INSERT INTO `unit` (`UnitID`, `UnitNo`, `Model`, `RankPrefix`, `RankSuffix`, `Property`, `Weapon1No`, `Weapon1Name`, `Weapon2No`, `Weapon2Name`, `Weapon3No`, `Weapon3Name`, `Weapon4No`, `Weapon4Name`, `Weapon5No`, `Weapon5Name`, `Weapon6No`, `Weapon6Name`, `Skill1Name`, `Skill2Name`, `Skill3Name`, `UnitStat1`, `UnitStat2`, `UnitStat3`, `UnitStat4`, `UnitStat5`, `UnitStat6`, `Comment`, `Landform`, `Modification`, `Repair`, `Oversize`, `Sniping`) VALUES
(10078, 529, '짐 캐논II (CU)', 'C', 'U', 'ba', 3, '빔 사벨', 32, '짐 라이플', 41, '빔 캐논', 0, 'Empty', 0, 'Empty', 0, 'Empty', '정밀 저격', '방어력 업', '전탄 발사형 필살기', 10.5, 13.8, 9.3, 10.2, 10.8, 9.3, '연방군의 중거리 지원용 MS. 소량 생산된 양산형 건캐논의 데이터를 피드백시킨 지원용 기체로, 짐 캐논과 건캐논의 통합 기종이라 할 수 있다. 2010년 5월 유저 응모 컨테스트 당선 유닛으로, 닉네임  "LilimPollian" 가 디자인하였다. CU랭크의 「짐 캐논II (CU)」은 일반 C 랭크의 「짐 캐논II」에서 컬러링만 변경된 것이 아니라, 약간의 스탯 조정도 이루어져있다.', '만능', 'off', 'off', 'off', 'on'),
(10079, 641, '건담 Ez8 (극중버전)', 'B', 'S', 'muk', 3, '빔 사벨', 32, '100mm 머신건', 34, '하이퍼 바주카', 1, '격투', 22, '발칸포', 0, 'Empty', '방어지휘', '시로의 집념', '난무형 필살기', 12.9, 15.3, 15.3, 19.2, 15.3, 18.6, '연방군의 육전용 MS. 전투에서 크게 파손된 육전형 건담을 계속 수리해가면서 커스터마이즈한 기체다. 원래 육전형 건담은 수리 부품이 항상 부족하여, 수리할 때 육전용 짐 등의 부품을 사용하는 일도 많아 결과적으로 본기체와 같은 커스텀 타입이 다수 나왔다. 가슴 부분에 대 보병용 발칸, 머리 부분에 기관포가 신설되었으며, 장갑 형상의 변경으로 내탄성의 향상과 경량화를 꾀했다. 「Ez8」는「Extra-Zero-8」의 약칭으로「이지에이트」라 불린다.', '지상', 'on', 'off', 'off', 'off'),
(10081, 461, '비기나 기나', 'A', '-', 'chi', 3, '빔 사벨', 32, '빔 라이플', 34, '빔 런쳐', 0, 'Empty', 0, 'Empty', 0, 'Empty', '저력발동', '리로드 업', '전탄 발사형 필살기', 14.4, 16.8, 15.3, 21.3, 16.8, 16.5, '크로스본 뱅가드의 시작형 MS. 베르가 시리즈의 후속기에 해당하는 지위관용 기체. 베르가 시리즈 에서 실용화한 셸프노즐을 개량한 핀노즐을 등에 장착하고 있다. 8개의 독립형 가동식 드러스터를 통해 극한 운동성을 가지고 있다. 사격전투 중심의 기체로서 중거리전 위주의 전투를 주로 하는 기체이다.', '만능', 'off', 'off', 'off', 'off'),
(10082, 821, '리젤', 'B', '-', 'ba', 3, '빔 사벨', 32, '빔 라이플', 36, '그레네이드 런처', 42, '빔 캐논', 0, 'Empty', 0, 'Empty', '방어력 업', '필살기 각성', '전탄 발사형 필살기', 12.3, 13.8, 12.3, 20.7, 15.3, 15.6, '제타 건담의 양산을 목적으로 개발된 RGZ(리파인 건담 제타) 시리즈의 하나. 일단 양산화에는 성공을 거두어, [넬 아가마]에도 대장기를 포함하여 8기가 배치되어 있다. 가변기구를 BWS(백 웨폰 시스템)으로 대용했던 RGZ-91 <리 가지>에 반해, 본 기체는 가변기구의 탄력적인 운용을 전제로 설계되었다. 변형기구는 MSA-005 <메타스>의 방식으로 되돌아가서 간략화되어 있다.', '만능', 'on', 'off', 'off', 'off'),
(10084, 533, '건탱크 (CU)', 'C', 'U', 'ba', 1, '격투', 36, '4연장 팝 미사일', 41, '120mm 저반동 캐논포', 0, 'Empty', 0, 'Empty', 0, 'Empty', '공격력 업', '확장 부스터', '전탄 발사형 필살기', 9.3, 7.8, 9.3, 11.4, 13.8, 9.3, '연방군의 포격전용 시작 MS. RX시리즈 중 최초로 개발된 기체로서 장거리 포격전이 주된 임무이다. 120mm 저반동 캐논 2문을 장비하고 건담, 건캐논의 후방지원을 담당했다. 보행 시스템이 없어서 캐터필러로 주행하는 등, MS 본래의 범용성은 낮은 편이었다. 2011년 1월 유저 응모 컨테스트 당선 유닛으로, 닉네임 "불타는케인"이 디자인하였다. CU랭크의 <건탱크>는 일반 C 랭크의 <건탱크>에서 약간의 스탯 조정도 이루어져있다.', '만능', 'off', 'off', 'off', 'on'),
(11001, 60, '훈련용 MS-B', 'C', '-', 'chi', 2, '히트호크', 33, '자쿠 머신건', 23, '크래커', 0, 'Empty', 0, 'Empty', 0, 'Empty', '방어력 업', '공격력 업', '난무형 필살기', 7.8, 12.3, 6.3, 12.3, 6.3, 12.6, '「SD건담 캡슐파이터」에 처음 접속한 파이터에게 지급되는 훈련용 유닛. 에너지 소모 효율이 아주 좋고, 성장도 빠르지만 어디까지나 훈련용 유닛이기 때문에 우수한 성능은 기대하기 어렵다. 기본 성능은 <자쿠II>를 모태로 하고 있기 때문에, 주무장은 히트 호크와 자쿠 머신건, 그리고 수류탄인 크래커를 지니고 있다.', '만능', 'off', 'off', 'off', 'off'),
(11002, 36, '아프사라스II', 'A', '-', 'ba', 1, '격투', 41, '대형 메가입자포', 21, '에너지 펄스', 0, 'Empty', 0, 'Empty', 0, 'Empty', '2번 무기 무한사격 (A랭크)', '방어지휘', '맵 병기형 필살기', 16.8, 19.8, 18.3, 22.8, 16.8, 9.3, '지온 공국군의 거점공격용 시작형 MA. 우주에서 직접 쟈브로에 강하하여 강습하는, 쟈브로 공략작전을 목표로 개발된 기체이다. 미노프스키 크래프트에 의한 우수한 비행 능력과 대형 메가입자포의 화력을 갖추고 있다. 시작기 2기가 제작되어 1호기는 주로 미노프스키 크래프트 테스트에, 2호기는 대형 메가입자포 운용 테스트에 각각 이용되었다. 기체를 제작할 때 여러 기체의 파츠를 유용했기 때문인지, 자쿠의 머리 파츠가 중앙에 설치되어 있다.', '만능', 'off', 'off', 'on', 'off'),
(11003, 48, '돔', 'C', '-', 'ba', 3, '히트 사벨', 34, '자이언트 바즈', 21, '흉부 확산 빔', 0, 'Empty', 0, 'Empty', 0, 'Empty', '리로드 업', '공격력 업', '난무형 필살기', 9.3, 10.8, 12.3, 17.1, 10.8, 12.6, '지온 공국군의 육전용 양산형 MS. 열핵 제트와 화학 로켓의 복합 추진력으로 호버주행을 실현하며, 종래의 육전용 MS에 비해 비약적인 기동력을 가지고 있다. 중장갑과 고기동력을 겸비, 강력한 360mm 바주카를 장비한 고성능기다. 자쿠II를 대신하는 주력 육전 MS로서 기대되어 대전중기부터 유럽과 아프리카를 중심으로 배치가 추진되었다. 기본설계가 우수하여 자쿠 시리즈 다음가는 많은 바리에이션이 개발되었다.', '지상', 'off', 'off', 'off', 'off'),
(11004, 50, '돔 트로펜', 'C', '-', 'chi', 3, '히트 사벨', 33, 'MMP-80 머신건', 36, '슈츠룸 파우스트', 0, 'Empty', 0, 'Empty', 0, 'Empty', '기동성 업', '3번 무기 무한사격(C랭크)', '난무형 필살기', 9.3, 11.4, 12.3, 17.7, 11.7, 12.6, '지온 공국군의 육전용 양산형 MS. 돔의 국지전용 바리에이션으로 사막이나 혹서 지대에서의 운용을 상정한 기체다. 기계 각 부분에 방진용 에어 필터 및 확장 냉각 장치를 장비하고, 장갑을 블록화해서 정비의 간편화를 꾀하고 있다. 또한, 기체 각처에 증설된 웨폰 래치로 임무에 걸맞는 무장을 자유로이 할 수 있다. 배치는 중앙 아프리카를 중심으로 이루어져 전쟁 후에도 지온군 잔당의 전력으로서 사용되었다.', '지상', 'off', 'off', 'off', 'off'),
(11005, 35, '빅 잠', 'A', '-', 'ba', 1, '다리 크로', 32, '대공 메가입자포', 42, '대형 메가입자포', 0, 'Empty', 0, 'Empty', 0, 'Empty', 'I필드', '도즐의 자존심', '맵 병기형 필살기', 17.7, 21.3, 18.3, 22.8, 15.3, 7.5, '지온 공국군의 대요새 전용 시작형 MA. 쟈브로 공략 작전을 상정하고 개발된 병기로 일년전쟁 때 기동병기로서는 최대급이었다. 강력한 대출력 메가입자포와 28문의 대공 메가입자포를 장비했고, 기동병기 최초로 I필드 발생기를 탑재, 공수 양면에 궁극적인 성능을 지닌 기체로 평가받는다. 하지만 엄청난 고출력에 대한 냉각 성능이 따르지 못해 20분 이하의 기동시간을 가지는 단점도 있다. 시작기 1기가 솔로몬의 거점 방위용으로 배치됐으나, 솔로몬 공방전에서 건담에게 격파 당하고 만다.', '우주', 'off', 'off', 'on', 'on'),
(11006, 38, '겔구그', 'B', '-', 'ba', 4, '빔 나기나타', 32, '빔 라이플 (저출력)', 43, '빔 라이플 (고출력)', 0, 'Empty', 0, 'Empty', 0, 'Empty', '기동성 업', '철벽수비 (B랭크)', '난무형 필살기', 11.4, 12.9, 15.3, 17.7, 13.2, 14.4, '지온 공국군의 범용 양산형 MS. 1년전쟁에서 축적된 MS 기술이 집대성된 기체로, 지온군 사상 처음으로 빔 라이플을 장비한 MS이기도 하다. 돔 못지 않은 대형기지만, 추진력을 강화해서 기동성과 운동성은 오히려 향상되어 있다. 연방군의 MS를 압도할 정도의 걸작기였으나, 종전 무렵에 완성되어서 전세를 뒤집기에는 역부족이었다. 게다가 종래의 기체와 조종 시스템이 달라서, 파일럿들이 조종에 익숙해지지 못한 채 기체의 진가가 묻혀버린 점도 아쉽다.', '만능', 'off', 'off', 'off', 'off'),
(11007, 58, '즈곡크', 'C', '-', 'muk', 1, '크로', 32, '팔 메가입자포', 36, '240mm 로케트탄', 0, 'Empty', 0, 'Empty', 0, 'Empty', '공격력 업', '기동성 업', '난무형 필살기', 8.4, 9.3, 12.3, 14.7, 12.3, 15.6, '지온 공국군의 수륙 양용 양산형 MS. 수륙 양용 MS중에서는 가장 균형 잡힌 성능을 지닌 걸작기다. 수중에서는 수류 로켓 엔진, 육상에서는 고기동 버니어로 추진하기 때문에 수륙 양쪽에서 높은 기동성을 발휘한다. 아이언 네일, 팔 메가입자포, 머리 부분에 두부 연장 미사일포 등 무장도 충실하여 육전용 MS와도 맞서 싸울 수 있다. 일년전쟁에서는 보급선 절단이나 상륙작전 등 다방면에서 활약해 지온군의 제해권을 유지했다.', '수중', 'off', 'off', 'off', 'off'),
(11008, 52, '앗가이', 'C', '-', 'muk', 1, '크로', 36, '로케트탄 런처', 22, '발칸포', 0, 'Empty', 0, 'Empty', 0, 'Empty', '리로드 업', 'V백신', '난무형 필살기', 9.6, 12.3, 12.3, 14.7, 7.8, 15.6, '지온 공국군의 수륙 양용 양산형 MS. 간이 양산형인 수륙 양용기로 자쿠 시리즈의 부품을 유용해서 개발된 것이다. 육상에서의 운동성은 높으나, 수륙 양용기로서는 장갑이 얇고 화력도 그다지 높지 않다. 그러나 형태가 단순하여 소나에 잘 인식되지 않고, 열 배출량도 적다는 이점을 활용하여 주로 은밀한 작전이나 정찰행동에 투입되었다. 또 복좌기로 개수되어 수중용 MS의 훈련기로도 이용되었다고 한다.', '수중', 'off', 'off', 'off', 'off'),
(11009, 44, '캠퍼', 'B', '-', 'muk', 3, '빔 사벨', 35, '샷건', 1, '체인 마인', 0, 'Empty', 0, 'Empty', 0, 'Empty', '기동성 업', '돌격지휘', '난무형 필살기', 10.8, 13.8, 15.3, 19.2, 15.3, 17.4, '지온 공국군의 강습용 시작형 MS. 오로지 강습 성능만을 극대화해서 개발된 기체로, 대추진력과 고화력을 살린 일격 이탈 전법을 특기로 한다. 전신에 자세 제어용 아포지 모터와 대출력 드러스터를 장비해서, 콜로니 내부에서 수평 이동을 할 정도로 기동성이 높았다. 또 바주카, 샷건, 체인 마인 등등 다양한 화기의 높은 화력을 자랑한다. 하지만 추진제 탑재량이 적고, 무장이 실탄 병기 위주기 때문에 전투 지속 시간이 짧은 단점은 있다.', '만능', 'off', 'off', 'off', 'off'),
(11010, 46, '구프', 'C', '-', 'muk', 3, '히트 소드', 22, '5연장 핑거 발칸포', 11, '히트 로드', 0, 'Empty', 0, 'Empty', 0, 'Empty', '공격력 업', '리로드 업', '난무형 필살기', 8.7, 9.3, 12.3, 12.3, 12.3, 15.6, '지온 공국군의 육전용 양산형 MS. 자쿠II를 육전용으로 재설계한 기체로 대 MS의 백병전을 중시해서 개발되었다. 자쿠II에 비해 기동력, 운동성이 상당히 향상되었으며 장갑도 강화되었다. 그러나 히트 소드, 히트 로드 등 백병전에 특화시킨 무장 때문에 다루기가 힘이 들어 생산은 소수에 그쳤다. 그래도 자쿠와 조종계가 비슷했기 때문에 돔의 배치 후에도 많은 베테랑 파일럿이 본기체를 즐겨 탑승했다고 한다.', '지상', 'off', 'off', 'off', 'off'),
(11011, 57, '자쿠II 개량형 (자쿠 바주카)', 'C', 'R', 'chi', 2, '히트 호크', 33, 'MMP-80 머신건', 34, '자쿠 바주카', 0, 'Empty', 0, 'Empty', 0, 'Empty', '방어력 업', '돌격지휘', '난무형 필살기', 9.9, 12.3, 12.3, 14.7, 12.3, 13.5, '지온 공국군의 범용 양산형 MS인「자쿠II 개량형」의 자쿠 바주카 무장 형태이다. 연사와 화력 모두 우수한 자쿠 바주카를 주무장으로 하며, 신형 머신건도 그대로 장비하고 있기 때문에 중거리 전투에서의 활용도가 높아졌다.', '만능', 'off', 'off', 'off', 'off'),
(11012, 47, '구프 플라이트 타입', 'C', '-', 'chi', 3, '히트 소드', 22, '3연장 개틀링포', 22, '개틀링 실드', 0, 'Empty', 0, 'Empty', 0, 'Empty', '고성능OS (C랭크)', 'V백신', '난무형 필살기', 9.6, 12.3, 12.3, 17.1, 10.8, 12.6, '지온 공국군의 육전용 시작형 MS. 구프 비행 시험형 08번째의 개량타입이다. 드러스터 및 제트 엔진의 출력을 대폭 올렸으며, 등과 허리부분의 가변형 카나드 덕분에 공중에서의 자세 제어 능력도 향상됐다. 역대 시작기 중에서 가장 안정된 비행성능을 지닌 것은 사실이지만, 추진제나 냉각능력에 관한 문제로 비행시간은 극히 한정되었다. 시작기 2기가 동남 아시아에 배치되었으나, 모두 연방군의 공격에 의해 파괴된다.', '지상', 'off', 'off', 'off', 'off'),
(11013, 40, '겔구그J', 'B', '-', 'ba', 1, '격투', 21, '빔 스팟건', 43, '대형 빔 머신건', 0, 'Empty', 0, 'Empty', 0, 'Empty', '정밀 저격', '방어력 업', '맵 병기형 필살기', 10.8, 10.8, 15.3, 15.9, 16.8, 11.4, '지온 공국군의 범용 양산형 MS. 지온 공국의 수작 기체인 「겔구그」의 성능 향상 타입이다. 드러스터 추진력이 현저히 강화되고, 프로페런트 탱크를 장비할 수 있어 행동 반경도 넓어졌다. 빔 라이플도 명중도가 높은 신형을 장비했기 때문에 「겔구그 저격형」이란 이름으로 불린 적도 있다. 그러나 1년 전쟁 종전 직전에 생산이 시작되었기 때문에, 실전에 참가한 기체는 극히 적었다. J는「J&auml;ger 예거 ＝ 사냥꾼」이란 의미.', '만능', 'off', 'off', 'off', 'on'),
(11014, 59, '하이곡그', 'C', '-', 'muk', 1, '아이언 네일', 32, '암 빔 캐논포', 1, '아이언 네일 회전공격', 0, 'Empty', 0, 'Empty', 0, 'Empty', '공격력 업', '방어력 업', '난무형 필살기', 10.2, 12.3, 12.3, 11.1, 10.8, 15.6, '지온 공국군의 수륙 양용 양산형 MS. 곡그의 전면 개량형으로, 기체를 대폭 경량화해서 장갑이 얇아졌지만 육상, 수중 양면에서의 기동성과 운동성은 크게 향상되었다. 무장도 개량되어 팔 부분에 명중률이 높은 빔 캐논을 내장함으로서 육상전투 능력을 크게 강화되었다. 대전 말기에 개발되어서 생산 수는 적지만, 특무부대 「사이클롭스」에 몇 대가 배치되어 북극 기지 습격 작전에 투입되어 대활약한다.', '수중', 'off', 'off', 'off', 'off'),
(11015, 43, '자멜', 'B', '-', 'ba', 1, '격투', 36, '다연장 미사일 런처', 41, '680mm 캐논포', 0, 'Empty', 0, 'Empty', 0, 'Empty', '정밀 저격', '확장 부스터', '전탄 발사형 필살기', 13.5, 12.3, 12.3, 15.9, 15.3, 11.4, '지온 공국군의 장거리 공격용 시작형 MS. 중장거리 지원 포격을 목적으로 개발된 기체로, 다른 지원 MS와는 달리 완전히「이동 포대」형태를 취하고 있다. 주무장인 접이식 680mm 카논포는 장대한 사정거리와 화력을 자랑했고, 호버 주행으로 외관과는 달리 기동력도 높다. 포격전 성능을 중시했기 때문에 조종수와 포수 2명이 타는 복좌기인 점도 특징이다. 데라즈 분쟁시 건담 강탈 작전에 투입되어, 트링턴 기지의 장거리 포격 임무를 잘 수행했지만 추격대의 MS와 교전 끝에 격파된다.', '지상', 'off', 'off', 'off', 'on'),
(11016, 42, '이프리트 개량형', 'B', '-', 'muk', 3, '히트 사벨 2도류', 36, '그레네이드 런처', 36, '연장 미사일 포드', 0, 'Empty', 0, 'Empty', 0, 'Empty', 'MS 격투술', 'EXAM 강제발동', '난무형 필살기', 10.8, 10.8, 15.3, 19.2, 16.8, 17.4, '지온 공국군의 실험용 MS. 「이프리트」를 개수한 EXAM 시스템 실험기로, 기체의 반응 속도 향상을 위해 드러스터와 냉각 능력 등이 강화되어있다. 팔 부분에 그레네이드 런처, 다리 부분에 미사일 포드, 그리고 양팔에 히트 사벨 등 무장도 충실하다. EXAM 추격임무에 투입되어, 지구 연방군의 EXAM 탑재기인 「블루 데스티니 1호기」와 사투를 벌인 끝에 격파된다. 전신의 파란색 컬러링은 개발자의 취향이고, 양 어깨의 붉은색 컬러링은 파일럿의 취향이라고 한다.', '지상', 'off', 'off', 'off', 'off'),
(11017, 41, '구프 커스텀', 'B', '-', 'muk', 3, '히트 소드', 22, '개틀링 실드', 11, '히트 로드', 0, 'Empty', 0, 'Empty', 0, 'Empty', '공격력 업', '장갑 관통', '난무형 필살기', 11.1, 13.8, 15.3, 18.6, 15.3, 17.4, '지온 공국군의 육전용 양산형 MS. 구프의 바리에이션의 하나로 범용성과 원거리 전투성능을 향상시킨 타입. 왼팔의 머신건을 내장식에서 외장식으로 변경했고, 매니퓰레이터를 사람의 손 형태로 돌려 놓았다. 또 실드에는 개틀링포를 장착할 수 있게 되었으며, 히트 로드도 사정거리가 긴 와이어로 바꾸어 장비되었다. 구프의 특성을 유지하며 범용성을 향상시켜 모든 상황에 대한 전투 능력을 지닌 우수한 기체였지만 생산 대수는 적었다.', '지상', 'off', 'off', 'off', 'off'),
(11018, 33, '지옹', 'A', '-', 'chi', 1, '격투', 41, '허리 메가입자포', 25, '팔 5연장 메가입자포', 1, '격투', 42, '두부 메가입자포', 0, 'Empty', '뉴타입 각성 (A랭크)', '기동성 업', '전탄 발사형 필살기', 15.6, 16.8, 15.3, 23.7, 16.8, 16.5, '지온 공국군의 뉴타입 전용 시작 MS. 궁극의 MS를 목표로 했기 때문에 공국의 이름을 따「지옹」이라 명명되었다. 당초 범용형의 대형 MS로서 개발됐으나 전국의 악화로 사이코뮤를 탑재한 우주전용 MS로 변경했다. 양팔은 유선 사이코뮤 유도의 5연장 메가입자포로 올 레인지 공격이 가능하며, 머리 부분은 콕피트 겸 탈출장치로서 단독 행동도 가능, 데이터 회수율 및 파일럿의 생존율을 높였다. 아 바오아 쿠 공방전에 완성도 80%로 실전 투입됐으나, 건담과의 교전에서 격파된다.', '우주', 'on', 'off', 'on', 'off'),
(11019, 34, '퍼펙트 지옹', 'A', 'S', 'ba', 1, '격투', 32, '두부 메가입자포', 25, '팔 5연장 메가입자포', 0, 'Empty', 0, 'Empty', 0, 'Empty', '방어력 업', '필살기 각성', '전탄 발사형 필살기', 16.8, 21.3, 15.3, 22.2, 16.8, 11.4, '지온 공국군의 뉴타입 전용 시작 MS. 개발 당초 계획 된 완전 MS형태의 지옹이다. 원래 범용형의 대형 MS로써 개발되어 형식 번호도 MS-16 였으나 전세의 급변과 뉴타입 관련 기술의 급속한 개발로 개발계획을 변경, 유선 사이코뮤 병기를 탑재한 우주용 MS로 변경된 것이다. 그 과정에서 보행 유닛은 옵션화되어, 시험기에는 장비되지 않았다. 지온 병사의 표현대로 ''다리는 장식일 뿐''이나, 전고 38m에서 나오는 위압감은 초대형 MS인 퍼펙트 지옹의 카리스마를 더욱 돋보이게 하고 있다.', '만능', 'off', 'off', 'on', 'off'),
(11020, 31, '노이에 질', 'S', '-', 'muk', 3, '대형 빔 사벨', 1, '유선 크로암', 1, '돌격', 32, '편향 메가 입자포', 42, '메가 캐논', 0, 'Empty', 'I필드', '지온의 혼', '난무형 필살기', 19.8, 27.3, 21.3, 22.8, 18.3, 12, '액시즈의 우주용 공격형 시작 MA. 우주 공간에 걸친 제압전투를 목적으로 개발된 MA로 구 지온군에서 계획단계에 있던 기체를 액시즈가 완성시킨 것이다. 우주 공간에서의 기동성은 0083 년 당시 최고 수준에 달한다. 다수의 메가입자포와 미사일 런처를 겸비, 접근전용 빔 사벨도 장비하고 있다. 반자동 컨트롤로 유선 크로 암을 사용한 올 레인지 공격도 가능며, I필드 발생장치 장비로 빔 병기에 의한 공격을 받지 않는다. 데라즈 분쟁 시, 콜로니 낙하 후 연방함대와 격돌, 자폭한다.', '우주', 'on', 'off', 'on', 'off'),
(11021, 37, '걍', 'B', 'R', 'muk', 3, '빔 사벨', 36, '니들미사일', 36, '하이드 봄', 0, 'Empty', 0, 'Empty', 0, 'Empty', '리로드 업', '필살기 각성', '난무형 필살기', 12.3, 18.3, 15.3, 19.2, 12.3, 17.4, '지온공국군의 범용 시작형 MS. 대 MS전을, 특히 백병전 능력을 중점적으로 개발한 기체다. 전용 빔 사벨과 무기가 내장된 대형 실드로 무장한 이색적인 MS 이지만, 조종이 쉽고 운동성도 높다. 자쿠II 를 대신할 차기 주력 MS 후보 중 하나 였으나, 빔 라이플을 장비한 겔구그가 채용됐기 때문에 결국 양산되지 않았다. 시작기는 마 쿠베의 탑승기가 되어 텍사스 콜로니에서 건담과 교전, 격파된다.', '만능', 'off', 'off', 'off', 'off'),
(11022, 54, '자쿠II', 'C', '-', 'muk', 2, '히트 호크', 33, '자쿠 머신건', 34, '자쿠 바주카', 0, 'Empty', 0, 'Empty', 0, 'Empty', '노련한 인파이터', '방어력 업', '난무형 필살기', 9.9, 12.3, 12.3, 12.3, 8.7, 15.6, '지온공국군의 범용양산형 MS. 자쿠 시리즈 중에서도 최고의 생산 대수를 자랑하는 범용 타입이다. 우주, 지상 양쪽에서 운용할 수 있으며 풍부한 옵션 장비를 지닌다. 범용성, 확장성, 생산성을 겸비, 게다가 기체의 조종성, 신뢰성도 극히 높다. 말 그대로 ＭＳ사상 최고 걸작이라 부를 수 있는 명기체다. １년전쟁의 지온군 주력 MS이며, 후속기가 개발된 후에도 제일선에서 물러나지 않았다.', '만능', 'off', 'off', 'off', 'off'),
(11023, 49, '릭 돔', 'C', 'R', 'ba', 3, '히트 사벨', 34, '빔 바주카', 21, '흉부 확산 빔', 0, 'Empty', 0, 'Empty', 0, 'Empty', '공격력 업', '2번 무기 무한사격 (C랭크)', '난무형 필살기', 9.6, 12.3, 12.3, 17.7, 12.3, 13.5, '지온 공국군의 우주용 양산형 MS. 돔을 우주용으로 개수한 기체. 다리 부분 엔진을 열핵 로켓으로 바꿔 달았다. 자쿠II를 대신할 차기 주력 MS의 개발이 지연되고 있었기 때문에 그 공백을 메우기 위해 잠정적으로 생산된 MS다. 그러나 차기 주력 MS인 겔구그의 생산이 늦어졌고, 릭 돔의 조종성과 생산성의 평가가 높아서, 우주용 주력 MS로 종전까지 자쿠II와 함께 활약한다.', '우주', 'off', 'off', 'off', 'off'),
(11024, 55, '자쿠II (마젤라 탑포)', 'C', 'R', 'ba', 2, '히트 호크', 36, '미사일 포드', 41, '마젤라 탑포', 0, 'Empty', 0, 'Empty', 0, 'Empty', '정밀 저격', '방어지휘', '전탄 발사형 필살기', 9.9, 12.3, 9.3, 12.3, 12.3, 10.5, '지온 공국군의 범용양산형 MS인「자쿠II」의 마젤라 탑포 무장 형태이다. 마젤라 탑포의 사거리를 살려, 장거리 전투에 유리하도록 기체의 성능을 세팅하였으며, 다리 부분에 3연장 미사일 포드도 장착하여 중거리 전투의 대응도 꾀하고 있다.', '만능', 'off', 'off', 'off', 'on'),
(11025, 56, '자쿠II 개량형', 'C', '-', 'muk', 2, '히트 호크', 33, 'MMP-80 머신건', 36, '슈츠룸 파우스트', 0, 'Empty', 0, 'Empty', 0, 'Empty', '저력발동', '필살기 각성', '난무형 필살기', 9.9, 12.3, 12.3, 13.5, 9.3, 15.6, '지온 공국군의 범용 양산형 MS. 자쿠II F형을 개수하여 전반적 성능을 향상시킨 기체다. 아포지 모터의 증설, 드러스터의 대형화로 기동력이 크게 향상되었으나, 추진제 탑재량은 변하지 않았기 때문에, 최대 추진력에서의 행동시간은 절반 정도에 그친다. 머신건이 신형으로 교체되었고, 기존 자쿠의 무장도 그대로 사용 가능하여 화력과 범용성 모두 뛰어나다. 극 중에서는 알렉스와 사투를 벌인 기체로 인상 깊다.', '만능', 'off', 'off', 'off', 'off'),
(11026, 51, '돔 트로펜 (사막전사양)', 'C', 'R', 'ba', 3, '히트 사벨', 34, '라케텐 바즈', 36, '슈츠룸 파우스트', 0, 'Empty', 0, 'Empty', 0, 'Empty', '확장 부스터', '리로드 업', '난무형 필살기', 9.6, 12.3, 12.3, 18.6, 12.3, 13.5, '지온 공국군의 육전용 양산형 MS인 「돔 트로펜」의 사막전 사양 형태이다. 전체적인 기체 컬러를 사막 위장색인 노랑 계열로 칠하였으며, 「라케텐 바즈」를 장비하여 화력을 보다 더 증강하였다. 물론 오리지널 「돔 트로펜」의 재빠른 기동성도 그대로 살리고 있다.', '지상', 'off', 'off', 'off', 'off'),
(11027, 45, '캠퍼 (자이언트 바즈)', 'B', 'R', 'chi', 3, '빔 사벨', 34, '자이언트 바즈', 36, '슈츠룸 파우스트', 0, 'Empty', 0, 'Empty', 0, 'Empty', '공격력 업', '2번 무기 무한사격 (B랭크)', '전탄 발사형 필살기', 12, 14.7, 12.3, 20.1, 15.9, 15.6, '지온 공국군의 강습용 시작형 MS인「캠퍼」의 자이언트 바즈 무장 형태이다. 캠퍼 특유의 고기동성은 그대로 살리고, 등에는 자이언트 바즈 2문, 손에는 슈츠룸 파우스트를 2개나 장비하는 등, 중거리 전투에 특화된 세팅을 한 것이 특징이다.', '만능', 'off', 'off', 'off', 'off'),
(11028, 39, '겔구그 (빔 나기나타)', 'B', 'R', 'muk', 4, '빔 나기나타', 33, '빔 머신건', 3, '빔 나기나타 찌르기', 0, 'Empty', 0, 'Empty', 0, 'Empty', 'MS 격투술', '필살기 각성', '난무형 필살기', 11.1, 14.4, 15.3, 18.6, 16.2, 18.6, '지온 공국군의 범용 양산형 MS인 「겔구그」의 무장 변경 형태이다. 지온군 사상 처음으로 빔 라이플을 장비한 「겔구그」였지만, 빔 라이플 자체의 생산이 느려서, 실제 각 전선 부대에서는 독자적인 개조형태의 무장을 채용하는 경우도 있었다. 그 와중에 개발된 것이 빔 머신건으로, 펄스 형태의 빔 베렛트탄을 연속으로 사출하는 무장이다. 주로 「겔구그J」가 이 무장을 채용하였으나, 일부 부대의 「겔구그」도 이 무장을 장비하였다고 전해진다.', '만능', 'off', 'off', 'off', 'off'),
(11030, 53, '앗가이 (수리장비)', 'C', 'S', 'chi', 1, '크로', 36, '로케트탄 런처', 23, '수리장비', 0, 'Empty', 0, 'Empty', 0, 'Empty', '방어력 업', '오토 락온 재머', '난무형 필살기', 4.8, 15.3, 12.3, 15.9, 9.3, 13.5, '지온 공국군의 수륙 양용 양산형 MS인 「앗가이」의 수리장비 탑재 형태이다. 전투력은 낮지만, 수리장비로 아군 기체를 수리할 수가 있기 때문에 전략적인 가치가 높은 기체이다.', '수중', 'off', 'on', 'off', 'off'),
(11031, 138, '자쿠I', 'C', '-', 'muk', 2, '히트 호크', 33, '자쿠 머신건', 1, '스파이크 실드', 0, 'Empty', 0, 'Empty', 0, 'Empty', '기동성 업', 'MS 격투술', '난무형 필살기', 8.4, 9.3, 12.3, 11.1, 10.8, 15.6, '지온 공국군의 인류역사상 최초의 실전용 MS. 인간형 병기의 이미지를 확립한 기체이며, 지온 공국군 MS의 원형이라 말할 수 있다. 휴대 무장 취급을 위한 팔, 보행과 AMBAC 사지의 다리, 우주공간의 빠른 이동을 위한 추진기관 등 범용 병기로서의 조건을 모두 갖춘 자쿠I은 1년 전쟁이 시작되기 전부터 양산되어 지온 공국군은 주력 MS에 필요한 노하우를 미리 축적할 수 있었다. 한편, 자쿠I의 성능을 경시했던 지구 연방은 개전시 MS를 이용한 지온 공국군의 전술에 뼈아픈 일격을 당하게 된다.', '만능', 'off', 'off', 'off', 'off'),
(11032, 139, '자쿠I (지휘관용)', 'C', 'R', 'chi', 2, '히트 호크', 33, '자쿠 머신건', 34, '자쿠 바주카', 0, 'Empty', 0, 'Empty', 0, 'Empty', '통신지휘', '방어지휘', '전탄 발사형 필살기', 9.6, 11.4, 12.3, 13.5, 13.2, 15.6, '지온 공국군의 인류역사상 최초의 실전용 MS인「자쿠I」의 지휘관용 기체이다. 일반 기체와는 달리, 통신 능력 확충을 위해 머리 부분에 블레이드 안테나가 장비되었으며, 기체 성능도 약간 고성능으로 튜닝되어 있다.', '만능', 'off', 'off', 'off', 'off'),
(11033, 144, '겔구그M', 'B', '-', 'muk', 3, '빔 사벨', 33, '90mm 머신건', 1, '넉클 실드', 0, 'Empty', 0, 'Empty', 0, 'Empty', '방어력 업', '공격력 업', '난무형 필살기', 11.4, 12.9, 15.3, 17.7, 13.2, 17.4, '지온 공국군의 범용 양산형 MS. MS-14 「겔구그」의 후기 생산 타입의 하나로 해병대용으로 커스텀화되었다. 기동력을 강화했으며, 여러 가지 면에서 운용성 향상을 꾀했다. 주무장은 신뢰성과 비용 면에서 우수한 머신건을 장비했으며, 격투무기도 사용하기 간편한 빔 사벨로 바뀌었다. 실드는 자쿠의 것을 개조한 「너클 실드」를 장비, 격투 능력도 높였다. 겔구그J 정도의 고성능은 아니나, 생산성과 운용성이 양호해 상당수 양산되었다. M은 독일어로「마리네＝해병대」라는 뜻이다.', '만능', 'off', 'off', 'off', 'off'),
(11034, 135, '릭 돔II', 'C', '-', 'ba', 3, '히트 사벨', 34, '자이언트 바즈', 33, '90mm 머신건', 0, 'Empty', 0, 'Empty', 0, 'Empty', '방어력 업', '장갑 관통', '난무형 필살기', 9.6, 11.7, 12.3, 18.6, 11.4, 9.3, '지온 공국군의 우주용 양산형 MS. 「MS통합정비계획」에 준해 개수된 제2기 생산형 릭 돔. 릭 돔에 비해 직선 라인이 더 많이 가미됐고 제네레이터 및 드러스터 개량, 아포지 모터 증설 등 기동성 위주의 전반적인 성능이 향상됐다. 그러나 대전 말기에 양산되어 그 수가 적었고, 일부가 아 바오아 쿠 방위전 등에 투입되는 데에 그쳤다. 「데라즈 분쟁」때에는 데라즈 플리트의 전력으로 몇 대가 전투에 참가했다. 「릭 돔II」의 ''II''는 영어의 Two(투)가 아니라 독어의 Twei(쯔바이)라고 발음한다고 한다.', '우주', 'off', 'off', 'off', 'off'),
(11035, 136, '릭 돔II (히트 사벨)', 'C', 'R', 'muk', 3, '히트 사벨', 34, '자이언트 바즈', 21, '확산 빔 포', 0, 'Empty', 0, 'Empty', 0, 'Empty', '기동성 업', '철벽수비 (C랭크)', '난무형 필살기', 10.5, 14.7, 12.3, 19.2, 9.9, 15.6, '지온 공국군의 우주용 양산형 MS인 「릭 돔II」의 근접전형 무장 형태이다. 기체의 성능이 근접전에 맞게끔 튜닝되어 있으며, 특히 흉부에 장비된 「복부 빔 포」은 오리지널 「릭 돔」의 것보다 출력이 대폭 개량되어 공격 병기로서 사용도 가능하게 되었다.', '우주', 'off', 'off', 'off', 'off'),
(11036, 501, '자쿠II (CU)', 'C', 'U', 'muk', 2, '히트 호크', 33, '자쿠 머신건', 34, '자쿠 바주카', 0, 'Empty', 0, 'Empty', 0, 'Empty', '노련한 인파이터', '방어력 업', '난무형 필살기', 10.8, 13.8, 12.3, 13.5, 10.8, 16.5, '지온 공국군의 범용양산형 MS. 2008년 3월 유저 응모 컨테스트 당선 유닛으로, 닉네임 ''뿌기뿌야옹''이 디자인하였다. CU랭크의 「자쿠II」는 일반 C랭크의 「자쿠II」에서 컬러링만 변경된 것이 아니라, 약간의 스탯 향상도 이루어져있다.', '만능', 'off', 'off', 'off', 'off'),
(11037, 133, '즈곡크E', 'B', '-', 'muk', 1, '아이언 네일', 32, '암 빔 캐논포', 1, '아이언 네일 회전공격', 0, 'Empty', 0, 'Empty', 0, 'Empty', 'MS 격투술', '방어지휘', '난무형 필살기', 12.3, 15.3, 15.3, 17.1, 10.8, 17.4, '지온 공국군의 수륙양용 시작 MS. 수중, 지상 양면에서의 성능을 향상시킨 즈곡크의 개량형이다. 즈곡크와 같이 동시에 사지를 수축시킨 수중 이동 형태가 가능하도록 되어 있으며, 주추진기도 다리 부분으로 옮겨졌기 때문에 수중에서의 기동력이 크게 향상되었다. 팔 부분의 빔 포는 에너지 CAP을 도입하여 속사성을 높였다. 또한 옵션으로 강습 상륙용인 부스터 유니트를 장비할 수 있다. 대전말기에 시작기 몇 대가 완성되었지만, 그 1기가 특무부대「사이클롭스」에 배치, 북극 기지 습격 작전에 투입된다.', '수중', 'off', 'off', 'off', 'off'),
(11038, 504, '돔 (CU)', 'C', 'U', 'ba', 3, '히트 사벨', 34, '자이언트 바즈', 21, '흉부 확산 빔', 0, 'Empty', 0, 'Empty', 0, 'Empty', '리로드 업', '공격력 업', '난무형 필살기', 9.3, 10.8, 12.3, 14.7, 13.2, 12.6, '지온공국의 범용 양산형 MS. 2008년 6월 유저 응모 컨테스트 당선 유닛으로, 닉네임 ''IILKII미지캠벨''이 디자인하였다. CU랭크의 「돔」은 일반 C랭크의 「돔」에서 컬러링만 변경된 것이 아니라, 약간의 스탯 향상도 이루어져있다.', '지상', 'off', 'off', 'off', 'off'),
(11039, 132, '엘메스', 'A', '-', 'ba', 1, '격투', 42, '메가입자포', 25, '비트', 0, 'Empty', 0, 'Empty', 0, 'Empty', '뉴타입 각성 (A랭크)', '판넬 강화', '맵 병기형 필살기', 15, 16.8, 15.3, 22.8, 16.8, 10.5, '지온공국군의 뉴타입 전용 시작 MA. 기체 조작의 대부분을 사이코뮤로 하는 사상 최초의 본격적 뉴타입 전용기다. 모노 아이와 메가입자포를 장비한 무인 공격기 「비트」12기를 갖추어 원격 유도로 올 레인지 공격을 할 수 있다. 전투 능력은 대단히 높으나 그 성능을 발휘하는 데는 상당히 높은 뉴타입 능력이 필요하다. 첫 실전 운용에서 솔로몬 주역에 출격, 많은 연방 함정을 격침시켰기에, 연방군 병사들은 「솔로몬의 망령」이라 부르며 두려워했다.', '우주', 'off', 'off', 'on', 'off'),
(11040, 143, '거베라 테트라', 'B', '-', 'chi', 3, '빔 사벨', 33, '빔 머신건', 22, '110mm 기관포', 0, 'Empty', 0, 'Empty', 0, 'Empty', '확장 부스터', '돌격지휘', '난무형 필살기', 11.4, 13.8, 15.3, 20.1, 13.8, 14.4, '시마 함대의 범용 강습형 시작 MS. 「건담 개발 계획」으로 GP시리즈의 4호기가 되기 위해 개발된 기체라고 불려지지만 상세한 것은 알 수 없다. 돌격, 강습 전투를 중시한 기체로 기동성과 운동성이 뛰어나며 백병전을 중심으로 높은 전투 능력을 지니고 있다. 옵션인 슈츠룸 부스터를 장착하면, MS로서는 최고수준의 기동성, 가속성을 발휘할 수 있다. 뒷거래에 의해 아나하임사에서 시마 함대로 양도되어 전력이 되었다. 나중에 콜로니 강하작전에서 건담 시작 3호기와 교전하여 격파된다.', '만능', 'off', 'off', 'off', 'off'),
(11043, 221, '겔구그 캐논', 'B', '-', 'ba', 1, '격투', 36, '3연 미사일 런처', 42, '빔 캐논', 0, 'Empty', 0, 'Empty', 0, 'Empty', '정밀 저격', '확장 부스터', '전탄 발사형 필살기', 10.8, 10.8, 12.3, 15.9, 16.8, 11.4, '지온 공국군의 범용 양산형 MS. 1년 전쟁에서 축적된 MS 기술이 집대성된 기체로, 지온군 사상 처음으로 빔 라이플을 장비한 MS이기도 하다. 하지만 초기의 기체에는, 빔 라이플의 양산이 늦어져, 대신 캐논팩을 장비한 것도 많았고, 두부에도 캐논팩에 적합한 유닛을 채용하고 있다. 그 기체가 MS-14C 겔구그 캐논이며, 두부의 센서와 캐논포가 링크되어 있어 세미오토매틱 드라이브가 가능하다.', '만능', 'off', 'off', 'off', 'on'),
(11044, 509, '즈곡크 (CU)', 'C', 'U', 'muk', 1, '크로', 32, '팔 메가입자포', 36, '240mm 로케트탄', 0, 'Empty', 0, 'Empty', 0, 'Empty', '공격력 업', '기동성 업', '난무형 필살기', 8.1, 9.3, 12.3, 16.5, 12.3, 14.4, '지온 공국군의 수륙 양용 양산형 MS. 2008년 10월 유저 응모 컨테스트 당선 유닛으로, 닉네임  ''지존자쿠'' 가 디자인하였다. CU랭크의 「즈곡크」는 일반 C 랭크의 「즈곡크」에서 컬러링만 변경된 것이 아니라, 약간의 스탯 조정도 이루어져있다.', '수중', 'off', 'off', 'off', 'off'),
(11046, 607, '자쿠II (지휘관용)', 'B', '-', 'chi', 2, '히트 호크', 33, '자쿠 머신건', 23, '크래커', 0, 'Empty', 0, 'Empty', 0, 'Empty', '통신지휘', '돌격지휘', '난무형 필살기', 11.4, 13.8, 15.3, 18.6, 16.8, 14.4, '지온공국군의 범용 양산형 MS. 자쿠II F형의 지휘관 전용기. 특별히 성능이 향상된 것이 아니라, 머리 부분에 대장기임을 나타내는 뿔 장식을 달았을 뿐인 기체다.', '만능', 'off', 'off', 'off', 'off'),
(11047, 618, '샤아전용 자쿠II', 'B', 'S', 'muk', 2, '히트 호크', 34, '자쿠 바주카', 1, '킥', 0, 'Empty', 0, 'Empty', 0, 'Empty', '방어력 업', '붉은 혜성의 샤아', '난무형 필살기', 11.4, 16.8, 15.3, 18.6, 15.3, 18.6, '지온 공국군의 범용 MS. 지휘관이나 숙련파일럿용의 성능 향상형 [S타입]의 1기로, 붉은 혜성 샤아 아즈나블의 전용기이다. 통상기와 비교해 엔진출력이 30% 정도 향상 되어 있고, 프로페란트도 증가되어 있다. 격이 틀릴 정도로 성능이 향상 되어있는 것은 아님에도 [통상의 3배의 스피드를 갖는다] 라고 알려진 경이적인 기동력은, 탑승자의 기술에 의한 영향이 크다고 생각된다. 샤아의 퍼스널 컬러인 붉은 계통의 도장이 되어있는 것이 특징이다.', '만능', 'off', 'off', 'off', 'off'),
(11048, 606, '겔구그 (지휘관용)', 'A', '-', 'chi', 4, '빔 나기나타', 34, '그레네이드 런처', 43, '빔 라이플 (고출력)', 0, 'Empty', 0, 'Empty', 0, 'Empty', '통신지휘', '방어지휘', '난무형 필살기', 13.8, 15.3, 18.3, 21.3, 16.8, 16.5, '지온공국군의 범용 양산형 MS. 대전말기에 완성한 지온군 MS를 집대성한 기체. 지온군 사상 처음으로 빔 라이플을 장비한 MS이기도 하다. 돔 못지 않은 대형기지만, 추진력을 강화해서 기동성, 운동성은 오히려 향상되어 있다. 성능은 연방군 주력 MS를 압도하는 걸작기였으나, 종전 무렵에 완성한 기체였기 때문에 배치 수가 적어, 보통 유닛과 성능 차이는 없으며, 머리 부분에 대장기임을 나타내는 뿔 장식을 달았을 뿐인 기체다.', '만능', 'off', 'off', 'off', 'off'),
(11049, 621, '캬스발전용 건담', 'B', 'R', 'muk', 3, '빔 사벨', 32, '빔 라이플', 1, '킥', 0, 'Empty', 0, 'Empty', 0, 'Empty', '건담파이터 격투술', '붉은 혜성의 샤아', '난무형 필살기', 11.4, 16.8, 15.3, 18.6, 13.8, 18.6, '샤아 아즈나블 = 캬스발 렘 다이쿤의 전용기로서 개발된 진홍의 건담. 장비 역시 건담과 공유하지만, 기체의 성능은 전반적으로 건담을 상회한다. 진정한 에이스만이 탈 수 있는 초고성능기라 할 수 있다. [연방, 지온의 NT들이 집결하여, 샤아를 지도자로 하여 한 세력을 이룬다면]이라는 설정 하에 개발된 기체로서, 말하자면 가공전기에 등장하는 환상의 MS이다.', '만능', 'off', 'off', 'off', 'off'),
(11050, 615, '자쿠 마인레이어', 'C', 'R', 'chi', 3, '히트 호크', 33, '자쿠 머신건', 36, '마인', 0, 'Empty', 0, 'Empty', 0, 'Empty', '리로드 업', '방어력 업', '난무형 필살기', 10.8, 10.8, 12.3, 13.5, 12.3, 13.5, '지온공국군의 기뢰부설용 MS. 자쿠II 의 바리에이션 중 하나로, 우주기뢰부설용의 대형 백팩을 장비하고 있다. 백팩에는 기뢰 투하 장치 이외에도 통신 시스템과 프로페런트 탱크도 장비되어 있어, 자쿠2와 비교하여 5배 거리에 가까운 항속이 가능하다. 1년 전쟁 전반, 소수의 편대에서 연방군의 우주항로에 기뢰 부설을 하여 큰 성과를 올렸다. 또 대전말기에는 방위 라인을 구축하기 위해, 요새 근처의 기뢰 부설에 힘썼다.', '우주', 'off', 'off', 'off', 'off'),
(11051, 619, '샤아전용 즈곡크', 'B', 'S', 'muk', 1, '크로', 32, '팔 메가입자포', 1, '격투 콤보', 0, 'Empty', 0, 'Empty', 0, 'Empty', '공격력 업', '붉은 혜성의 샤아', '난무형 필살기', 11.4, 16.8, 15.3, 19.2, 15.3, 18.6, '지온 공국군의 수륙양용 MS. 즈곡크의 성능향상 타입으로 ''붉은 혜성'' 샤아 아즈나블의 탑승기다. 반응로 출력, 운동성, 장갑재 등이 개량되어 통상기에 비해 큰 폭의 성능향상이 이루어졌다. 샤아는 이 기체를 타고 쟈브로에 2번 침입하였다. 당초에는 지휘관이나 에이스 파일럿 등에게 우선적으로 배치되었던 S형이었지만 후에 MSM-07의 생산라인은 S가 주류가 되었다.', '수중', 'off', 'off', 'off', 'off'),
(11052, 613, '죠니 라이덴전용 고기동형 자쿠II', 'B', 'R', 'chi', 2, '히트 호크', 34, '자이언트 바주카', 33, '자쿠 머신건', 0, 'Empty', 0, 'Empty', 0, 'Empty', '진홍의 번개', '방어지휘', '난무형 필살기', 12.3, 15.3, 15.3, 19.2, 16.8, 15.6, '지온공국군의 우주용시작형 MS. 고기동형 자쿠II 의 후속형 R-2 타입을 [진홍의 번개] 죠니 라이덴의 전용기로서 개조한 기체이다. 고기동형 자쿠II 는 기동력이 우수한 반면, 조종이 어려운 기체였지만, 라이덴은 본 기체를 이용해 높은 성과를 이루어 에이스 파일럿으로서의 입지를 굳혔다. 무장은 자쿠 공용의 머신건과 바주카이지만, 돔 전용 바주카를 장비하고 출격한 적도 있다고 한다. 진홍과 검정으로 이루어진 색 배합은 라이덴 전용 컬러이다.', '만능', 'off', 'off', 'off', 'off'),
(11053, 628, '도즐전용 자쿠II', 'B', 'S', 'muk', 2, '대형 히트 호크', 33, '자쿠 머신건', 2, '대형 히트 호크', 0, 'Empty', 0, 'Empty', 0, 'Empty', '방어지휘', '도즐의 자존심', '난무형 필살기', 12.9, 16.8, 15.3, 17.1, 15.3, 18.6, '지온 공국군 고급장교용 커스텀 타입 MS. 도즐도 자주 전용기에 탑승하여 실전에 참가하였다고 한다. 양 어깨의 스파이크 아머와, 도즐의 체격에 맞춰 콕피트 크기를 확장한 것 이외에는 이렇다 할 개조는 없었다. 무장으로서는 특대의 히트 호크를 장비하였다. 본 기체는 솔로몬 공략전 당시, 연방군의 공격에 의해 격납고에서 소실되었다.', '만능', 'off', 'off', 'off', 'off'),
(11054, 629, '신 마츠나가전용 고기동형 자쿠II', 'B', 'R', 'muk', 2, '히트 호크', 33, '자쿠 머신건', 1, '격투 콤보', 0, 'Empty', 0, 'Empty', 0, 'Empty', '하얀 늑대', '돌격지휘', '난무형 필살기', 12.3, 16.8, 15.3, 19.2, 15.3, 17.4, '지온공국군의 고기동형 MS. [하얀 늑대] 라는 별칭을 가진 지온군의 에이스 파일럿, 신 마츠나가의 전용기. 스파이크 아머를 하얗게 도장한 본 기체 수령 이후 [하얀 늑대] 라는 별칭이 더욱 알려졌다고 한다. 그는 일격이탈의 근접전투에 능숙하였기 때문에, 내구성 향상을 생각해서 기체의 스파이크의 형상과 실드 뒷면이 별도로 주문 제작되어 있다. ', '만능', 'off', 'off', 'off', 'off'),
(11055, 630, '샤아전용 겔구그', 'A', 'S', 'muk', 4, '빔 나기나타', 43, '빔 라이플', 1, '격투 콤보', 0, 'Empty', 0, 'Empty', 0, 'Empty', 'MS 격투술', '붉은 혜성의 샤아', '난무형 필살기', 13.8, 15.3, 18.3, 20.7, 18.3, 19.5, '지온군의 범용 커스텀 MS. [붉은 혜성]으로 알려진 샤아 아즈나블의 전용기이며, 그의 퍼스널 컬러인 붉은색으로 도장되어 있다. 주로 솔로몬, 텍사스 콜로니, 아 바오아 지역 등에 출격했다. 또한 기체는 MS-14 시리즈의 선행 양산형 기체에 해당되고, 양산하기 이전에 우선적으로 에이스 파일럿용으로 보내진 적도 있으며, MS-06 [자쿠II S형]을 모방하여 MS-14S로 불리기도 한다. 샤아 아즈나블 대령이 탑승한 이 기체를 MS-14S라 부르는 것은 바로 이 때문이다.', '만능', 'off', 'off', 'off', 'off'),
(11059, 647, '구프 커스텀 (노리스 팩커드 탑승기)', 'B', 'S', 'muk', 3, '히트 소드', 22, '개틀링 실드', 11, '히트 로드', 0, 'Empty', 0, 'Empty', 0, 'Empty', '노련한 인파이터', '군인의 긍지', '난무형 필살기', 12.9, 15.3, 15.3, 19.2, 16.8, 18.6, '지온공국군의 육전용 양산형 MS. 구프의 바리에이션의 하나로 범용성과 원거리 전투성능을 향상시킨 타입. 왼팔의 머신건을 내장식에서 외장식으로 변경했고 매니퓰레이터를 일반적인 것으로 돌려놓았다. 또 실드에는 개틀링포를 장착할 수 있게 되었으며, 히트 로드도 사정거리가 긴 와이어로 바꾸어 장비되었다. 극중에서는 시가지에서 히트 로드를 이용한 3차원 전투를 전개하여 08소대의 호위를 받고 있던 양산형 건탱크 부대를 괴멸시킨다. 주요 파일럿은 노리스 팩커드.', '지상', 'off', 'off', 'off', 'off'),
(11060, 645, '자쿠 캐논', 'C', 'S', 'ba', 2, '히트 호크', 36, '빅 건', 41, '180mm 캐논포', 0, 'Empty', 0, 'Empty', 0, 'Empty', '정밀 저격', '공격력 업', '전탄 발사형 필살기', 9.3, 10.8, 9.3, 13.5, 12.3, 11.4, '지온 공국군의 포격전용 양산MS. 자쿠2의 바리에이션 중 하나로서, 대공방어 및 지원 포격을 주목적으로 한다. 고정 무장으로서 180mm 캐논 1문을 장비하고 있으며, 모노아이는 주변을 전부 볼 수 있게 되어 있다. 기체의 밸런스가 나쁘기 때문에, 기동성과 운동성은 낮지만, 포격전용 MS로서는 충분한 성능을 갖고 있다. 개발 당초에는 대공전투를 상정하였지만, 캐논포가 지원포격에도 유효했기 때문에, 장거리 지원기로서 운용하게 되었다.', '만능', 'off', 'off', 'off', 'on'),
(11061, 642, '아프사라스I', 'B', 'S', 'ba', 1, '격투 콤보', 21, '에너지 펄스', 21, '에너지 펄스', 0, 'Empty', 0, 'Empty', 0, 'Empty', '방어지휘', '돌격지휘', '난무형 필살기', 16.8, 21.3, 15.3, 19.2, 15.3, 8.4, '비행시험형 MA. 지온 공국군의 거점공격용 시작형 MA. 우주에서 직접 쟈브로에 강하하여 강습하는, 쟈브로 공략작전을 목표로 개발된 기체이다. 시작기 2기 중 1호기는 주로 미노프스키 크래프트 테스트에 이용되었다. 또한 비행 테스트 중 플라이트 프로그램을 원활히 진행하기 위해, 포구에 커버가 설치되어 있다.', '만능', 'off', 'off', 'on', 'off'),
(11062, 820, '기라 줄루', 'C', '-', 'muk', 2, '빔 호크', 32, '빔 머신건', 34, '슈츠룸 파우스트', 0, 'Empty', 0, 'Empty', 0, 'Empty', '공격력 업', '저력발동', '난무형 필살기', 9.3, 12.3, 12.3, 14.4, 13.8, 15.6, 'AMS-119 [기라 도가]를 대체하는 네오 지온군의 차기 주력 MS로서, 아나하임 일렉트로닉스사에서 개발이 진행되고 있던 양산형 MS. 전체적인 스타일이 전통적인 지온 스타일로 정리되어있으며, 손목과 가슴에 반정부조직 [소데츠키]의 유래가 된 마킹이 칠해져 있다. 또, 운용되는 부대나 탑승자의 계급에 따라 소매장식의 모양이 스파이크 형태로 된 것도 있다.', '만능', 'off', 'off', 'off', 'off'),
(11063, 800, '시난주', 'S', '-', 'chi', 32, '빔 라이플 (고출력)', 32, '빔 라이플', 0, '무기 없음', 3, '빔 사벨', 34, '로켓 바주카', 1, '킥', '방어력 업', '붉은 혜성의 재래', '전탄 발사형 필살기', 15.3, 18.3, 18.3, 21, 19.8, 18.6, 'U.C.0094년에 반정부조직 [소데츠키]가 아나하임 일렉트로닉스사로부터 강탈한 시작형 MS. 무버블 프레임 일부에 사이코 프레임이 채용되어 있으며, 이 기체에서 검증된 기동성, 강도 등의 데이터를 기초로 <유니콘 건담>이 완성되었다. 반정부조직 [소데츠키]의 리더인 풀 프론탈의 전용기이며, 그 압도적인 전투력과 진홍의 모습은 보는 이에게 [붉은 혜성]을 연상시킨다.', '만능', 'on', 'off', 'off', 'off');
INSERT INTO `unit` (`UnitID`, `UnitNo`, `Model`, `RankPrefix`, `RankSuffix`, `Property`, `Weapon1No`, `Weapon1Name`, `Weapon2No`, `Weapon2Name`, `Weapon3No`, `Weapon3Name`, `Weapon4No`, `Weapon4Name`, `Weapon5No`, `Weapon5Name`, `Weapon6No`, `Weapon6Name`, `Skill1Name`, `Skill2Name`, `Skill3Name`, `UnitStat1`, `UnitStat2`, `UnitStat3`, `UnitStat4`, `UnitStat5`, `UnitStat6`, `Comment`, `Landform`, `Modification`, `Repair`, `Oversize`, `Sniping`) VALUES
(12001, 61, '제타 건담', 'A', '-', 'ba', 3, '롱 빔 사벨', 32, '빔 라이플', 42, '하이퍼 메가런처', 32, '빔 라이플', 0, 'Empty', 0, 'Empty', '리로드 업', '공격력 업', '맵 병기형 필살기', 13.8, 17.4, 18.3, 21.3, 17.7, 16.5, '에우고의 공격용 시작형 가변 MS. 아나하임사의 신형 MS 개발계획 「Z프로젝트」에 의해 탄생한 건담이다. 단독으로 대기권 돌입이 가능한 웨이브라이더 형태로의 변형 기능을 가지고 있으며, 서브 플라이트 시스템으로서의 기능도 갖추는 등 높은 운용성을 발휘한다. 또 화력, 기동성등 모든 면에서 걸쳐서 고성능을 발휘하여, 그리프스 전쟁 당시의 MS로서는 굴지의 고성능을 자랑한다. 나중에 바이오 센서가 탑재되고, 파일럿의 뉴타입 능력과 감응하여 엄청나게 강한 기체로 업그레이드 된다.', '만능', 'on', 'off', 'off', 'off'),
(12003, 71, '릭 디아스 (블랙)', 'C', '-', 'chi', 3, '빔 사벨', 34, '크레이 바주카', 23, '토리모찌', 0, 'Empty', 0, 'Empty', 0, 'Empty', '리로드 업', '방어력 업', '난무형 필살기', 9.9, 12.3, 12.3, 17.1, 10.8, 12.6, '에우고의 공격용 양산형 MS. 검은색으로 도장된 릭 디아스다. 처음으로 건다리움 감마 합금을 사용했기 때문에 개발 도중에는 감마 건담으로 불렸었다. 건다리움 감마 합금 덕분에 기체가 대폭 경량화되었고, 드러스터와 스태빌라이저 겸용의 랜덤 바인더로 기동성이나 운동성은 높아, 종래의 MS보다 한 수 위의 성능을 지니고 있다. 단, 그 성능에 걸맞게 생산 단가가 높아, 에이스 파일럿용으로 소수가 생산되는 데에 그쳤다.', '만능', 'off', 'off', 'off', 'off'),
(12004, 69, '릭 디아스 (레드)', 'C', 'R', 'muk', 3, '빔 사벨', 32, '더블 빔 피스톨', 23, '토리모찌', 0, 'Empty', 0, 'Empty', 0, 'Empty', '방어력 업', '돌격지휘', '난무형 필살기', 9.3, 9.3, 12.3, 17.7, 15.3, 16.5, '에우고의 공격용 양산형 MS. 붉은색의 컬러링을 입힌 릭 디아스다. 원래 그리프스 전쟁 초기, 붉은색 컬러링은 크와트로 바지나의 탑승기뿐이었으며, 다른 기체는 모두 검은색 도장이었다. 그러나, 에우고의 전략 방침이 게릴라 전에서 정규전으로 바뀜에 따라, 전부 식별이 쉬운 붉은 계통의 컬러링으로 변경되게 된다. 도장의 변경에 대해서는 크와트로 기의 붉은 컬러링이 파일럿들에게 인기가 높았기 때문이라는 설도 있다.', '만능', 'off', 'off', 'off', 'off'),
(12005, 74, '짐II (에우고)', 'C', '-', 'chi', 3, '빔 사벨', 32, '빔 라이플', 22, '발칸포', 0, 'Empty', 0, 'Empty', 0, 'Empty', '2번 무기 무한사격 (C랭크)', '공격력 업', '난무형 필살기', 9.9, 10.8, 12.3, 12.3, 10.8, 12.6, '연방군의 범용 양산형 MS. RGM-79 짐의 후계기. 제네레이터 출력의 향상으로 주무장은 빔 라이플을 가진다. 또 드러스터 추진력과 장갑도 다소 강화되어 있으며 콕피트 시스템에는 리니어 시트를 도입하고 있다. 생산 대수가 많아, 전쟁 초기에는 연방/에우고의 양 진영에서 사용되었다. 연방군에 소속된 기체는 붉은 계통으로, 에우고에 소속된 것은 녹색 계통으로 칠해진 것이 특징이다.', '만능', 'off', 'off', 'off', 'off'),
(12006, 65, '건담Mk-II (에우고)', 'B', '-', 'chi', 3, '빔 사벨', 32, '빔 라이플', 35, '하이퍼 바주카 산탄', 0, 'Empty', 0, 'Empty', 0, 'Empty', '기동성 업', '공격력 업', '난무형 필살기', 11.4, 13.8, 15.3, 17.7, 13.8, 14.4, '에우고의 범용 시작형 MS. 티탄즈가 개발한 기체를 탈취한 것인데, 컬러링은 흰색으로 변경되어 있다. 장갑재 등 일부에 구식기술이 사용되기는 했으나, RX-78의 재설계이기에 종합적인 성능은 우수하다. 특히 무버블 프레임 기술은 후에 에우고가 제타 건담 등을 개발하는 데에 많은 영향을 주었다. 입수된 시작기 3기중에서 기체의 연구와 예비 파츠 확보를 위해 2기는 해체되고, 남은 1기가 아가마에 배치되어 수많은 격전을 누빈다.', '만능', 'off', 'off', 'off', 'off'),
(12007, 67, '디제', 'B', '-', 'chi', 4, '빔 나기나타', 32, '빔 라이플', 34, '크레이 바주카', 0, 'Empty', 0, 'Empty', 0, 'Empty', '기동성 업', '방어지휘', '난무형 필살기', 11.7, 13.8, 15.3, 17.7, 12.3, 14.4, '카라바의 공격용 시작형 MS. 카라바가 에우고의 「릭 디아스」기술을 제공받아 완성시킨 지상용 MS이다. 「릭 디아스」와 마찬가지로 지온계 기술자가 개발에 관여하고 있어서, 지온 공국 기체스러운 외관을 가지고 있다. 「릭 디아스」보다 제네레이터 출력이 향상되어 빔 라이플을 사용할 수 있게 되었으며, 기체의 냉각 능력을 중시하여 등 부분에 거대한 방열판 2기를 장비한 것이 특징이다. 카라바의 에이스 기체로서 그리프스 전쟁에서 대활약한다.', '지상', 'off', 'off', 'off', 'off'),
(12008, 68, '디제 SE-R', 'B', 'S', 'muk', 4, '빔 나기나타', 32, '빔 라이플', 34, '크레이 바주카', 0, 'Empty', 0, 'Empty', 0, 'Empty', 'MS 격투술', '리미터 해제', '난무형 필살기', 13.8, 19.8, 15.3, 18.6, 10.8, 18.6, '디제를 베이스로 개발된 고성능기. 콕핏 주변의 레이아웃과 구조 등을 바탕으로 했지만, 외관적으로 디제와 상당히 다르며, 전체적으로는 완전히 다른 기체라고 말해도 좋을 정도로 개량되어 있다. 장비면에서도 신기축의 것과 혁신적인 기술이 도입되어있다고 말할 수 있지만, 공식 문서에는 일체 불명으로 기재되어 있다. 또한 개발원과 구체적인 성능에 대해서도 알려진 바가 없어, 기체의 실존 여부 자체가 의문시되고 있다. ', '만능', 'off', 'off', 'off', 'off'),
(12009, 66, '슈퍼 건담', 'B', 'R', 'ba', 1, '격투', 36, '미사일 포드', 43, '롱 라이플', 0, 'Empty', 0, 'Empty', 0, 'Empty', '저력발동', '노련한 스나이퍼', '맵 병기형 필살기', 11.1, 10.8, 15.3, 19.2, 19.8, 12.6, '에우고의 범용 시작형 MS. 슈퍼 건담이란 것은 단독의 MS를 지칭하는 것이 아닌, G디펜서라는 아머먼트유닛을 장착한 상태를 일컫는다. 그리프스 전역 말기, 전력 부족을 느낀 에우고는 건담 Mk-II의 강화 계획에 들어가게 되는데, 계획 초기에는 단순 추가 장갑 형태의 계획이었다. 하지만 롱 라이플, 미사일 포드 등 다양한 무장과 기동력을 겸비하고, 대출력의 제네레이터 탑재도 가능한 G디펜서와의 합체 구조가 채용되어, 건담 Mk-II는 티탄즈의 신예 MS에 뒤지지 않는 성능을 갖추게 된다.', '만능', 'off', 'off', 'off', 'on'),
(12010, 63, '백식 (빔 사벨)', 'A', 'R', 'muk', 3, '빔 사벨 2도류', 32, '빔 라이플', 22, '발칸포', 0, 'Empty', 0, 'Empty', 0, 'Empty', '방어력 업', '뉴타입 각성 (A랭크)', '난무형 필살기', 14.7, 15.3, 18.3, 22.2, 21.3, 20.7, '에우고의 공격용 시작형 MS. 아나하임사의 신형 MS 개발계획 「Z프로젝트」에 의해 시험 제작된 기체 중 하나이다. 기획 단계에서는 가변 MS가 될 예정이었으나 변형기구에 문제가 발견되어, 비 변형 MS로서 재개발되어 시작기가 완성되었다. 무버블 프레임과 윙 바인더 등, 당시의 최첨단 기술이 투입되어 극히 고성능인 기체가 되었다. 「백식 (빔 사벨)」은 기존 「백식 (크레이 바주카)」와 달리, 근접전에 특화된 장비 구성으로 조금더 민첩하고 액티브한 전투가 가능해진 버전이다.', '만능', 'off', 'off', 'off', 'off'),
(12011, 73, '메타스', 'B', '-', 'chi', 3, '빔 사벨', 32, '더블 암 빔 건', 23, '수리장비', 32, '더블 암 빔 건', 0, 'Empty', 0, 'Empty', '기동성 업', '방어력 업', '난무형 필살기', 6.9, 13.8, 15.3, 20.1, 13.8, 14.4, '에우고의 공격용 시작형 가변 MS. 아나하임사의 신형 MS 개발계획 [Z 프로젝트]에 관련하여 시험 제작된 MS의 하나로, 변형 기구의 테스트용으로 개발된 기체다. MA형태에서의 운동성과 가속 성능은 양호했지만, 가변 기능을 너무 우선시했기 때문에 기체의 내구력은 낮으며, 화력도 빈약하다. 그 때문에 시작기 몇 기가 완성된 시점에서 개발은 중지되고 양산은 미루어졌다. 그러나 조종이 용이했기 때문에 일부 기체가 개수되어 전선으로 배치되었다.', '만능', 'on', 'on', 'off', 'off'),
(12013, 62, '제타 건담 (빔 사벨)', 'A', 'S', 'muk', 3, '빔 사벨', 32, '빔 라이플', 36, '그레네이드 런처', 32, '빔 라이플', 0, 'Empty', 0, 'Empty', '공격력 업', '필살기 각성', '난무형 필살기', 14.7, 15.3, 18.3, 22.8, 21.3, 20.7, '에우고의 공격용 시작형 가변 MS인 「제타 건담」의 무장 변경 형태이다. 「제타 건담」은 그 자체 성능만으로도 우수한 기체였지만, 극중 파일럿인 카미유 비단의 각성과 뉴타입 능력에 감응하여 엄청나게 강한 기체로 업그레이드 된다. 「함브라비」를 일격에 두 동강낸 [하이퍼 빔 사벨]이나 「디 오」를 격파한 [웨이브 라이더 돌격] 등 격투전에 특화된 필살기를 갖추고 있는 것이 특징이다.', '만능', 'on', 'off', 'off', 'off'),
(12015, 64, '백식 (크레이 바주카)', 'A', 'S', 'chi', 3, '빔 사벨', 34, '크레이 바주카', 35, '크레이 바주카 산탄', 0, 'Empty', 0, 'Empty', 0, 'Empty', '노련한 레인저', '뉴타입 각성 (A랭크)', '맵 병기형 필살기', 14.1, 17.4, 18.3, 22.8, 19.2, 18.6, '에우고의 공격용 시작형 MS. 아나하임사의 신형 MS 개발계획 「Z프로젝트」에 의해 시험 제작된 기체 중 하나이다. 기획 단계는 가변 MS가 될 예정이었으나 변형기구의 문제로, 비 변형 MS로서 재개발되었다. 무버블 프레임과 윙 바인더 등, 당시 최첨단 기술을 투입, 고성능인 기체가 되었다. 「릭 디아스」의 크레이 바주카를 운용할 수 있어 범용성이 높으며, 대형 메가입자포인 메가 바주카 런처의 사용도 가능하다. 「백식」의 어원은 나가노 박사가 ''100년은 버틸 기체''란 의미로 지었다고 한다.', '만능', 'off', 'off', 'off', 'off'),
(12016, 164, 'ZZ건담', 'A', '-', 'muk', 3, '하이퍼 빔 사벨', 32, '더블 빔 라이플', 22, '더블 발칸', 36, '미사일 런처', 0, 'Empty', 0, 'Empty', '방어력 업', '뉴타입 각성 (A랭크)', '난무형 필살기', 14.4, 19.8, 18.3, 20.7, 15.3, 19.5, '에우고의 범용 시작형 가변 합체 MS. 건담의 코어 블록 시스템과 G아머 시스템, 제타 건담의 변형기구를 1기의 MS로 압축했다. MA형태「G포트리스」로의 변형 기구를 보유하고, 제네레이터도 2기 탑재되어 있기 때문에 하이 메가 캐논을 비롯한 강력한 빔 병기를 다수 장비했다. 공룡과 같은 진화를 이루어낸 이 시대의 MS의 상징이라 할 수 있는 기체로 그 전투 능력은 양산기와는 차원이 다른 것이었다. 제1차 네오 지온 항쟁 시에 아가마에 배치되어 「건담 팀」의 리더기로서 많은 전과를 올렸다.', '만능', 'on', 'off', 'off', 'off'),
(12018, 228, '풀아머 ZZ건담', 'S', '-', 'chi', 36, '스프레이 미사일', 32, '더블 빔 라이플', 42, '하이 메가 캐논', 3, '하이퍼 빔 사벨', 32, '더블 빔 라이플', 0, 'Empty', '공격력 업', '뉴타입의 의지', '전탄 발사형 필살기', 15.9, 22.8, 18.3, 23.7, 15.3, 18.6, '에우고의 범용시작형중 MS. 복잡한 변형합체구조를 갖고 있는 ZZ건담의 취약성을 보강하기 위해, 추가장갑을 추가한 기체이다. 추가장갑내에는 하이 메가 캐논과 각종 미사일이 장비되어 있고, I-필드 제네레이터도 탑재하고 있다. 전체적인 방어력 뿐만 아니라 화력도 한층 보강 및 강화되어, ZZ 건담의 완성형에 걸맞는 스펙을 갖추게 되었다. 한편, 슬래스터의 추진력도 대폭으로 파워업되어 있어, 중량의 증가에도 불구하고 기동성은 많이 떨어지지 않았다.', '만능', 'on', 'off', 'off', 'off'),
(12019, 171, '짐III', 'C', '-', 'chi', 3, '빔 사벨', 32, '빔 라이플', 36, '미사일 포드', 0, 'Empty', 0, 'Empty', 0, 'Empty', '리로드 업', '저력발동', '난무형 필살기', 9.9, 13.8, 12.3, 13.5, 9.3, 12.6, '에우고의 범용 양산형 MS. RGM-79 짐의 발전형이다. 신기술을 적극적으로 받아들여 생산성을 유지하면서 성능을 향상시키는 것에 성공했다. 옵션병기로서 어깨 부분과 허리 부분에 각종 미사일 런처를 장비하는 것이 가능하고 지원용 MS로 운용되는 경우가 많다.  제1차 네오 지온 항쟁 때에는 에우고와 카라바의 주력기로서 사용되었고, 연방군에서는 그리프스 전쟁 말기에 짐II와 교체가 추진되어, 제2차 네오 지온 항쟁 시대까지 주력 MS로서 사용되었다.', '만능', 'off', 'off', 'off', 'off'),
(12020, 172, '짐III (빔 사벨)', 'C', 'R', 'muk', 3, '빔 사벨', 32, '빔 라이플', 22, '발칸포', 0, 'Empty', 0, 'Empty', 0, 'Empty', '노련한 인파이터', '방어력 업', '난무형 필살기', 10.8, 16.8, 12.3, 14.7, 9.3, 16.5, '에우고의 범용 양산형 MS. RGM-79 짐의 발전형이다. 신기술을 적극적으로 받아들여 생산성을 유지하면서 성능을 향상시키는 것에 성공했다. 옵션병기로서 어깨 부분과 허리 부분에 각종 미사일 런처를 장비하는 것이 가능하고 지원용 MS로 운용되는 경우가 많다.  짐III (빔 사벨)은 기존 짐III 에 비해 밸런스 적으로 근접전 위주전투에 조금 더 특화 되어 있다.', '만능', 'off', 'off', 'off', 'off'),
(12021, 160, '네모', 'C', '-', 'muk', 3, '빔 사벨', 32, '빔 라이플', 22, '발칸포', 0, 'Empty', 0, 'Empty', 0, 'Empty', '기동성 업', '공격력 업', '난무형 필살기', 9.3, 9.3, 12.3, 13.5, 12.3, 15.6, '에우고의 범용 양산형 MS. 아나하임사가 개발한 짐II의 후계 발전기다. 장갑재로 건다리움 합금을 사용하여 기체를 경량화하고 있으며 내탄성, 운동성도 상당히 향상되었다. 또 제네레이터 출력도 상당히 향상되어, 짐II나 하이잭 등 종래의 양산기에 비해 한수 위의 성능을 지니고 있다. 범용성또한 높아 다수 기체가 생산되어 그리프스 전쟁에서 에우고의 주력 MS로서 활약했다.', '만능', 'off', 'off', 'off', 'off'),
(12022, 163, '강화형 ZZ건담', 'A', 'S', 'ba', 3, '하이퍼 빔 사벨', 36, '미사일 런처', 41, '더블 빔 라이플 (최대출력)', 32, '더블 빔 라이플', 0, 'Empty', 0, 'Empty', '저력발동', '뉴타입 각성 (A랭크)', '맵 병기형 필살기', 14.4, 13.8, 18.3, 25.8, 22.8, 14.4, '「풀아머 ZZ건담」의 본체가 되는 기존의 「ZZ건담」에도 성능 강화 및 밸런스 조정을 목적으로 한 개수 작업이 이루어졌다. 그 결과가 「강화형 ZZ건담」이라 불리는 사양이며, 장갑의 환장과 제네레이터의 출력 및 추진력 등이 향상되었다. 이러한 성능의 향상은 ‘풀아머 화’ 로 인한 본체의 부하를 견뎌내기 위한 조치에서 비롯되었지만, 결과적으로 기존의 「ZZ건담」 보다 훨씬 우수한 성능을 갖는 결과를 낳게 되었다.', '만능', 'on', 'off', 'off', 'off'),
(12025, 608, '제타 자쿠', 'B', 'R', 'muk', 3, '빔 사벨', 32, '빔 라이플', 36, '그레네이드 런처', 0, 'Empty', 0, 'Empty', 0, 'Empty', '건담파이터 격투술', '방어력 업', '난무형 필살기', 11.4, 19.8, 15.3, 18.6, 10.8, 15.6, '제타 건담의 몸체에 자쿠의 두부 유닛을 붙인 기체. 애니메이션 <기동전사 건담 ZZ> 12화에서만 등장한다. 햄머 햄머, R쟈쟈와의 전투에서 두부를 파손 당한 Z 건담에 우주 공역에서 우연히 발견한 MS-06F 자쿠II 의 두부 유닛을 붙인 통칭 ‘Z 자쿠’. Z건담과는 다르게 전천주위(全天周&#22258;) 모니터가 제대로 작동하지 않았고, 때로는 영상에 노이즈가 섞이기도 하였다.', '만능', 'off', 'off', 'off', 'off'),
(12026, 623, '슈츠룸 디아스', 'B', '-', 'ba', 3, '빔 사벨', 34, '크레이 바주카', 42, '메가입자포', 0, 'Empty', 0, 'Empty', 0, 'Empty', '리로드 업', '방어력 업', '전탄 발사형 필살기', 12.3, 15.3, 12.3, 20.7, 15.3, 12.6, '네오 지온군의 양산형 공격 MS. 릭 디아스의 화력증강형으로, 등 부분의 바인더를 메가입자포가 내장된 글라이 바인더로 교환한 기체다. 릭 디아스에 비해 화력과 기동성은 향상되었으나, 바인더가 대형화되었기 때문에 격투전에는 다소 부적합하다. 본래는 에우고에 배치될 예정이었으나, 정치적인 뒷거래로 네오 지온에 양도되어, 사이드3내의 ''숨은 지온파''에게 배치되었다. 제1차 네오 지온 항쟁 후반, 넬 아가마 요격 작전에 투입되나, 아군의 배신으로 전부 격파당해 버린다.', '만능', 'off', 'off', 'off', 'off'),
(12029, 521, '네모 (CU)', 'C', 'U', 'muk', 3, '빔 사벨', 32, '빔 라이플', 22, '발칸포', 0, 'Empty', 0, 'Empty', 0, 'Empty', 'MS 격투술', '공격력 업', '난무형 필살기', 9.3, 12.3, 9.3, 13.5, 12.3, 16.5, '에우고의 범용 양산형 MS. 아나하임사가 개발한 짐II의 후계 발전기다. 장갑재로 건다리움 합금을 사용하여 기체를 경량화하고 있으며 내탄성, 운동성도 상당히 향상되었다. 2009년 10월 유저 응모 컨테스트 당선 유닛으로, 닉네임  "쿠렉토" 가 디자인하였다. CU랭크의 「네모 (CU)」은 일반 C 랭크의 「네모」에서 컬러링만 변경된 것이 아니라, 약간의 스탯 조정도 이루어져있다.', '만능', 'off', 'off', 'off', 'off'),
(12030, 523, '짐III (CU)', 'C', 'U', 'chi', 3, '빔 사벨', 32, '빔 라이플', 36, '미사일 포드', 0, 'Empty', 0, 'Empty', 0, 'Empty', '리로드 업', '공격력 업', '난무형 필살기', 9.3, 9.3, 12.3, 15.9, 13.8, 12.6, '에우고의 범용 양산형 MS. RGM-79 짐의 발전형이다. 신기술을 적극적으로 받아들여 생산성을 유지하면서 성능을 향상시키는 것에 성공했다. 옵션병기로서 어깨 부분과 허리 부분에 각종 미사일 런처를 장비하는 것이 가능하고 지원용 MS로 운용되는 경우가 많다.  2009년 11월 유저 응모 컨테스트 당선 유닛으로, 닉네임  "l쿠로이l" 가 디자인하였다. CU랭크의 「짐III (CU)」은 일반 C 랭크의 「짐III」에서 컬러링만 변경된 것이 아니라, 약간의 스탯 조정도 이루어져있다.', '만능', 'off', 'off', 'off', 'off'),
(13001, 77, '사이코 건담', 'A', '-', 'chi', 1, '격투', 23, '소형 메가 빔포', 21, '빔포', 21, '확산 메가입자포', 0, 'Empty', 0, 'Empty', '철벽 수비 EX', 'I필드', '난무형 필살기', 17.7, 19.8, 18.3, 17.7, 15.3, 9.3, '연방군의 뉴타입 전용 시작형 가변 MA. 연방군 최초의 뉴타입 전용기로, 미노프스키 크래프트, I필드, 다수의 메가입자포 등을 무장한 전비중량 200t의 초대형기체이다. 비트 등의 원거리 사이코뮤 병기는 탑재되지 않았지만, 화기관제와 기체 컨트롤을 사이코뮤로 제어해, 사이코뮤로 제어되는 기동요새로서 광범위한 제압 작전 등의 목적으로 개발되었다. 공격력과 방어력에 있어서 절대적인 힘을 지녔지만, 파일럿인 강화인간의 정신 상태가 불안정해서 그 성능이 완전히 발휘되는 일은 없었다. ', '지상', 'on', 'off', 'on', 'off'),
(13003, 86, '하이잭', 'C', '-', 'chi', 3, '빔 사벨', 33, '자쿠 머신건 개량형', 36, '미사일 포드', 0, 'Empty', 0, 'Empty', 0, 'Empty', '공격력 업', '장갑 관통', '난무형 필살기', 9.6, 10.8, 12.3, 12.3, 10.8, 12.6, '티탄즈의 범용 양산형 MS. 일년전쟁 후, 연방계의 기술에 지온계의 기술을 더해 개발되었다. 외관은 자쿠를 연상시키나, 전방위 모니터와 리니어 시트 등의 신기술을 장비하여, 자쿠와는 다른 계통의 MS라고 말할 수 있다. 성능은 평이하나, 범용성과 생산성이 뛰어나고 조종성도 양호하므로, 대량으로 생산되어 각지에 배치되었다. 그리프스 전쟁 초기에 티탄즈에서도 주력 MS로서 사용되고 있다.', '만능', 'off', 'off', 'off', 'off'),
(13004, 85, '짐II (티탄즈)', 'C', '-', 'muk', 3, '빔 사벨', 32, '빔 라이플', 22, '발칸포', 0, 'Empty', 0, 'Empty', 0, 'Empty', '저력발동', '방어력 업', '난무형 필살기', 9.6, 10.8, 12.3, 13.5, 10.8, 15.6, '연방군의 범용 양산형 MS. RGM-79 짐의 후계기. 제네레이터 출력의 향상으로 주무장은 빔 라이플을 가진다. 또 드러스터 추진력과 장갑도 다소 강화되어 있으며 콕피트 시스템에는 리니어 시트를 도입하고 있다. 생산 대수가 많아, 전쟁 초기에는 연방/에우고의 양 진영에서 사용되었다. 연방군에 소속된 기체는 붉은 계통으로, 에우고에 소속된 것은 녹색 계통으로 칠해진 것이 특징이다.', '만능', 'off', 'off', 'off', 'off'),
(13005, 80, '마라사이', 'B', '-', 'ba', 3, '빔 사벨', 32, '빔 라이플 (저출력)', 43, '빔 라이플 (고출력)', 0, 'Empty', 0, 'Empty', 0, 'Empty', '저력발동', '방어력 업', '난무형 필살기', 11.7, 13.2, 15.3, 17.7, 12.9, 14.4, '티탄즈의 범용 양산형 MS. 아나하임사가 개발한 「하이잭」의 발전형 기체로, 일부 무장을 「하이잭」과 공용하는 것이 가능하다. 전체적인 성능 밸런스가 좋고, 건다리움 합금으로 본체 중량이 대폭 경량화되었으며, 제네레이터 출력도 강화되어서 빔 병기 사용에도 제한이 없다. 본래는 에우고에 배치될 예정이었으나, 정치적인 사정에 의해 티탄즈에 무상으로 공급되었다. 머리 부분의 뿔은 단순히 안테나로, 대장기임을 나타내는 장식은 아니다.', '만능', 'off', 'off', 'off', 'off'),
(13006, 79, '건담Mk-II (티탄즈)', 'B', 'S', 'muk', 3, '빔 사벨', 32, '빔 라이플', 22, '발칸포', 0, 'Empty', 0, 'Empty', 0, 'Empty', '노련한 인파이터', '공격력 업', '난무형 필살기', 10.8, 12.3, 15.3, 18.6, 18.3, 18.6, '티탄즈의 범용시작형 MS. 일년전쟁의 명기체인 RX-78 건담을 재설계한 것으로, 짐 쿠엘을 베이스로 개발된 기체다. 무버블 프레임을 최초로 도입하는 등 종합적인 성능을 끌어올리기 위해 기술자들이 고심한 흔적이 보인다. 주로 콜로니 내의 작전을 상정해서 개발된 기체였기 때문에, 시작기는 사이드7의 그리프스에 반입되어서 운용 시험을 실시했으나, 에우고에 의해 시작기 모두가 탈취되어 결국 본 기체의 개발은 중지되었다. 기체의 컬러는 티탄즈 컬러인 검은색 계통으로 도장되어 있다.', '만능', 'off', 'off', 'off', 'off'),
(13007, 88, '하이잭 커스텀', 'C', '-', 'ba', 3, '빔 사벨', 32, '저격용 빔 런처 (저출력)', 43, '저격용 빔 런처 (고출력)', 0, 'Empty', 0, 'Empty', 0, 'Empty', '정밀 저격', '저력발동', '맵 병기형 필살기', 8.7, 7.8, 12.3, 11.1, 15.3, 9.3, '티탄즈의 저격용 시작형 MS. 하이잭의 개조형으로써, 장거리저격능력을 중심으로 전반적으로 성능이 향상되어있다. 개량형의 제네레이터를 탑재하고 있고, 주력 무장장비로 저격용 고출력 빔 런처를 장비하고 있다. 또한, 드러스터 추진력과 센서도 강화되어 있어, 하이잭의 충실한 업그레이드 판이라 할 수 있다. 극중에서는 사이드2 부근에 잠복한 2기의 하이잭 커스텀이 에우고의 전함과 MS를 저격하는 임무가 그려진다.', '만능', 'off', 'off', 'off', 'on'),
(13008, 83, '짐 쿠엘', 'C', '-', 'muk', 3, '빔 사벨', 32, '빔 라이플', 22, '발칸포', 0, 'Empty', 0, 'Empty', 0, 'Empty', '방어력 업', 'V백신', '난무형 필살기', 10.2, 12.3, 12.3, 12.3, 9.3, 15.6, '티탄즈의 범용 양산형 MS. RGM-79 짐의 바리에이션 중 하나로 짐 커스텀등의 데이터를 참고로 개발된 성능 향상기다. 높은 레벨로 균형 잡힌 성능을 가지며, 양산성도 우수하다. 티탄즈 설립 시 소수가 생산되어 콜로니 내의 경비 임무에 사용되었으나, 그리프스 전쟁 때에는 이미 구식화되어 버려서 최전선에서 이용되지는 않았다. 특유의 다크 그레이 컬러링은「티탄즈 컬러」로서 건담Mk-II에도 이용되고 있다.', '만능', 'off', 'off', 'off', 'off'),
(13009, 81, '앗시마', 'B', '-', 'ba', 1, '격투', 32, '대형 빔 라이플 (저출력)', 43, '대형 빔 라이플 (고출력)', 32, '대형 빔 라이플 (저출력)', 0, 'Empty', 0, 'Empty', '기동성 업', '저력발동', '난무형 필살기', 12.3, 16.2, 15.3, 19.2, 11.4, 14.4, '연방군의 양산형 가변 MA. 연방군이 처음 개발한 가변 양산기로 대기권 내의 운용을 목적으로 설계되었다. 원반형의 독특한 형태로 공중전 성능이 메우 높다. MA 형태에서의 공중전을 중시하여 주무장은 대형 빔 라이플 1문만 장착했기 때문에 MS 형태에서의 전투 능력은 그다지 높지 않다. 가변 MA로서는 양호한 생산성을 지녀서, 다수가 생산되어 방공용으로 배치되었다. 그리프스 전쟁 때에는 아우도무라 추격 작전과 다카르 공방전 등에 투입되었다.', '지상', 'on', 'off', 'off', 'off'),
(13011, 82, '함브라비', 'B', '-', 'muk', 3, '빔 사벨', 32, '더블 빔 건', 11, '바다뱀', 1, '격투', 0, 'Empty', 0, 'Empty', '확장 부스터', '공격력 업', '난무형 필살기', 10.8, 11.4, 15.3, 20.1, 17.7, 17.4, '연방군의 공격형 가변 MS. 근거리 전투를 중시하며 개발된 가변 MS로, 기동성과 운동성이 뛰어나며 MA형태로도 높은 격투 성능을 발휘한다. MS, MA 양 형태에 대응하기 위해 5기의 모노 아이를 장비하고, 기체 각처에 스태빌라이저를 갖춰 놓아 높은 운동성을 발휘한다. 빔 사벨과 클로를 사용한 격투전 이외에 전격 무기인「바다뱀」과「거미집」등을 사용한 변칙적인 전투를 하는 경우도 많았다. 그리프스 전쟁 후반, 티탄즈에 시작기 3기가 배치되어 편대 전투에 의해 많은 전과를 올렸다.\r\n', '만능', 'on', 'off', 'off', 'off'),
(13013, 75, '디 오', 'A', 'R', 'chi', 3, '빔 소드 2도류', 32, '빔 라이플 (저출력)', 43, '빔 라이플 (고출력)', 0, 'Empty', 0, 'Empty', 0, 'Empty', '방어력 업', '리미터 해제 EX', '난무형 필살기', 14.4, 18.3, 18.3, 21.3, 18.3, 17.4, '티탄즈의 범용 시작형 MS. 종래기와는 완전히 다른 설계 사상에 의해 개발되었으며, 전신을 둘러싼 중장갑과 허리 부분의 다중 관절 등 상당히 특이한 형태로 만들어졌다. 전비중량 90t에 가까운 중 MS지만 둔해보이기는 커녕, 전신에 내장된 50개의 고기동 버니어로 엄청난 기동성과 운동성을 발휘한다. 또한 바이오 센서를 탑재하여 사이코 웨이브의 증폭을 꾀하고 있으며, 교전도 하기 전에 이 바이오 센서에 의해 발동된 프렛셔에 ''위압당했다''고 느끼는 적 파일럿도 많았다고 전해진다.', '만능', 'off', 'off', 'off', 'off'),
(13014, 87, '하이잭 (빔라이플)', 'C', 'R', 'chi', 2, '히트 호크', 32, '빔 라이플', 36, '미사일 포드', 0, 'Empty', 0, 'Empty', 0, 'Empty', '기동성 업', '철벽수비 (C랭크)', '난무형 필살기', 9.9, 13.8, 12.3, 13.5, 10.8, 13.5, '티탄즈의 범용 양산형 MS인 「하이잭」의 빔 라이플 장비 형태이다. 범용성이 뛰어난 하이잭이었지만, 제네레이터 출력이 약해서 빔병기의 운용에 제한되는 약점을 지니고 있었다. 이에 따라 빔 라이플을 장비하였을 때는 근접 무장을 빔 사벨이 아닌 히트 호크로 장비하여, 범용성과 화력 유지라는 일석이조의 효과를 보이고 있다.', '만능', 'off', 'off', 'off', 'off'),
(13015, 78, '사이코 건담 (메가입자포)', 'A', 'R', 'ba', 1, '격투', 21, '빔포', 42, '메가입자포', 21, '확산 메가입자포', 0, 'Empty', 0, 'Empty', 'I필드', '방어지휘', '맵 병기형 필살기', 18.6, 16.8, 18.3, 18.6, 19.8, 7.5, '연방군의 뉴타입 전용 시작형 가변 MA인「사이코 건담」의 메가입자포 장비 타입 형태이다. 대형 MA 특유의 방어력과 묵직함을 그대로 살리면서도, 복부의 메가입자포 3문을 장비하여 중/원거리 전투에 적응할 수 있도록 세팅되어있다.', '지상', 'on', 'off', 'on', 'off'),
(13017, 84, '짐 쿠엘 (수리장비)', 'C', 'S', 'chi', 3, '빔 사벨', 32, '빔 라이플', 23, '수리장비', 0, 'Empty', 0, 'Empty', 0, 'Empty', '방어력 업', '노련한 레인저', '난무형 필살기', 5.1, 15.3, 12.3, 13.5, 9.3, 13.5, '티탄즈의 범용 양산형 MS인 「짐 쿠엘」의 수리장비 탑재 형태이다. 전투력은 낮지만, 수리장비로 아군 기체를 수리할 수가 있기 때문에 전략적인 가치가 높은 기체이다.', '만능', 'off', 'on', 'off', 'off'),
(13018, 159, '가르발디 베타', 'C', '-', 'chi', 3, '빔 사벨', 32, '빔 라이플', 36, '실드 미사일', 0, 'Empty', 0, 'Empty', 0, 'Empty', '노련한 레인저', '저력발동', '난무형 필살기', 9.9, 12.3, 12.3, 13.5, 9.3, 12.6, '연방군의 범용 양산형 MS. 구 지온군의 시작 MS「가르발디 알파」를 개수해서 양산한 기체다. 구식 MS의 개수기이지만, 기체가 경량화되었기 때문에 기동성과 운동성이 높고, 그리프스 전쟁 때의 MS와도 호각으로 맞설 수 있는 성능을 지니고 있다. 단, 경량화의 대가로 장갑이 얇고 장갑재도 구식이기 때문에 방어력은 낮다. 주로 루나2의 주둔함대에 배치되었으며 후에 티탄즈에게도 공급된다.\r\n', '만능', 'off', 'off', 'off', 'off'),
(13019, 76, '디 오 (빔 소드)', 'A', 'S', 'muk', 3, '빔 소드 2도류', 3, '빔 소드 4도류', 3, '빔 소드 찌르기', 0, 'Empty', 0, 'Empty', 0, 'Empty', '확장 부스터', '뉴타입 각성 (A랭크)', '난무형 필살기', 15, 21.3, 18.3, 22.2, 15.3, 20.7, '티탄즈의 범용 시작형 MS 「디 오」의 근접 전투 특화 형태이다. 기존 「디 오」가 가진 엄청난 기동성과 운동성에 더해, 근접 전투에 적합한 성능으로 조정되어 있다. 특히 프론트 스커트 안쪽에 숨겨져 있는 숨긴 팔 빔 사벨의 4도류 포스는 백병전에 특화된 기체 컨셉을 잘 나타내주고 있다.', '만능', 'off', 'off', 'off', 'off'),
(13020, 155, '가브스레이', 'B', '-', 'ba', 3, '빔 사벨', 32, '페다인 라이플 (저출력)', 43, '페다인 라이플 (고출력)', 42, '어깨 메가입자포', 0, 'Empty', 0, 'Empty', '방어력 업', '필살기 각성', '난무형 필살기', 10.8, 12.3, 15.3, 20.1, 16.8, 14.4, '티탄즈의 가변시작형 MS. 파프테마스 시로코의 설계에 의해 개발된 기체의 하나로 티탄즈 최초의 가변 MS다. 장거리 공격이 가능며 위력 또한 출중한 페다인 라이플과 기동식의 어깨 부분 메가입자포, 빔 사벨 4개로 무장하여 높은 공격력을 지녔다. MA형태 시 장갑이 전면에, 드러스터는 후면에 집중되어, 내탄성과 기동성이 동시에 향상되는 장점이 있다. 그러나 비슷한 시기에 개발된 함브라비에 비해 변형기구가 복잡하여, 결국 양산되지 못하고 시작기 몇 기가 배치되는데 그쳤다.', '만능', 'on', 'off', 'off', 'on'),
(13022, 156, '멧사라', 'B', '-', 'ba', 3, '빔 사벨', 36, '그레네이드 런처', 36, '미사일 포드', 42, '메가입자포', 0, 'Empty', 0, 'Empty', '리로드 업', '필살기 각성', '전탄 발사형 필살기', 12.3, 14.4, 12.3, 20.1, 14.7, 14.4, '티탄즈의 공격용 가변 시작형 MS. 파프테마스 시로코가 모함 쥬피트리스에서 자력으로 개발한 기체로, MS형태일 경우 높이가 30m를 넘는 대형기체이다. 목성의 중력 하에서의 운용을 위해 강력한 추진력을 보유하고 있어, 지구권에서의 기동성과 가속성은 현저하게 높다. 그러나 대추진력 때문에 변형 시와 급선회 시 등에 걸리는 G가 지극히 크며, 심하게 파일럿을 가리는 기체가 되었다.  그리프스 전쟁 중, 쥬피트리스의 주력 MS로서, 여러 차례 에우고의 MS부대와 교전을 벌였다.', '우주', 'on', 'off', 'off', 'on'),
(13024, 152, '바운드 독', 'A', '-', 'chi', 3, '빔 사벨', 32, '빔 라이플', 21, '확산 메가입자포', 1, '격투', 0, 'Empty', 0, 'Empty', '방어력 업', '저력발동', '맵 병기형 필살기', 14.4, 18.3, 18.3, 22.2, 15.3, 16.5, '그리프스 전역 당시에 개발된 NRX-055 <바운드 독>은, 지구연방군관할하의 뉴타입 연구소가 추진한 연구의 성과라고 말할 수 있는 시작TMA(가변MA)다. 사이코뮤&#12539;조종계를 도입한 <바운드 독>은, 기체에서 방출되는 사이코&#12539;웨이브에 의해 파일럿의 의지를 속박할수록 능력을 발휘했다. 그 힘은 티탄즈에 이용되어, 파일럿에 발탁된 강화인간의 비극적인 운명을 초래했다. 불완전한 강화인간의 파일럿 능력 때문에 최대 전투 능력은 이끌어내지 못했다.', '만능', 'on', 'off', 'off', 'off'),
(13026, 153, '파라스 아테네', 'A', '-', 'ba', 3, '빔 사벨', 32, '2연장 빔 건', 21, '확산 빔 포', 0, 'Empty', 0, 'Empty', 0, 'Empty', '방어력 업', '리미터 해제 EX', '난무형 필살기', 13.8, 16.8, 18.3, 22.8, 16.8, 16.5, '티탄즈의 공격용 시작형 MS. 팹티머스 시로코가 쥬피트리스에서 개발한 MS 중 하나. 대함공격을 주목적으로 한 중화력 MS다. 팔 부분과 어깨 부분에 빔 병기를 내장하고 2연장 빔 건을 휴대, 실드에도 미사일을 내장하고 있다. 또 옵션 병기로서 등 부분의 무버블 실드에 대형미사일 8기를 장비하는 것도 가능하다. 순양함에 필적하는 고화력을 자랑하는 기체지만, 반면 전비중량이 무거워, 운용성과 기동성은 낮다. 콜로니 레이저 쟁탈전 때, 건담Mk-II와의 전투에 의해 격파된다.', '만능', 'off', 'off', 'off', 'off'),
(13027, 154, '파라스 아테네 (대형 미사일)', 'A', 'R', 'chi', 3, '빔 사벨', 32, '2연장 빔 건', 36, '대형 미사일', 0, 'Empty', 0, 'Empty', 0, 'Empty', '저력발동', '돌격지휘', '난무형 필살기', 13.8, 15.3, 18.3, 23.7, 21.3, 18.6, '티탄즈의 공격용 시작형 MS. 파프테마스 시로코가 쥬피트리스에서 개발한 MS 중 하나. 대함공격을 주목적으로 한 중화력 MS다. 팔 부분과 어깨 부분에 빔 병기를 내장하고 2연장 빔 건을 휴대, 실드에도 미사일을 내장하고 있다. [파라스 아테네 (대형 미사일)]은 옵션 병기로서 등 부분의 무버블 실드에 대형 미사일 8기를 장비, 화력증대로 인해, 좀 더 액티브한 전투가 가능해진 버전이다.', '만능', 'off', 'off', 'off', 'off'),
(13028, 158, '보리노크 사만', 'B', '-', 'chi', 2, '빔 토마호크', 32, '메가입자포', 36, '그레네이드 런처', 0, 'Empty', 0, 'Empty', 0, 'Empty', '철벽수비 (B랭크)', '공격력 업', '난무형 필살기', 12.3, 15.3, 15.3, 20.1, 12.3, 14.4, '티탄즈의 범용시작형 MS. 파프테마스 시로코가 쥬피토리스에서 개발한 기체 중 하나이다. MS로서의 성능은 표준이지만, 두부에 복합탐지 시스템과 왼쪽 팔에 센서를 내장하여 뛰어난 성능을 갖고 있다. 또, 격투용 병기를 중심으로 무장도 충실하고, 운동성도 높다. 그리프스 전쟁후반에 실전투입되지만, 강화인간인 파일럿의 불안정한 심리 상태와 여러 요인으로 인해, 눈에 띄는 성과는 올리지 못했다. 후에 G디펜서의 공격에서 디&#12539;오를 구하고 격파되었다.', '만능', 'off', 'off', 'off', 'off'),
(13029, 512, '짐 쿠엘 (CU)', 'C', 'U', 'muk', 3, '빔 사벨', 32, '빔 라이플', 22, '발칸포', 0, 'Empty', 0, 'Empty', 0, 'Empty', '공격력 업', '저력발동', '난무형 필살기', 10.2, 9.3, 12.3, 12.3, 12.3, 15.6, '티탄즈의 범용 양산형 MS. RGM-79 짐의 바리에이션 중 하나로 짐 커스텀등의 데이터를 참고로 개발된 성능 향상기다. 2008년 12월 유저 응모 컨테스트 당선 유닛으로, 닉네임  "흑전" 가 디자인하였다. CU랭크의 「짐 쿠엘」은 일반 C 랭크의 「짐 쿠엘」에서 컬러링만 변경된 것이 아니라, 약간의 스탯 조정도 이루어져있다.', '만능', 'off', 'off', 'off', 'off'),
(13030, 516, '가르발디 베타 (CU)', 'C', 'U', 'chi', 3, '빔 사벨', 32, '빔 라이플', 36, '실드 미사일', 0, 'Empty', 0, 'Empty', 0, 'Empty', '리로드 업', '철벽수비 (C랭크)', '난무형 필살기', 9.9, 9.3, 12.3, 12.3, 13.8, 11.4, '연방군의 범용 양산형 MS. 구 지온군의 시작 MS「가르발디 알파」를 개수해서 양산한 기체다. 구식 MS의 개수기이지만, 기체가 경량화되었기 때문에 기동성과 운동성이 높고, 그리프스 전쟁 때의 MS와도 호각으로 맞설 수 있는 성능을 지니고 있다. 2009년 4월 유저 응모 컨테스트 당선 유닛으로, 닉네임  "MASURAO" 가 디자인하였다. CU랭크의 「가르발디 베타」은 일반 C 랭크의 「가르발디 베타」에서 컬러링만 변경된 것이 아니라, 약간의 스탯 조정도 이루어져있다.', '만능', 'off', 'off', 'off', 'off'),
(13031, 601, '가즈L', 'B', '-', 'chi', 3, '빔 사벨', 32, '빔 라이플', 42, '빔 캐논', 0, 'Empty', 0, 'Empty', 0, 'Empty', '리로드 업', '공격력 업', '난무형 필살기', 12.3, 12.3, 15.3, 18.6, 12.3, 14.4, '네오 지온군의 친위대용 MS. 연방군의 가르발디베타의 개수기이며 지휘관기의 왼편을 지키기 위해 제작된 커스텀 MS 다. 구식기를 리파인한 기체이지만, 장갑재에 건다리움 합금을 사용했고, 드러스터의 추진력과 제네레이터 출력도 크게 강화됐다. 그 때문에 베이스기와는 다른 기체로 불릴 정도로 고성능기가 되었다. 전용 무기로서 격투용의 거대한 히트 랜스를 왼팔에 장비한다. 또 왼쪽 어깨 아머 내에는 각종 병기를 내장할 수 있다.', '만능', 'off', 'off', 'off', 'off'),
(13032, 602, '가즈R', 'B', '-', 'muk', 4, '히트 랜스', 32, '빔 라이플', 4, '히트 랜스', 0, 'Empty', 0, 'Empty', 0, 'Empty', '방어력 업', '노련한 인파이터', '난무형 필살기', 11.4, 15.3, 15.3, 18.6, 15.3, 17.4, '네오 지온군의 친위대용 ＭＳ.연방군의 가르발디베타의 개수기이며 지휘관기의 오른편을 지키기 위해 제작된 커스텀 MS 다. 구식기를 리파인한 기체이지만, 장갑재에 건다리움 합금을 사용했고, 드러스터의 추진력과 제네레이터 출력도 크게 강화됐다. 그 때문에 베이스기와는 별도의 기체라 불릴 정도로 고성능기가 되었다. 전용 무기로서 격투용의 거대한 히트 랜스를 오른팔에 장비한다. 또 오른쪽 어깨 아머 내에는 각종 병기를 내장할 수 있다.', '만능', 'off', 'off', 'off', 'off'),
(13033, 635, '아이잭', 'C', '-', 'chi', 1, '격투', 33, '자쿠 머신건 개량형', 1, '쉴드 공격', 0, 'Empty', 0, 'Empty', 0, 'Empty', '통신지휘', '노련한 레인저', '난무형 필살기', 9.9, 13.8, 12.3, 13.5, 10.8, 13.5, '하이잭을 베이스로 개발한 연방군의 정찰용 양산형 MS. 후두부에 거대한 원반형 레이더를 장비하고 있으며, 백팩에는 4기의 데이터 포트가 있다. 또한, 대형 프로프란트 탱크를 통해 장기간 활동을 지속할 수 있다. 제 1차 네오지온 항쟁에서 네오지온군에 빼앗긴 기체가 전선 배치되기도 하였으며, 아프리카 해방전선 푸른부대도 연방군으로 부터 탈취한 기체를 사용하였다.', '만능', 'off', 'off', 'off', 'off'),
(14001, 93, '가자C', 'C', '-', 'ba', 3, '빔 사벨', 32, '빔 건', 42, '너클 버스터', 0, 'Empty', 0, 'Empty', 0, 'Empty', '정밀 저격', '노련한 스나이퍼', '맵 병기형 필살기', 8.7, 9.3, 12.3, 11.1, 12.3, 9.3, '액시즈의 양산형 MS. 무버블 프레임을 채용하지 않고, 몸체가 블록 형태로 나뉘어져 있어서 생산성이 아주 우수했다. 종합성능은 그리 높지 않았지만 집단 운용 작전을 주로 펼쳤기 때문에, 상대 파일럿들에게 절대 하찮은 상대는 아니었다. 빔 사벨 기본 장비에, 특히 몸체에 고정으로 부속된 무기인 너클 버스터는 가격대 성능비가 아주 우수한 무기라 평가받는다. 나름 바리에이션도 개발되어, 지휘관 기체도 존재한다.', '만능', 'off', 'off', 'off', 'on'),
(14002, 91, '바우', 'B', '-', 'chi', 3, '빔 사벨', 32, '빔 라이플', 42, '메가입자포 내장 실드', 0, 'Empty', 0, 'Empty', 0, 'Empty', '방어지휘', '고성능OS (B랭크)', '맵 병기형 필살기', 11.4, 13.8, 15.3, 17.7, 13.8, 14.4, '네오 지온군의 범용 양산형 MS. 가변 분리 기구를 갖춘 공격형 MS로 상반신「바우 어택커」와 하반신「바우 너터」로 분리, 변형되는 시스템을 갖추고 있다. MS형태에서의 토탈 밸런스가 훌륭한 고성능기이며, 빔 라이플, 메가입자포 내장실드, 그레네이드 런처 등 무장도 충실하다. 개발 초기에는 장교용 기체가 될 예정이었지만, 그 고성능을 높이 평가 받아 사병용으로도 양산이 시행되었다. 시작기는 붉은색 계통, 사병용의 양산 타입은 녹색 계통의 도장이 쓰이고 있다.', '만능', 'off', 'off', 'off', 'off'),
(14003, 92, 'R 쟈쟈', 'B', '-', 'muk', 3, '빔 사벨', 32, '착검형 빔 라이플', 1, '빔 사벨 회전베기', 0, 'Empty', 0, 'Empty', 0, 'Empty', '공격력 업', '저력발동', '난무형 필살기', 11.4, 15.3, 15.3, 18.6, 15.3, 17.4, '네오 지온군의 기사 전용 시작형 MS. 걍의 설계사상을 이어받은 기체로, 백병전 능력을 중시한다. 군의 양산계획에서 누락된 시작기를 철저하게 커스텀화해 지휘관용 MS로 실전 투입했다. 대부분이 커스텀 메이드 된 기체로, 네오 지온에도 1기밖에 존재하지 않았다고 한다. 양 어깨에 드러스터 겸용의 배리어블 실드를 장비하고 있어 기동성, 운동성이 뛰어나다. 또한, 총검 장착의 빔 라이플, 사벨 랙 등 실용성을 무시한 장비가 많아, 제작자의 미의식을 느낄 수 있다.', '만능', 'off', 'off', 'off', 'off'),
(14004, 89, '큐베레이', 'A', 'S', 'ba', 3, '빔 사벨', 32, '핸드 런처', 25, '판넬', 0, 'Empty', 0, 'Empty', 0, 'Empty', '뉴타입 각성 (A랭크)', '판넬 강화', '전탄 발사형 필살기', 13.8, 12.3, 15.3, 24.9, 24.3, 17.4, '액시즈의 뉴타입 전용 시작형 MS. 구 지온군 MA「엘메스」의 설계사상을 이어 받은 MS로, 기체 제어를 사이코뮤로 시행하고 있다. 비트를 개량한 원격 공격 단말기「판넬」을 이용한 올 레인지 공격이 가능하며, 기체 그 자체의 성능도 상당히 높다. 양 어깨의 바인더는 가동식으로 자세 제어에 사용된다. 또한, 고속 비행시에는 팔을 수납하는 것도 가능하다. 시작1호기는 하만 칸 전용기가 되어, 그리프스 전역부터 제1차 네오 지온 항쟁 종결에 이르기까지 사용되었다.', '만능', 'off', 'off', 'off', 'off'),
(14005, 94, '즈사', 'C', '-', 'chi', 3, '빔 사벨', 32, '복부 빔포', 36, '미사일 포', 0, 'Empty', 0, 'Empty', 0, 'Empty', '노련한 레인저', '방어지휘', '전탄 발사형 필살기', 10.2, 11.4, 9.3, 17.1, 10.2, 12.6, '네오 지온군의 포격전용 양산형 MS. 지구 침공 작전을 상정해서 개발된 육전용 기체로, 후방 지원과 강습 공격을 주목적으로 한다. 기체 각처에 미사일 포드를 내장하고 있으며, 추가로 등 부분에 4기까지 미사일 포드를 증설할 수도 있다. 컨셉은 단순하지만 코스트 퍼포먼스가 훌륭한 기체라 다수가 양산되어 지구 침공 부대에 배치되었다. 양산 시작기가 샹그리라에 실전 투입되었지만, Z건담에 의해 파괴되어 버린다.', '지상', 'off', 'off', 'off', 'off'),
(14006, 90, '햄머 햄머', 'A', '-', 'chi', 1, '크로', 42, '연장 메가입자포 내장 실드', 25, '유선제어식 빔포', 0, 'Empty', 0, 'Empty', 0, 'Empty', '철벽수비 (A랭크)', '방어지휘', '난무형 필살기', 15.3, 18.3, 18.3, 20.7, 15.3, 19.5, '네오 지온군의 기사전용 시작형 MS. 전신에 드러스터를 배치한 고기능 MS이며, 큐베레이의 후속기체 이자 뉴타입용으로 개발된 기체이다. 빔 포가 내장 된 양팔은 수축이 자유롭게 되어 있어, 원래 유선식 사이코뮤 병기로 제작 될 예정이었으나 일반 파일럿을 위한 간이 사이코뮤 개발이 어려웠기 때문에, 시작기로는 단지 플렉서블 암으로써의 기능밖에 갖추고 있지 않다. 고기동, 고화력의 MS였지만 조종 및 생산성 가격이 고가였기 때문에 시작기 1기는 완성되었지만 양산은 이루어 지지 못하였다.', '만능', 'off', 'off', 'off', 'off'),
(14007, 165, '리겔구', 'B', '-', 'chi', 3, '빔 사벨', 32, '빔 라이플', 36, '그레네이드 런처', 0, 'Empty', 0, 'Empty', 0, 'Empty', '리로드 업', '공격력 업', '난무형 필살기', 11.4, 13.8, 15.3, 19.2, 13.8, 14.4, '네오 지온군의 양산형 MS. 구지온군의 겔구그를 개수한 기체로 우주용의 고기동 타입. 어깨 부분에 메인 드러스터 겸용 윙 바인더, 프로페런트 탱크 장비 신형 백팩, 콕피트에 리니어 시트와 전방위 모니터가 탑재되는 등 대대적인 개수가 진행되었다. 제1차 네오 지온 항쟁 때에는 역시 구식이 되어버렸음을 부정할 수 없었으나, 그 기동성과 운동성이 우월했기 때문에 파일럿의 실력에 따라서는 신예기와도 충분히 맞서 싸울 수 있었다. 기체명인 리겔구는「리파인드 겔구그」의 약칭을 의미한다.', '우주', 'off', 'off', 'off', 'off'),
(14008, 166, '리겔구 (미사일 런처)', 'B', 'R', 'chi', 3, '빔 사벨', 36, '그레네이드 런처', 36, '연장 미사일 런처', 0, 'Empty', 0, 'Empty', 0, 'Empty', '기동성 업', '방어지휘', '전탄 발사형 필살기', 12.9, 15.9, 15.3, 20.1, 14.7, 15.6, '네오 지온군의 양산형 MS. 구지온군의 겔구그를 개수한 기체로 우주용의 고기동 타입인 「리겔구」의 미사일 런처 장비 타입 형태이다. 중거리 전투에서 탁월한 위력을 발휘하는 미사일 런처의 탑재는 「리겔구」의 전투 타입에 대한 컨셉을 확고히 해주고 있다.\r\n', '우주', 'off', 'off', 'off', 'off'),
(14009, 169, '자쿠III', 'B', '-', 'ba', 3, '빔 사벨', 32, '착검형 빔 라이플', 42, '허리 빔 포', 0, 'Empty', 0, 'Empty', 0, 'Empty', '리로드 업', '필살기 각성', '맵 병기형 필살기', 12.3, 15.3, 15.3, 17.7, 12.3, 14.4, '네오 지온군의 범용 시작형 MS. 구 지온군의 명기 자쿠II의 직계 발전기로서 개발된 MS다. 「자쿠II」의 컨셉을 이어받아, 무장과 백 팩, 스커트 아머 등을 교환하여 모든 작전에 대응하는 범용성을 실현했다. 화력과 장갑, 기동성과 운동성 등 전반적으로 충실한 기체 성능을 지녔으나 범용성보다 화력이 중시되는 시대의 흐름으로 인해 양산 MS 선정 경쟁에서 「도벤울프」에게 패하고만다. 그 때문에 시작기 몇 기가 실전 투입되는데 그쳤으며, 진정한 의미로서의 자쿠II의 후계기는 될 수 없었다.\r\n', '만능', 'off', 'off', 'off', 'off');
INSERT INTO `unit` (`UnitID`, `UnitNo`, `Model`, `RankPrefix`, `RankSuffix`, `Property`, `Weapon1No`, `Weapon1Name`, `Weapon2No`, `Weapon2Name`, `Weapon3No`, `Weapon3Name`, `Weapon4No`, `Weapon4Name`, `Weapon5No`, `Weapon5Name`, `Weapon6No`, `Weapon6Name`, `Skill1Name`, `Skill2Name`, `Skill3Name`, `UnitStat1`, `UnitStat2`, `UnitStat3`, `UnitStat4`, `UnitStat5`, `UnitStat6`, `Comment`, `Landform`, `Modification`, `Repair`, `Oversize`, `Sniping`) VALUES
(14010, 170, '자쿠III (구문 빔포)', 'B', 'R', 'chi', 3, '빔 사벨', 32, '착검형 빔 라이플', 32, '구문 빔포', 0, 'Empty', 0, 'Empty', 0, 'Empty', '저력발동', '기동성 업', '난무형 필살기', 13.8, 15.3, 15.3, 18.6, 15.3, 15.6, '네오 지온군의 범용 시작형 MS. 구 지온군의 명기 자쿠II의 직계 발전기로서 개발된 MS다. 「자쿠II」의 컨셉을 이어받아, 무장과 백 팩, 스커트 아머 등을 교환하여 모든 작전에 대응하는 범용성을 실현하고 있다. 또 화력과 장갑, 기동성과 운동성 등 전반적으로 충실한 기체 성능을 지닌다. 그러나 이 시대의 MS는 범용성보다 화력이 중시되는 경향으로 인해, 본기체도 양산 MS 선정 경쟁에서 「도벤울프」에게 패하고 만다. 그 때문에 시작기 몇 기가 실전 투입되는데 그쳤으며, 진정한 의미로서의 자쿠II의 후계기는 될 수 없었다.', '만능', 'off', 'off', 'off', 'off'),
(14011, 167, '양산형 큐베레이', 'B', '-', 'ba', 3, '빔 사벨', 32, '핸드 런처', 25, '판넬', 0, 'Empty', 0, 'Empty', 0, 'Empty', '방어력 업', '판넬 강화', '전탄 발사형 필살기', 10.8, 14.4, 12.3, 20.1, 14.7, 14.4, '네오 지온군의 뉴타입 전용 양산형 MS. 뉴타입 부대의 실용화에 따라 그 탑승기로서 개발된 「큐베레이」의 양산 타입이다. 양산기지만, 등 부분에 액티브 캐논 2문을 장비하고 판넬 탑재량이 30기로 늘어나는 등, 화력에 있어 원조「큐베레이」를 능가한다. 그러나, 파일럿이 강화 인간이었던 탓에 기체의 성능을 완전히 살리지 못했다. 제1차 네오 지온 항쟁말기에 양산이 개시되어 그레미 토토의 반란군의 일원으로 참가하나, 하만 칸이 이끄는 네오 지온 정규군에 전멸 당하고 만다.', '만능', 'off', 'off', 'off', 'off'),
(14012, 168, '양산형 큐베레이 (액티브 캐논)', 'B', 'S', 'ba', 3, '빔 사벨', 41, '액티브 캐논', 25, '판넬', 0, 'Empty', 0, 'Empty', 0, 'Empty', '공격력 업', '판넬 강화', '전탄 발사형 필살기', 11.4, 15.3, 12.3, 20.7, 15.3, 15.6, '네오 지온군의 뉴타입 전용 양산형 MS. 뉴타입 부대의 실용화에 따라 그 탑승기로서 개발된 「큐베레이」의 양산 타입이다. 양산기지만, 등 부분에 액티브 캐논 2문을 장비하고 판넬 탑재량이 30기로 늘어나는 등, 화력에 있어서는 원조「큐베레이」를 능가한다. 그러나, 기체를 조종한 파일럿이 강화 인간이었던 탓에 기체의 성능을 완전히 살리지 못한 것이 아쉽다. 제1차 네오 지온 항쟁말기에 양산이 개시되어 그레미 토토의 반란군의 일원으로 참가하나, 하만 칸이 이끄는 네오 지온 정규군에 전멸 당하고 만다.', '만능', 'off', 'off', 'off', 'off'),
(14013, 233, '큐베레이Mk-II', 'A', 'S', 'ba', 3, '빔 사벨', 32, '핸드 런처', 25, '판넬', 0, 'Empty', 0, 'Empty', 0, 'Empty', '공격력 업', '판넬 강화', '전탄 발사형 필살기', 15.3, 18.3, 15.3, 24.9, 18.3, 17.4, '네오 지온군의 NT전용 시작형 MS. 큐베레이의 시작２호기이며 강화인간 플 투의 전용기로서 조정되어 있다. 성능적으로는 １호기와 큰 차이는 없지만, 빔 사벨을 세 방향으로 전개할 수 있는 등, 간단한 개수를 했다. 또, 다른 기체와의 식별을 위해 붉은색으로 도장되어 있는 것이 특징이다. 제１차 네오 지온 항쟁에서는 때로는 네오 지온 군의 전력으로, 때로는 건담 팀과 함께 싸웠지만 더블린 근교의 전투에서 대파된다.', '만능', 'off', 'off', 'off', 'off'),
(14014, 513, '즈사 (CU)', 'C', 'U', 'chi', 3, '빔 사벨', 32, '복부 빔포', 36, '미사일 포', 0, 'Empty', 0, 'Empty', 0, 'Empty', '리로드 업', '방어력 업', '전탄 발사형 필살기', 10.2, 15.3, 9.3, 17.1, 6.3, 12.6, '네오 지온군의 포격전용 양산형 MS. 지구 침공 작전을 상정해서 개발된 육전용 기체로, 후방 지원과 강습 공격을 주목적으로 한다. 2009년 1월 유저 응모 컨테스트 당선 유닛으로, 닉네임  "카일로시드" 가 디자인하였다. CU랭크의 「즈사」은 일반 C 랭크의 「즈사」에서 컬러링만 변경된 것이 아니라, 약간의 스탯 조정도 이루어져있다.', '지상', 'off', 'off', 'off', 'off'),
(14015, 524, '바우 (BU)', 'B', 'U', 'chi', 3, '빔 사벨', 32, '빔 라이플', 42, '메가입자포 내장 실드', 0, 'Empty', 0, 'Empty', 0, 'Empty', '리미터 해제', '2번 무기 무한사격 (B랭크)', '맵 병기형 필살기', 11.4, 10.8, 15.3, 17.7, 16.8, 14.4, '네오 지온군의 범용 양산형 MS. 가변 분리 기구를 갖춘 공격형 MS로 상반신「바우 어택커」와 하반신「바우 너터」로 분리, 변형되는 시스템을 갖추고 있다. MS형태에서의 토탈 밸런스가 훌륭한 고성능기이며, 빔 라이플, 메가입자포 내장실드, 그레네이드 런처 등 무장도 충실하다. 2009년 12월 유저 응모 컨테스트 당선 유닛으로, 닉네임  "묵기천재이랑" 가 디자인하였다. BU랭크의 「바우 (BU)」은 일반 B 랭크의 「바우」에서 컬러링만 변경된 것이 아니라, 약간의 스탯 조정도 이루어져있다.', '만능', 'off', 'off', 'off', 'off'),
(15001, 97, '런처 스트라이크', 'A', 'S', 'ba', 3, '아머 슈나이더', 22, '120mm 대함 발칸포', 41, '아그니', 0, 'Empty', 0, 'Empty', 0, 'Empty', '방어력 업', '페이즈 시프트 장갑', '맵 병기형 필살기', 13.8, 15.3, 18.3, 20.7, 21.3, 14.4, '지구연합군의 장비 전환형 만능 MS. 스트라이크에 런쳐 스트라이커 팩을 장비한 형태로, 원거리 포격전을 중시하고 있기 때문에 대함대전 혹은 대요새전에 특화된 장비를 갖추고 있다. 특히 주 무장인 320mm 초고임펄스포「아그니」는 요새를 한번에 파괴할 수 있을 정도의 압도적인 화력을 자랑한다. 원거리 전투에 특화됐지만, 다소 중장비인데다가 실드가 없기 때문에 근접전투에는 약한 모습을 보인다. 참고로「아그니」의 명칭은 인도 신화에 등장하는 불의 신의 이름에서 유래하였다고 한다.', '만능', 'off', 'off', 'off', 'on'),
(15002, 101, '어스트레이 레드프레임', 'B', '-', 'muk', 3, '빔 사벨', 32, '빔 라이플', 4, '거베라 스트레이트', 0, 'Empty', 0, 'Empty', 0, 'Empty', '기동성 업', '공격력 업', '난무형 필살기', 10.8, 11.4, 15.3, 19.2, 16.2, 17.4, '오브 연합 수장국의 범용 시작형 MS. 헬리오폴리스 붕괴 후 주역에서 발견된 2기의 어스트레이 중 1기이다. 프레임이 붉게 도색되어 있어 「레드 프레임」이라고 이름 붙여졌다. 내츄럴도 조종할 수 있도록 내츄럴 대응 OS가 탑재된 것이 특징. 빔 병기의 전력 소비를 절약할 수 있는 MS용 실검 「거베라 스트레이트」를 장착하고 있으며, 파일럿의 취향에 따라 격투전용의 다양한 동작 프로그램이 내장되어 있다.', '만능', 'off', 'off', 'off', 'off'),
(15003, 95, '스트라이크 건담', 'A', '-', 'muk', 1, '아머 슈나이더', 32, '고에너지 빔 라이플', 22, '이겔슈테른', 0, 'Empty', 0, 'Empty', 0, 'Empty', '기동성 업', '페이즈 시프트 장갑', '난무형 필살기', 12.9, 13.8, 18.3, 21.3, 18.3, 19.5, '지구연합군의 장비 전환형 만능 MS. 지구연합군이 중립 콜로니「헬리오폴리스」에서 극비리에 개발한 최신형 MS 실험기 중 1기이다. 페이즈시프트 장갑 등의 다양한 신기술이 도입되었다. 페이즈시프트 장갑의 활성 시에는 실탄 계통의 병기를 거의 무효화시키는 것이 가능하여, 빔 계통 이외의 병기로 건담의 장갑을 파괴하는 것은 거의 불가능하다. X100계열의 프레임과 장비전환 가능한 백팩이라는 조합으로 높은 범용성을 가진다.', '만능', 'off', 'off', 'off', 'off'),
(15004, 106, '스트라이크 대거', 'C', '-', 'chi', 3, '빔 사벨', 32, '빔 라이플', 22, '이겔슈테른', 0, 'Empty', 0, 'Empty', 0, 'Empty', '기동성 업', '필살기 각성', '난무형 필살기', 9.3, 10.8, 12.3, 12.3, 10.8, 12.6, '지구연합군의 범용 양산형 MS. 스트라이크 건담의 운용 데이터를 토대로 개발되었고, 내츄럴도 조종 가능한 OS를 탑재하고 있다. 양산형이므로 페이즈시프트 장갑은 장비되지 않았지만, 표준으로 빔 라이플과 빔 사벨을 장비하고 있어 빔 병기가 없는 자프트군의 진을 상회하는 공격력을 자랑한다. 물량에서 우위였던 지구연합군은 단기간에 대량의 스트라이크 대거를 생산해 전선에 투입, 높은 전과를 올리게 된다.', '만능', 'off', 'off', 'off', 'off'),
(15005, 107, 'M1어스트레이', 'C', '-', 'chi', 3, '빔 사벨', 32, '빔 라이플', 22, '이겔슈테른', 0, 'Empty', 0, 'Empty', 0, 'Empty', '고성능OS (C랭크)', '방어력 업', '난무형 필살기', 9.3, 11.4, 12.3, 17.1, 11.7, 12.6, '오브 연합 수장국의 범용 양산형 MS. 오브가 5기의 건담과 프로토 타입 어스트레이 3기의 데이터를 토대로, 본국에서 개발을 진행하던 기체이다. M1은 대기권내에서의 활동을 고려해 대형 백팩을 탑재하고 있어, 프로토 타입 어스트레이에 필적하는 출력을 지닌다. 또한 M1에는 스트라이크 건담의 전투 데이터가 피드백되어 내츄럴도 조종할 수 있는 우수한 OS가 탑재되어 있다.「M1」이란 「모델1」이라는 의미.', '만능', 'off', 'off', 'off', 'off'),
(15006, 104, '105 대거', 'C', '-', 'muk', 3, '빔 사벨 2도류', 32, '빔 라이플', 22, '이겔슈테른', 0, 'Empty', 0, 'Empty', 0, 'Empty', '노련한 인파이터', '라미네이트 장갑', '난무형 필살기', 9, 11.7, 12.3, 14.7, 11.4, 15.6, '지구연합군의 범용 양산형 MS. 105 대거라는 명칭은 본 기체가 스트라이커 팩의 운용이 가능하기 때문에, 원형 기체인 GAT-X105 스트라이크 건담의 105에서 따온 것이라고 한다. 스트라이크 대거와는 다르게 머리 부분에 스트라이크 건담과 동등한 스펙의 고성능 센서를 장비하고 있다. 생산 단가를 낮추기 위해 페이즈 시프트 장갑은 생략되었지만, 대신 빔 병기에 강한 라미네이트 장갑을 장비하고 있다.', '만능', 'off', 'off', 'off', 'off'),
(15007, 99, '어스트레이 골드프레임', 'B', '-', 'chi', 3, '빔 사벨', 32, '빔 라이플', 34, '바주카', 0, 'Empty', 0, 'Empty', 0, 'Empty', '기동성 업', '3번 무기 무한사격(B랭크)', '난무형 필살기', 11.7, 13.8, 15.3, 17.7, 13.8, 14.4, '오브 연합 수장국의 범용 양산형 MS. 어스트레이 중에서 제일 먼저 개발되었으나, 자프트의 헬리오폴리스 습격 때 오른팔만 강제 폐기된체 헬리오폴리스에 남겨졌다. 그 오른팔의 프레임 색이 금색이었던 관계로, 「골드프레임」이라고 명명되었다. 레드프레임과 블루프레임이 전용 무기 밖에 사용할 수 없는 데에 비해, 골드프레임은 지구연합군측 건담의 모든 무기를 사용 가능하게 하는 OS와 그것을 위한 전용 커넥터가 손바닥에 설치되어 있어서, 범용성면에서 더 우수하다.', '만능', 'off', 'off', 'off', 'off'),
(15008, 102, '어스트레이 블루프레임', 'B', '-', 'ba', 3, '빔 사벨', 34, '케투스', 36, '미사일 포드', 0, 'Empty', 0, 'Empty', 0, 'Empty', '리로드 업', '방어력 업', '전탄 발사형 필살기', 11.4, 13.8, 12.3, 17.1, 13.8, 14.4, '오브 연합 수장국의 범용 양산형 MS. 「어스트레이 블루프레임」의 풀 웨폰 타입. 다수의 적과 싸울 때의 기본 장비로서 전력 소비가 큰 빔 병기는 최대한 자제하고, 실탄 병기 위주로 장비하여 장시간 전투를 가능하게 하였다. 주로 자프트제의 무장을 장비한 이유는 단순히 연합군에 MS용 무장이 존재하지 않기 때문이라고 한다. 이렇게 옵션 장비를 전환하는 것만으로 다양한 작전에 대응할 수 있는 점이 「블루프레임」의 장점인 것이다.  ', '만능', 'off', 'off', 'off', 'off'),
(15009, 105, '롱 대거', 'C', '-', 'ba', 3, '빔 사벨', 32, '고에너지 빔 라이플', 41, '숄더 캐논', 0, 'Empty', 0, 'Empty', 0, 'Empty', '정밀 저격', '고성능OS (C랭크)', '전탄 발사형 필살기', 9.6, 11.4, 9.3, 11.1, 11.7, 9.3, '지구연합군의 고성능 양산형 MS. 「스트라이크 건담」이 양산성과 내츄럴 조종을 중시한 결과, 성능적으로는 평범했던 것이었던 것에 비해 본기체는 전투용 코디네이터를 위한 고성능 양산기로써 개발되었다. 「듀얼 건담」과의 교전기록을 많이 참고했기 때문에,「듀얼 건담 어설트슈라우드」와 비슷한 외관을 지니고 있다. 고성능에 양산성도 우수한 기체이지만, 하이스펙으로 인해 일반의 내츄럴에게는 운용하는 것이 어려웠다. ', '만능', 'off', 'off', 'off', 'on'),
(15010, 103, '어스트레이 블루세컨드L', 'B', 'S', 'muk', 3, '아머 슈나이더', 22, '택티컬 암즈 (개틀링)', 4, '택티컬 암즈 (참함도)', 0, 'Empty', 0, 'Empty', 0, 'Empty', '오토 락온 재머', '트랜스 페이즈 장갑', '난무형 필살기', 12.3, 13.8, 15.3, 17.7, 16.8, 18.6, '오브 연합 수장국의 범용 시작형 MS. 대파된 어스트레이 블루프레임에 업그레이드 파츠를 장착하여 재탄생된 신기체이다. 콕핏 주위의 트랜스 페이즈 장갑, 고성능 드러스터 장비형 어깨 유닛, 아머 슈나이더가 내장된 발, 무기로 사용할 수 있는 백팩 [택티컬 암즈] 등등 기체의 컨셉 자체가 보다 더 근접 전투에 적합하도록 되어 있다. 특히 택티컬 암즈는 상황에 따라 하이브리드 개틀링 건 형태와 거대한 실체검 형태를 자유로이 변경이 가능하며, 원격 조작도 가능해 높은 범용성을 보이고 있다.', '만능', 'off', 'off', 'off', 'off'),
(15011, 96, '에일 스트라이크', 'A', 'S', 'chi', 3, '빔 사벨', 32, '고에너지 빔 라이플', 22, '이겔슈테른', 0, 'Empty', 0, 'Empty', 0, 'Empty', '리로드 업', '페이즈 시프트 장갑', '난무형 필살기', 14.4, 18.3, 18.3, 22.8, 18.3, 17.4, '지구연합군의 장비 전환형 만능 MS. 스트라이크 건담에 에일 스트라이커 팩을 장비한 형태로, 중거리에서 고속전투를 중시한 컨셉으로 제작되었기 때문에 기동성과 운동성에 뛰어나다. 장비 운용면에서 매우 사용하기 쉬워서, 극중에서는 이 에일 스트라이커 팩을 장비하고 출격하는 경우가 많았다. ３타입의 스트라이커 팩 중에 밸런스가 가장 잘 잡혀 있으며, 유일하게 내장식 빔 사벨을 장비하고 있는 형태가 바로 에일 스트라이크이다.', '만능', 'off', 'off', 'off', 'off'),
(15012, 100, '어스트레이 골드아마츠', 'B', 'S', 'chi', 1, '다트 총검', 32, '토리케로스 개량형', 23, '랜서 다트', 0, 'Empty', 0, 'Empty', 0, 'Empty', '기동성 업', '페이즈 시프트 장갑', '난무형 필살기', 12.3, 15.3, 15.3, 18.6, 15.3, 15.6, '오브 연합 수장국의 범용 시작형 MS. 격파된 블리츠를 오브가 극비리에 회수, 분석한 결과를 골드프레임에 이식해 만든 기체이다. 오른팔이 폐기된 골드프레임의 오른 어깨에 블리츠의 팔을 붙였기 때문에 블리츠의 병장이 사용 가능했으며, 블리츠의 주특기인 미라쥬 콜로이드도 전개할 수 있게 되었다. 그 밖에, 페이즈시프트 장갑 소재 창을 사출하는 「마가노시라호코」라던가, 콜로이드를 전개하여 적의 에너지를 흡수하는「마가노이쿠타치」등 독특한 특수병장도 다수 장비되어 있다.', '만능', 'off', 'off', 'off', 'off'),
(15013, 98, '소드 스트라이크', 'A', 'S', 'muk', 4, '슈베르트 게벨', 13, '마이다스 멧사', 12, '판자 아이젠', 0, 'Empty', 0, 'Empty', 0, 'Empty', 'SEED 각성', '페이즈 시프트 장갑', '난무형 필살기', 13.5, 16.8, 18.3, 22.2, 19.8, 20.7, '지구연합군의 장비 전환형 만능 MS. 스트라이크 건담에 소드 스트라이커 팩을 장비한 형태로, 적 무리에 돌격해 난전을 벌이는 전투를 위해 탄생한 기체. 주장비인 15.78m의 대함도「슈베르트 게벨」은 말 그대로 대함(大艦)용으로 MS는 단번에 양단해버리는 위력을 자랑한다. 그 밖에도 독특한 궤도로 날아 상대의 허점을 공격하는 빔 부메랑「마이다스 멧사」와 상대 움직임 봉쇄 및 실드를 겸하는 로켓 앵커「판자 아이젠」등 근접 격투전에 특화한 독특한 무장도 장비하고 있다.', '만능', 'off', 'off', 'off', 'off'),
(15014, 108, 'M1어스트레이 (수리장비)', 'C', 'S', 'chi', 3, '빔 사벨', 32, '빔 라이플', 23, '수리장비', 0, 'Empty', 0, 'Empty', 0, 'Empty', '방어력 업', '통신지휘', '난무형 필살기', 4.5, 15.3, 12.3, 17.7, 9.3, 13.5, '오브 연합 수장국의 범용 양산형 MS인 「M1어스트레이」의 수리장비 탑재 형태이다. 전투력은 낮지만, 수리장비로 아군 기체를 수리할 수가 있기 때문에 전략적인 가치가 높은 기체이다.', '만능', 'off', 'on', 'off', 'off'),
(15015, 209, '캘러미티 건담', 'A', '-', 'ba', 1, '격투', 32, '케퍼 츠바이', 34, '토데스브록', 0, 'Empty', 0, 'Empty', 0, 'Empty', '철벽수비 (A랭크)', '트랜스 페이즈 장갑', '전탄 발사형 필살기', 14.4, 18.3, 15.3, 21.3, 15.3, 16.5, '지구연합군의 중장포격용 MS. 선행 개발된 5기의 건담 개발 데이터를 토대로 새로 개발한 건담. 장거리 포격전을 특기로 하며 X100계열 프레임 사용, 내츄럴도 조종 가능한 OS의 탑재 및 트랜스페이즈 장갑을 장착해 배터리로 기동한다. 특히 125mm 2연장 고에너지 장거리 사정 빔 포 「슈라크」를 비롯하여 337mm 플라즈마 서보트 바주카 포「토데스 브록」, 115mm 2연장 충돌포 「케퍼 츠바이」, 580mm 복열위상 에너지포 「스퀼라」등 같은 포격전 기체인 버스터의 화력을 훨씬 능가하고 있다. ', '만능', 'off', 'off', 'off', 'off'),
(15016, 210, '캘러미티 건담 (슈라크)', 'A', 'R', 'ba', 1, '격투', 34, '토데스브록', 42, '슈라크', 0, 'Empty', 0, 'Empty', 0, 'Empty', '정밀 저격', '철벽수비 (A랭크)', '맵 병기형 필살기', 14.4, 21.3, 18.3, 22.2, 15.3, 16.5, '지구연합군의 중장포격용 MS. 선행 개발된 5기의 건담 개발 데이터를 토대로 지구연합군이 새로이 개발한 건담으로 장거리 포격전을 특기로 한다. X100계열 프레임을 사용하며, 내츄럴도 조종 가능한 OS의 탑재 및 트랜스페이즈 장갑을 장착해 배터리로 기동한다. 특히 125mm 2연장 고에너지 장거리 사정 빔 포 「슈라크」를 비롯하여 337mm 플라즈마 서보트 바주카 포「토데스 브록」, 115mm 2연장 충돌포 「케퍼 츠바이」, 580mm 복열위상 에너지포 「스퀼라」등등 같은 포격전 컨셉 기체인 버스터의 화력을 훨씬 능가하고 있다. 「캘러미티」는 「불행, 비참」이라는 의미', '만능', 'off', 'off', 'off', 'on'),
(15017, 201, '저스티스 건담', 'S', '-', 'muk', 3, '라케르타 빔 사벨 2도류', 24, '밧셀', 0, '무기 없음', 3, '라케르타 빔 사벨 2도류', 32, '루프스 빔 라이플', 22, '케르프스 회전 기관포', 'MS 격투술', '뉴트론 재머 캔슬러', '난무형 필살기', 14.7, 19.8, 18.3, 25.8, 18.3, 21.6, '자프트군의 범용 시작형 MS. 본기체 최대의 특징은 「뉴트론 재머 캔슬러」를 장비해 뉴트론 재머의 영향을 받지 않고 핵 엔진구동을 실현한 데 있다. 또한 페이즈시프트 장갑을 전개한 상태로 거의 무한으로 기동할 수 있게 되어 페이즈시프트 장갑과 빔 병기의 연속사용도 가능해졌다. 또 본기체의 등 리프터 부분의 「파툼－OO(더블오)」는 전개한 비행 형태에서 분리하여 서브 플라이트 시스템으로 활용 가능하여 높은 기동성을 실현하였다.「저스티스」는「정의」라는 의미를 가지고 있다.', '만능', 'on', 'off', 'off', 'off'),
(15019, 204, '프리덤 건담', 'S', '-', 'chi', 3, '라케르타 빔 사벨 2도류', 32, '루프스 빔 라이플', 34, '크시피어스 레일포', 0, 'Empty', 0, 'Empty', 0, 'Empty', '페이즈 시프트 장갑', '뉴트론 재머 캔슬러', '전탄 발사형 필살기', 15.3, 18.9, 15.3, 24.9, 19.2, 18.6, '자프트군의 범용 시작형 MS. 탈취한 GAT-X 시리즈의 기본 컨셉에 자프트군의 기술을 더해 개발됐다. ''뉴트론 재머 캔슬러''를 통한 핵 엔진 장착으로 ''페이즈 시프트 장갑'' 의 반 영구적 사용과 전력 소비가 극심한 빔 병기의 연속 사용이 가능했으며, 멀티 록 온 시스템을 이용, 레일 포와 빔 포를 전개한 ''풀 버스트 모드''에서 다수의 적에 대한 동시 공격도 가능했다. 압도적인 화력, 반 영구적 페이즈 시프트 장갑, 타의 추종을 불허하는 고기동성도 겸비한 본 기체는 최강의 MS라 불러도 손색이 없다.', '만능', 'off', 'off', 'off', 'off'),
(15021, 215, '어스트레이 파워드레드', 'B', 'S', 'muk', 4, '거베라 스트레이트', 22, '발칸포', 1, '붉은일격', 0, 'Empty', 0, 'Empty', 0, 'Empty', '필살기 각성', '근접 방어 강화', '난무형 필살기', 12.9, 13.8, 15.3, 19.2, 18.3, 17.4, '어스트레이 레드프레임을 개수한 모습. 리제네레이트의 전투 당시에 파손해버린 레드프레임에, 고출력 파워실린더를 사용한 「강화암」을 장착하는 것으로 인해, 단독으로 150거베라를 휘두를 수 있게 되었다. 더욱이 최대출력시에는 어깨 아머가 전개되어, 각 부분의 실린더가 개방된 풀 파워모드가 된다. 통상 공격에서도 기존의 MS 를 압도하는 파워를 가졌으며,「서펜트 테일」과 함께 리제네레이터에게 도전, 단 일격에 리제네레이터를 행동 불능으로 만들어 버린다.', '만능', 'off', 'off', 'off', 'off'),
(15022, 206, '레이더 건담', 'A', '-', 'muk', 1, '묘르닐', 34, '52mm 초고초속방패포', 1, '묘르닐 회전 공격', 1, '격투', 0, 'Empty', 0, 'Empty', '리미터 해제 EX', '트랜스 페이즈 장갑', '난무형 필살기', 14.4, 19.8, 18.3, 21.3, 13.8, 19.5, '지구연합군의 고속 강습용 MS. 선행 개발된 5기의 건담 개발 데이터를 토대로 새로 개발된 건담으로 일격이탈 전투를 특기로 한다. X300계열 프레임을 사용하지만, 대기권내 비행 성능 향상, 무장 강화 등 종합 전투 능력은 같은 컨셉 기체인 이지스를 상회한다. 극중에서는 MA형태에서 캘러미티를 태우고 다니는 모습이 자주 보인다. 입 부분에 장착된 100mm 에너지포 「츠온」, 와이어 철구를 날려서 적을 격파하는 「묘르닐」등 개성적인 무장도 많다. 「레이더」는 「급습자」라는 의미.', '만능', 'on', 'off', 'off', 'off'),
(15024, 213, '드레드노트 건담', 'A', '-', 'chi', 3, '복합병장방패 시스템', 32, '빔 라이플', 25, '프리스티스', 0, 'Empty', 0, 'Empty', 0, 'Empty', '페이즈 시프트 장갑', '뉴트론 재머 캔슬러', '전탄 발사형 필살기', 13.8, 16.8, 15.3, 21.3, 16.8, 16.5, '자프트군의 범용시작형 MS. 자프트군에서 개발된 첫 건담이며, 기존 MS를 초월하는 MS를 목표로 개발됐다. 「프리스티스」,「복합 병장 방패 시스템」등 충실한 무장으로 근,중,원거리의 고른 전투 능력을 자랑한다. 드라군 시스템의 일종인 「프리스티스」는 ''뉴트론 재머 캔슬러''를 통한 양자 통신으로 무선 유도 제어가 가능하며 유니트 분실을 막기 위해 케이블을 장착했다. 드레드노트란 용감한 사람을 나타내는 말로, ''플랜트의 수호를 담당하는 용감한 기체'' 라는 뜻이라고 한다.', '만능', 'off', 'off', 'off', 'off'),
(15025, 214, 'X어스트레이', 'A', 'S', 'ba', 3, '복합병장방패 시스템', 32, '빔 라이플', 25, '드래군 시스템', 0, 'Empty', 0, 'Empty', 0, 'Empty', '고성능OS (A랭크)', '뉴트론 재머 캔슬러', '전탄 발사형 필살기', 14.4, 16.8, 15.3, 22.2, 19.8, 17.4, '자프트군의 범용시작형 MS. 자프트군에서 개발된 최초의 건담 ''드레드노트 건담''의 진정한 힘을 끌어내기 위해, 드래군 유닛을 탑재한 것이 ''X어스트레이''다. 장착한 드래군의 형상이 ''X''문자를 닮았다 하여, ''X어스트레이''라 로우가 명했다. 드래군 시스템이란 ''Disconnected Rapid Armament Group Overlook Operation Network SYSTEM''의 약자로 무선 유도 제어가 가능한 소형 분리식 병기로 뛰어난 기동성과 전투력으로 ''X어스트레이''의 진정한 무서움을 한층 증가시켰다.', '만능', 'off', 'off', 'off', 'off'),
(15026, 502, 'M1어스트레이 (CU)', 'C', 'U', 'chi', 3, '빔 사벨', 32, '빔 라이플', 22, '이겔슈테른', 0, 'Empty', 0, 'Empty', 0, 'Empty', '고성능OS (C랭크)', '방어력 업', '난무형 필살기', 9.3, 10.8, 12.3, 18.6, 13.8, 13.5, '오브 연합 수장국의 범용 양산형 MS. 2008년 4월 유저 응모 컨테스트 당선 유닛으로, 닉네임 ''카빌''이 디자인하였다. CU랭크의 「M1어스트레이」는 일반 C랭크의 「M1어스트레이」에서 컬러링만 변경된 것이 아니라, 약간의 스탯 향상도 이루어져있다.', '만능', 'off', 'off', 'off', 'off'),
(15028, 216, '건배럴 대거', 'C', 'S', 'ba', 3, '빔 사벨', 32, '빔 라이플', 25, '유선식 건배럴', 0, 'Empty', 0, 'Empty', 0, 'Empty', '고성능OS (C랭크)', '라미네이트 장갑', '전탄 발사형 필살기', 9.9, 11.7, 9.3, 18.6, 12.9, 13.5, '지구연합군의 범용양산형 MS. GAT-01A1에「건배럴팩」을 장비한 기체로서, 통칭「건배럴 대거」라 부른다. 건배럴팩은 원래 알라스카에 귀함한 아크엔젤에서 스트라이크를 회수한 후, 프라가 소위의 전용기로서 개발되었지만, 아크엔젤의 배신 행위로 인해 이 계획은 수포로 돌아갔다. 이후, 건배럴 팩은, 적정검사에 의해 보다 건배럴 조작이 가능한 것을 판명한 모건 쥬바리에 에게 넘겨지게 되었고, 그는 애용기인 105대거에 장비해 수많은 전투에 참가, 상당한 전과를 올렸다.', '우주', 'off', 'off', 'off', 'off'),
(15029, 211, '포비든 건담', 'A', '-', 'muk', 4, '니즈헤그', 33, '115mm 기관포 암 포이어', 34, '88mm 레일건 에크잔', 0, 'Empty', 0, 'Empty', 0, 'Empty', '기동성 업', '리미터 해제', '난무형 필살기', 13.8, 16.8, 18.3, 22.2, 16.8, 19.5, '지구연합군의 중거리 전용 MS. 지구연합군이 새로이 개발한 건담. 내츄럴도 조종 가능한 OS가 탑재되었다. 트랜스페이즈 장갑을 갖추고 있으며, 「게슈마이디히 판자」라는 에너지 병기의 궤도를 피할 수 있는 필드 발생기가 장비된 장갑, 「흐레스베르그」라는 플라즈마 포의 궤도를 구부려 적을 노리는 유도 플라즈마 포까지 장비하고 있다. 「니즈헤그」, 양팔에 「암 포이어」를 장비하고 있어 원근거리전 모두 대응 가능하다. 대기권내 비행이 가능, 공수 모두 균형잡힌 기체라 할 수 있다.', '만능', 'off', 'off', 'off', 'off'),
(15031, 208, '스트라이크 루즈 IWSP (빔 라이플)', 'A', 'R', 'chi', 4, '9.1m 대함도 2도류', 32, '빔 라이플', 22, '컴바인드 쉴드', 0, 'Empty', 0, 'Empty', 0, 'Empty', '돌격지휘', '페이즈 시프트 장갑', '난무형 필살기', 14.4, 18.3, 18.3, 22.8, 18.3, 17.4, '오브 연합수장국의 장비환장형 만능 MS. CE71년 MBF-02 스트라이크 루즈와 IWSP(Integrated Weapon Striker Pack)는 파츠 형태로 우주전함 쿠사나기에 실어져, 우주로 운반 되었다. 스트라이크 루즈의 조립작업이 완료된 것과 같은 시기에 IWSP 도 완성 되었고, 운용 시험결과 고도의 숙련된 파일럿 기량이 필요하다는 것이 판명되었다. 야킨 두웨 공방전에서 처음으로 실전에 참가하지만 파일럿으로서는 루키였던 카가리 였기에 IWSP 가 사용되진 못했다.', '만능', 'off', 'off', 'off', 'off'),
(15032, 227, '스트라이크 루즈 IWSP', 'A', '-', 'muk', 4, '그랜드 슬램', 13, '빔 부메랑', 22, '컴바인드 쉴드', 0, 'Empty', 0, 'Empty', 0, 'Empty', '공격력 업', 'SEED 각성', '난무형 필살기', 13.8, 15.3, 18.3, 21.3, 18.3, 20.7, '오브 연합수장국의 장비환장형 만능 MS. CE71년 MBF-02 스트라이크 루즈와 IWSP(Integrated Weapon Striker Pack)는 파츠 형태로 우주전함 쿠사나기에 실어져, 우주로 운반 되었다. 스트라이크 루즈의 조립작업이 완료된 것과 같은 시기에 IWSP 도 완성 되었고, 운용 시험결과 고도의 숙련된 파일럿 기량이 필요하다는 것이 판명되었다. 기존 빔 라이플 버전과 달리 그랜드슬램의 무장 장착형으로 근접전에 특화된 유닛 성능을 체험할 수 있다.', '만능', 'off', 'off', 'off', 'off'),
(15034, 511, '스트라이크 대거 (CU)', 'C', 'U', 'chi', 3, '빔 사벨', 32, '빔 라이플', 22, '이겔슈테른', 0, 'Empty', 0, 'Empty', 0, 'Empty', '기동성 업', '공격력 업', '난무형 필살기', 8.4, 10.8, 12.3, 13.5, 10.8, 12.6, '지구연합군의 범용 양산형 MS. 2008년 11월 유저 응모 컨테스트 당선 유닛으로, 닉네임  ''얏흠핫하'' 가 디자인하였다. CU랭크의 「스트라이크 대거」는 일반 C 랭크의 「스트라이크 대거」에서 컬러링만 변경된 것이 아니라, 약간의 스탯 조정도 이루어져있다.', '만능', 'off', 'off', 'off', 'off'),
(15035, 609, 'M1A어스트레이', 'C', 'R', 'ba', 3, '빔 사벨', 32, '저격용 빔 라이플 (저출력)', 43, '저격용 빔 라이플 (고출력)', 0, 'Empty', 0, 'Empty', 0, 'Empty', '정밀 저격', '공격력 업', '맵 병기형 필살기', 9.3, 10.8, 12.3, 14.7, 12.3, 10.5, '오브 연합 수장국의 우주전용양산형 MS. 오브의 정지궤도 스테이션 [아메노미하시라]를 방어하기 위해 개발된 우주전용 기체 이다. 슬래스터가 증설,강화되어 백팩에는 새로운 추진제 및 냉각재 저장탱크가 장비되었다. 주 무장인 빔 라이플은 궤도상에서 초 장거리 사격용으로 개발 된 것으로, 일체형의 고밀도 센서와 지구 주변 자장의 빔 편차에 관한 데이터 베이스와 연동한 조준 시스템을 내장하여, 극히 높은 명중률을 자랑한다. 쿠사나기에 탑승한 파일럿 중에서도 우수한 자에게만 부여되었다.', '우주', 'off', 'off', 'off', 'on'),
(15036, 614, '어스트레이 그린프레임', 'B', '-', 'muk', 3, '빔 사벨', 32, '트윈 소드 라이플', 3, '트윈 소드 라이플', 0, 'Empty', 0, 'Empty', 0, 'Empty', '방어력 업', '고성능OS (B랭크)', '난무형 필살기', 10.8, 15.3, 15.3, 17.7, 15.3, 17.4, '오브 연합 수장국의 시험 제작기. 5기의 어스트레이 중 하나. 파츠 상태까지만 제조가 되어 있었으나, 헤리오폴리스 붕괴시 행방 불명 되었었다. 오브 군의 MS 파일럿이었던 바리 호는 그린 프레임의 파츠를 입수하게 되고, 로우 귤에 의해 완성된 뒤, 반정부 게릴라 트로야 노와레에게 양도 되었다. 형태,성능은 앞서 만들어진 3기와 거의 동일하지만, 녹색의 프레임과 두부의 센서 색이 노란색이 라는 점이 틀리며, 일반적인 프로토 타입 계열의 어스트레이 보다 센서 계열이 강화되어 있다.', '만능', 'off', 'off', 'off', 'off'),
(15037, 610, '어스트레이 레드프레임 (플라이트 유닛)', 'B', 'R', 'muk', 3, '빔 사벨', 32, '빔 라이플', 4, '거베라 스트레이트', 0, 'Empty', 0, 'Empty', 0, 'Empty', '확장 부스터', '통신지휘', '난무형 필살기', 11.4, 15.3, 15.3, 20.7, 16.8, 18.6, '오브 연합 수장국의 범용 시작형 MS. 레드 프레임에 M1 어스트레이의 등 부분 파츠를 로우가 독자적으로 개조하여 백팩으로서 장치 가능하게 한 것. 플라이트 유닛의 양측의 날개는 연료탱크이며, 항속거리가 대폭으로 강화되어 있다. 또한, 이 플라이트 유닛에, 8(하치)를 장착하면 플라이트 유닛만으로 단독비행이 가능하게 된다. 그렇게 때문에, 전투중에 8(하치)가 제어하는 플라이트 유닛을 불러들여, 그것을 붙잡고 비행하는 것도 가능하게 되어있다.', '만능', 'off', 'off', 'off', 'off'),
(15038, 350, '아카츠키 건담 (오오와시)', 'S', '-', 'chi', 3, '73J2식 시작형 트윈 빔 사벨', 32, '72D5식 햐쿠라이 빔 라이플', 42, '73F식 개량형 고에너지 빔 포', 0, 'Empty', 0, 'Empty', 0, 'Empty', '리로드 업', '야타노카가미 시스템', '난무형 필살기', 15.3, 18.3, 21.3, 27.6, 19.8, 18.6, '오브연합수장국의 본국방위MS. 오브의 대표 우즈미 나라 아스하가 딸인 카가리 유라 아스하를 위해 남겨둔 기체. 최대 특징은 전신에 설치되어 있는 대 빔 방어, 반사 시스템 [야타노카가미] 이다. 이것은 기체표면에 나노기술에 의한 특수한 경면처리를 한 것에 의해 빔 및 에너지포를 반사해버리는 것으로서, 방어에 특화된 중립국의 특징을 잘 표현한 시스템이라 할 수 있다. 오오와시 팩은 아카츠키를 대기권내에서 비행할 수 있게 함과 동시에 고에너지 빔포 2문으로 화력을 증강시켰다. ', '만능', 'off', 'off', 'off', 'off'),
(15040, 616, '어스트레이 블루세컨드L (로엔그린 런처)', 'B', 'S', 'ba', 3, '아머 슈나이더', 22, '택티컬 암즈 (개틀링)', 42, '로엔그린 런처', 0, 'Empty', 0, 'Empty', 0, 'Empty', '통신지휘', '공격력 업', '맵 병기형 필살기', 12.9, 15.3, 15.3, 17.7, 16.8, 12.6, '오브 연합 수장국의 범용 시작형 MS. 대파된 어스트레이 블루프레임에 업그레이드 파츠를 장착하여 재탄생된 신기체이다. 허리 부분에 착용한 로엔그린은 이즈모 급 등에 탑재되어 있는 양전자파성포 「로엔그린」을 MS 용으로 스케일 다운시킨 장비. 아즈라엘 재벌의 군사공창위성을 파괴하는 임무에, 어스트레이 블루세컨드L 이 장비하여 사용하였다. 허리 뒷면에는 에너지 공급을 위해 핵 엔진을 장비하고 있다.(본 유닛은 원작의 설정과는 틀리지만 로엔그린 런처의 단독 운영을 위해 N재머 캔슬러를 탑재하고 있는 버전으로 제작 되어 있습니다.)', '만능', 'off', 'off', 'off', 'off'),
(15041, 611, '어스트레이 골드아마츠 미나', 'B', 'R', 'muk', 1, '토츠카노츠루기', 23, '랜서 다트', 1, '격투 콤보', 0, 'Empty', 0, 'Empty', 0, 'Empty', '페이즈 시프트 장갑', '돌격지휘', '난무형 필살기', 12.3, 16.8, 15.3, 18.6, 15.3, 18.6, '오브 연합 수장국의 범용 시작형 MS. 예전 론드 기나 사하크가 탑승하였던 골드 프레임 아마츠를 오브의 우주 스테이션 [아메노미하시라]에서 개수한 기체. 허리부분에 장비된 실체검 [토츠카노츠루기]에 더불어, 좌측 팔에도 갈고리 [츠무하노타치]가 달려지는 등, 추가병장이 설치되어 있다. 큰 개수점으로 다리 부분이 강화되어, 프레임 기구가 노출돼있던 전면을 추가 장갑으로 덮어, 하이힐 형태의 발목 유닛으로 교환되었다. [미나]란 탑승자인 론드 미나 사하크의 이름에서 붙여진 통칭이다.', '만능', 'off', 'off', 'off', 'off'),
(15043, 351, '스트라이크 프리덤 건담', 'S', 'S', 'chi', 42, '캘리더스 다상 빔 포', 42, '고에너지 빔 라이플', 25, '슈퍼 드래군 기동무장 윙', 3, '슈페르 라케르타 빔 사벨', 32, '고에너지 빔 라이플(2연사)', 34, '크시피아스3 레일 포', '리로드 업', '뉴트론 재머 캔슬러 EX', '전탄 발사형 필살기', 15.9, 19.8, 18.3, 27.6, 18.3, 19.5, '이터널 소속 MS. 전 대전에서 무적의 힘을 자랑한 프리덤에 신형 드래군과 빔 실드, 복상 빔포를 장비하여, 더욱 강화된 기체로서 엔젤다운 작전에 의해 격파된 프리덤의 후속기이며 키라 야마토 전용으로 제작 되었다. 첫 출격 때,  2분만에 25기의 MS를 격파, 나스카 급 고속전투함을 3척이나 항해불능으로 만드는 등 놀라운 실력을 보이고, 메사이어를 둘러싼 최종결전에서도, 레전드를 격파하는 공적을 남기고 무사 생환했다.', '만능', 'on', 'off', 'off', 'off'),
(15045, 355, '인피니트 저스티스 건담', 'S', 'S', 'muk', 3, '슈페르 라케르타 빔 사벨', 32, '고에너지 빔 라이플', 42, '하이퍼 포르티스 빔 포', 3, '슈페르 라케르타 빔 사벨(2도류)', 13, '샤이닝 엣지 빔 부메랑', 3, '그리폰 빔 블레이드', '페이즈 시프트 장갑', '뉴트론 재머 캔슬러 EX', '맵 병기형 필살기', 15.3, 19.8, 21.3, 25.8, 18.3, 21.6, '이터널 소속의 MS. 스트라이크 프리덤과 함께 자프트 최신예의 기술을 도입하여 [팩토리]에서 제조되었다. 스트라이크 프리덤과 쌍을 이루는 MS. 전사가 아닌, 한명의 인간으로서 싸우는 아스란에게 맡겨졌다. 전 대전에서의 그의 탑승기였던 저스티스의 설계 데이터를 기본으로 무장은 대폭으로 증설 강화하여 그 공격력은 데스티니도 능가한다. 실제로, 메사이아를 둘러싼 최종 결전에서 데스티니, 임펄스 2기를 격파하였다.', '만능', 'on', 'off', 'off', 'off'),
(15047, 632, '소드 캘러미티 건담', 'A', 'R', 'muk', 4, '슈베르트 게벨 (2도류)', 13, '마이다스 멧사 (2연사)', 12, '판자 아이젠', 0, 'Empty', 0, 'Empty', 0, 'Empty', '트랜스 페이즈 장갑', '고성능OS (A랭크)', '난무형 필살기', 13.8, 18.3, 18.3, 22.8, 18.3, 20.7, '지구연합군의 근접전투용 MS. 본 기체는 캘러미티 건담의 개발과정에서 개조된 파생기로서, 중장거리 포격전 사양의 캘러미티를 베이스로 그 장비를 개조하는 것으로 다양한 전술 상황에 대응 가능한 만능기를 목적으로 탄생했다. 가장 큰 차이점은 주력병기 [슈라크]를 [슈베르트 게벨]로 환장한 점이다. 기타 양 어깨 부분에 장비한 고기동 슬래스터를 [마이다스 멧사]로 환장, 양 팔 부분에는 [판자 아이젠]을 증설하고, 양 다리 부분에는 [아머 슈나이더] 를 장비하고 있다.', '만능', 'off', 'off', 'off', 'off'),
(15048, 526, '롱 대거 (CU)', 'C', 'U', 'ba', 3, '빔 사벨', 32, '고에너지 빔 라이플', 41, '숄더 캐논', 0, 'Empty', 0, 'Empty', 0, 'Empty', '정밀 저격', '고성능OS (C랭크)', '전탄 발사형 필살기', 8.4, 10.8, 9.3, 12.3, 12.3, 10.5, '지구연합군의 고성능 양산형 MS. 「스트라이크 건담」이 양산성과 내츄럴 조종을 중시한 결과, 성능적으로는 평범했던 것이었던 것에 비해 본기체는 전투용 코디네이터를 위한 고성능 양산기로써 개발되었다. 2009년 1월 유저 응모 컨테스트 당선 유닛으로, 닉네임  "ReAzrael" 가 디자인하였다. CU랭크의 「롱 대거 (CU)」은 일반 C 랭크의 「롱 대거」에서 컬러링만 변경된 것이 아니라, 약간의 스탯 조정도 이루어져있다.', '만능', 'off', 'off', 'off', 'on'),
(15049, 527, '105 대거 (CU)', 'C', 'U', 'muk', 3, '빔 사벨 2도류', 32, '빔 라이플', 22, '이겔슈테른', 0, 'Empty', 0, 'Empty', 0, 'Empty', '라미네이트 장갑', '노련한 인파이터', '난무형 필살기', 9, 7.8, 12.3, 12.6, 13.8, 17.4, '지구연합군의 범용 양산형 MS. 105 대거라는 명칭은 본 기체가 스트라이커 팩의 운용이 가능하기 때문에, 원형 기체인 GAT-X105 스트라이크 건담의 105에서 따온 것이라고 한다. 2010년 2월 유저 응모 컨테스트 당선 유닛으로, 닉네임  "08MS시로" 가 디자인하였다. CU랭크의 「105 대거 (CU)」은 일반 C 랭크의 「105 대거」에서 컬러링만 변경된 것이 아니라, 약간의 스탯 조정도 이루어져있다.', '만능', 'off', 'off', 'off', 'off'),
(15050, 643, '어스트레이 레드프레임 개량형', 'B', 'R', 'muk', 4, '거베라 스트레이트', 32, '택티컬 암즈II (에로우 모드)', 4, '택티컬 암즈II (소드 모드)', 0, 'Empty', 0, 'Empty', 0, 'Empty', '확장 부스터', '고성능OS (B랭크)', '난무형 필살기', 11.4, 15.3, 15.3, 19.2, 16.8, 18.6, '오브 연합 수장국의 범용 시작형 MS. 헬리오폴리스 붕괴 후 주역에서 발견된 2기의 어스트레이 중 1기이다. 프레임이 붉게 도색되어 있어 [레드프레임] 이라고 이름 붙여졌다. MS용 실검  [거베라 스트레이트],[타이거 피어스] 를 장착하고 있고, 등에 장비된 [택티컬 암즈II L]의 원형은, 레드 프레임용으로 개발된 장비였지만, 최초 만든 것은, 대파된 블루프레임의 수리 파츠로서 사용되어, 장비되지 않았다. 다시 채용 될 당시, 대폭 개량 되어 [II L] 이라 이름 지었다.', '만능', 'off', 'off', 'off', 'off'),
(15051, 452, '블루 듀얼 건담', 'A', '-', 'ba', 3, '빔 사벨', 32, '리트랙터블 빔 건 (2연사)', 41, '스콜피언 기동 레일건', 0, 'Empty', 0, 'Empty', 0, 'Empty', '리로드 업', '철벽수비 (A랭크)', '전탄 발사형 필살기', 14.4, 16.8, 15.3, 21.3, 15.3, 13.5, '지구 연합군의 중근거리전용 MS. 악타이온 인더스트리사가 듀얼건담 어설트 슈라우드를 베이스로 전면적으로 개수한 기체이다. 자프트제 강화장갑 [어설트 슈라우드]의 운용데이터를 참고로, 연합제 강화장갑[폴테스트라]를 전용 고정 장비로 재설계 했다. 더욱이 장갑자체에 페이즈 시프트 장갑소재를 사용하는 것으로 실체탄과 빔 병기 양쪽 다 높은 방어력을 갖고 있다. 투척병기 [스틸레토]와 조작성 및 연사성이 뛰어난 [리트랙터블 빔 건]을 장비하는 것으로 무장면에서도 강화되었다.', '만능', 'off', 'off', 'off', 'off'),
(15052, 454, '베르데 버스터 건담', 'A', '-', 'chi', 4, '복합 바요네트 장비형 빔 라이플', 34, '350mm 건런처', 42, '고 에너지 빔 포', 0, 'Empty', 0, 'Empty', 0, 'Empty', '리로드 업', '저력발동', '맵 병기형 필살기', 13.8, 15.3, 18.3, 21.3, 16.8, 16.5, '지구연합군의 장거리포격전용 MS. 악타이온 인더스트리사가 버스터 건담을 베이스로 전면적으로 개수한 기체이다. 두부에는 고정밀 센서와 카메라 종류를 탑재하는 것으로 포격전에 사격능력을 높이고, 더욱이 허리부분에 장비한 [350mm 건 런처]와 [94mm 고 에너지 빔포]를 어깨부분으로 이동시켜, 그곳에 [M9009B복합 bayonette 장비형 빔 라이플]이라 불리는 접근전에서 타격 및 참격도 가능한 총검을 장비한 것으로, 장거리뿐 아니라 근거리 전투능력도 강화되었다.', '만능', 'off', 'off', 'off', 'off'),
(15053, 450, '스트라이크 느와르 건담', 'A', 'R', 'muk', 4, '프라가라흐 3 빔 블레이드', 32, '빔 라이플 쇼티 (2연사)', 11, '앵커 런쳐', 0, 'Empty', 0, 'Empty', 0, 'Empty', '방어력 업', '확장 부스터', '난무형 필살기', 12.9, 18.3, 18.3, 22.2, 18.3, 21.6, '지구연합군의 근거리전투용 MS. 악타이온 인더스트리사가 스트라이크 건담을 베이스로 전면적으로 개수한 기체이다. 배리어블 페이즈 시프트 장갑과 강화형 파워 유닛 [파워 익스텐더]를 탑재해서 가동시간의 연장과 방어 성능의 강화를 꾀했고, OS및 인터페이스의 개량에 의해 조작성도 향상되었다. 무장면에서도 높은 연사성능과 간편한 조작성능으로 접근전에서도 높은 효과가 있는 [빔 라이플 쇼티]와 실체검과 빔 소드의 겸용이 가능한 [프라가라흐 3 빔 블레이드]등 뛰어난 전투능력을 자랑한다.', '만능', 'off', 'off', 'off', 'off'),
(15054, 650, '어스트레이 골드아마츠 (미완성형)', 'B', '-', 'chi', 1, '다트 총검', 34, '바주카', 23, '랜서 다트', 0, 'Empty', 0, 'Empty', 0, 'Empty', '공격력 업', '고성능OS (B랭크)', '난무형 필살기', 11.4, 13.8, 15.3, 18.6, 16.8, 15.6, '오브 연합 수장국의 범용 시작형 MS. 격파된 블리츠를 오브가 극비리에 회수, 분석한 결과를 골드프레임에 이식해 만든 기체이다. 오른팔이 폐기된 골드프레임의 오른 어깨에 블리츠의 팔을 붙였기 때문에 블리츠의 병장이 사용 가능했으며, 블리츠의 주특기인 미라쥬 콜로이드도 전개할 수 있게 되었다. 본 기체는 아직 불완전해서 완성도가 약 70% 정도밖에 되지 않았다. 그럼에도 불구하고 높은 전투 능력을 보유, 또 빅토리아 전투에도 참가하여, 자프트군의 MS부대를 괴멸시키기도 했다.', '만능', 'off', 'off', 'off', 'off'),
(15055, 830, '어스트레이 블루세컨드 리바이', 'B', 'R', 'muk', 4, '택티컬 암즈II (소드 암)', 32, '택티컬 암즈II (개틀링 폼)', 4, '택티컬 암즈II (소드 폼)', 0, 'Empty', 0, 'Empty', 0, 'Empty', '트랜스 페이즈 장갑', '고성능OS (B랭크)', '난무형 필살기', 12.3, 15.3, 15.3, 17.7, 16.8, 18.6, '오브가 헬리오폴리스에서 극비로 개발하고 있던 어스트레이 시리즈 중 하나. 로우에 의해 발견되었으나, 바로 서펜트 테일의 무라쿠모 가이에게 양도되었다. 이 기체는 [MBF-P03 블루프레임 서드]로 아시아권의 정글 전투에서 얻은 운용 데이터를 범용성이 높은 [세컨드L]에 적용하여 재설계된 기체이다. 기체 전체의 성능을 새롭게 하여, 메인 무장인 택티컬 암즈를 소드폼, 개틀링폼과 함께 소드암, 개틀링암으로 분리해 운용하는 것도 가능해져 전술의 폭이 크게 넓어졌다.', '만능', 'off', 'off', 'off', 'off'),
(16001, 120, '라고우', 'B', 'S', 'muk', 3, '2연장 빔 사벨', 32, '2연장 빔 캐논', 1, '박치기', 0, 'Empty', 0, 'Empty', 0, 'Empty', '확장 부스터', '돌격지휘', '난무형 필살기', 11.4, 14.4, 15.3, 20.1, 14.7, 18.6, '자프트군의 지상용 양산형 사족 MS. 「바쿠」를 베이스로 설계했지만 지휘관기로서의 운용을 위해 복좌식을 채용, 조종수와 포수 2명이 탑승한다. 게다가 기체도 한층 대형화하여 보다 공격적인 기체가 되었다. 기체는 대형화되었지만 윙에 탑재된 부스터도 대형 대출력으로 전환되어 오히려 기동성이 향상되었다. 또한 다리 끝부분이 격투 전용의 크로 형태로 되어 있는 등 세밀한 부분의 개수도 눈에 띈다. 극 중에서는「사막의 호랑이」라는 별명의 발트펠드와 그 연인 아이샤가 탑승한다.', '지상', 'off', 'off', 'off', 'off'),
(16002, 122, '진', 'C', '-', 'ba', 3, '중참도', 33, '76mm 중돌격기총', 42, '바루루스 개량형', 0, 'Empty', 0, 'Empty', 0, 'Empty', '방어력 업', '리로드 업', '맵 병기형 필살기', 9.3, 10.8, 12.3, 11.1, 10.8, 12.6, '자프트군의 양산형 범용 주력 MS. 우주, 지상의 모두 운용이 가능하고 풍부한 옵션 장비를 갖추었다. 범용성, 확장성, 생산성을 겸비하여 용도에 따라 다양한 바리에이션의 기체가 개발되었다. 지구연합군의 「뫼비우스」와의 전력차는 압도적이어서 진１기를 격추하기 위해서는 「뫼비우스」５기가 필요했을 정도였다. 결국 개전 당시에 유리했던 지구연합군은 진의 출현에 의해 괴로운 전투를 펼쳐 나가게 된다.', '만능', 'off', 'off', 'off', 'off');
INSERT INTO `unit` (`UnitID`, `UnitNo`, `Model`, `RankPrefix`, `RankSuffix`, `Property`, `Weapon1No`, `Weapon1Name`, `Weapon2No`, `Weapon2Name`, `Weapon3No`, `Weapon3Name`, `Weapon4No`, `Weapon4Name`, `Weapon5No`, `Weapon5Name`, `Weapon6No`, `Weapon6Name`, `Skill1Name`, `Skill2Name`, `Skill3Name`, `UnitStat1`, `UnitStat2`, `UnitStat3`, `UnitStat4`, `UnitStat5`, `UnitStat6`, `Comment`, `Landform`, `Modification`, `Repair`, `Oversize`, `Sniping`) VALUES
(16003, 118, '시구', 'B', '-', 'chi', 3, '중참도', 33, '76mm 중돌격기총', 22, '28mm 발칸 내장 방패', 0, 'Empty', 0, 'Empty', 0, 'Empty', '장갑 관통', '돌격지휘', '난무형 필살기', 11.1, 13.8, 15.3, 18.6, 13.8, 14.4, '자프트군의 지휘관 전용 MS. 진을 베이스로 개발되었고 각 부분에 성능의 향상을 꾀하였다. 발칸 내장 타입의 실드와 허리 부분에 추가된 드러스터로 화력, 방어력, 기동력 모두 향상되었다. 처음에는 진을 대신할 차기 주력기로서 개발되었지만, 신예기이다 보니 배치 수가 적어 주로 지휘관에게 우선적으로 배치되는 형태가 되었다. 범용성이 높은 진을 베이스로 개발되었기 때문에 본기체도 높은 범용성을 자랑한다.', '만능', 'off', 'off', 'off', 'off'),
(16004, 124, '진 하이메뉴버', 'C', '-', 'chi', 3, '중참도 총검', 33, '시제 27mm 기갑돌격총', 34, '케투스', 0, 'Empty', 0, 'Empty', 0, 'Empty', '기동성 업', '저력발동', '난무형 필살기', 9.3, 11.4, 12.3, 17.7, 11.7, 12.6, '자프트군의 양산형 고기동 MS. 주력 MS였던 「진」은 범용성이 우수한 기체였지만, 전쟁이 장기화가 되면서 점차 구식기가 되어갔다. 이에 자프트군은 「진」의 강화 프로그램을 실행하는데, 그중에서 고기동성에 중점을 두고 개발된 것이 본 기체이다. 임시 강화 기체였지만 성능 밸런스가 좋았고, 특히 등 부분의 대형 부스터는 아주 성능이 우수하여, 후에「미티어」의 추진 기관 개발에 많은 도움이 되었다고 한다.', '만능', 'off', 'off', 'off', 'off'),
(16005, 119, '시구 딥암즈', 'B', 'S', 'ba', 4, '레이저 중참도', 32, '시제지행성 열에너지포x1', 42, '시제지행성 열에너지포x2', 0, 'Empty', 0, 'Empty', 0, 'Empty', '공격력 업', '돌격지휘', '맵 병기형 필살기', 12.9, 18.3, 15.3, 19.2, 13.8, 16.5, '자프트군의 시작형 MS. 빔 병기의 실용화에 뒤처져있던 자프트군이 지구연합군의 빔 병기 기술을 응용해, 시구에 시험적으로 빔 병기를 탑재한 테스트기이다. 탑재되어 있는 초기형 빔 유닛은 10M를 넘는 대형에 발열에도 문제가 있었지만, 빔 유닛 자체의 성능은 아주 우수해서 이후에 개발된 빔 병기는 모두 이것을 기준으로 설계되었다. 지구연합군의 슈베르트 게벨과 흡사한 구조를 가진 격투전용의 레이저 중참도를 장비하고 있는 것이 특징이다.', '만능', 'off', 'off', 'off', 'off'),
(16006, 115, '게이츠', 'B', '-', 'chi', 1, '2연장 빔 크로', 32, '빔 라이플', 36, '그레네이드 런처', 0, 'Empty', 0, 'Empty', 0, 'Empty', '내구력 보강', '리로드 업', '난무형 필살기', 11.1, 12.9, 15.3, 17.7, 13.2, 14.4, '자프트군의 범용 양산형 MS. 진을 대신할 차기 주력 MS로 개발된 기체이다. 앞서 개발된 시구의 배치 대수가 너무 적었고 지구연합군이 다수의 고성능 양산형 MS를 전선에 투입하면서 국력이 앞서게 된다. 이에 자프트군도 고성능 MS 개발을 서둘러 이 기체를 탄생시킨다. 지구연합군 MS에 맞서 빔 병기를 표준으로 장비하였고, 시구와 비교해 모든 면에서 강화가 이루어졌다. 특히 무장 면에서는 대 MS 전투를 상정하여, 근접전에 비중을 둔 장비가 있는 것이 특징이다.', '만능', 'off', 'off', 'off', 'off'),
(16007, 117, '게이츠 (지휘관용)', 'B', '-', 'muk', 1, '2연장 빔 크로', 32, '빔 라이플', 11, '익스텐셔널 알레스터', 0, 'Empty', 0, 'Empty', 0, 'Empty', '방어지휘', '통신지휘', '난무형 필살기', 11.7, 18.3, 15.3, 19.2, 12.3, 18.6, '자프트군의 범용 양산형 MS. 게이츠의 지휘관용 타입으로 성능 면에서는 양산기와 다를 바 없다. 양산기와 구분하기 위해 기체는 백색 계통으로 컬러링되었다. 주요 파일럿은 라우 루 크루제.', '만능', 'off', 'off', 'off', 'off'),
(16008, 111, '이지스 건담', 'A', '-', 'chi', 3, '빔 사벨', 32, '고에너지 빔 라이플 (저)', 43, '고에너지 빔 라이플 (고)', 42, '스퀼라', 0, 'Empty', 0, 'Empty', 'SEED 각성', '페이즈 시프트 장갑', '난무형 필살기', 13.8, 15.9, 18.3, 21.3, 16.2, 16.5, '지구연합군의 고속강습용 MS. 자프트군에게 탈취당했던 건담 중의 1기로, X300계열의 프레임을 사용하여 MA형태로 변형이 가능, 일격이탈을 주로 하는 고속전투에 뛰어나다. 특히 MA형태의 주장비인 대함용 580mm 복열 위상 에너지포 [스퀼라]는 절대적인 위력을 자랑하여, 기체의 성능이 기동력과 공격력의 양면에서 우수하다는 것을 증명하고 있다. 원래 5기의 건담 중에서 지휘관기로 설계된 기체여서 그런지, 머리 부분의 고성능 센서가 다른 건담들보다 대형인 것이 특징이다.', '만능', 'on', 'off', 'off', 'off'),
(16010, 109, '듀얼 건담', 'A', '-', 'chi', 3, '빔 사벨', 32, '고에너지 빔 라이플', 22, '이겔슈테른', 0, 'Empty', 0, 'Empty', 0, 'Empty', '방어력 업', '페이즈 시프트 장갑', '난무형 필살기', 14.1, 15.9, 18.3, 21.3, 16.2, 16.5, '지구연합군의 중근거리전용 MS. 자프트군에 탈취당했던 건담 중의 1기로, 5기의 건담 중에서 가장 최초로 개발되었던 기체이다. 그 때문에 매우 기본적인 X100계의 프레임을 사용하며, 장비도 아주 기본적인 것들 뿐이다. 원래 기본적인 장비를 가진 기체를 개발한다는 컨셉으로 개발되었기 때문에 후에 개발되는 건담의 베이스가 된다. 후에 스트라이크 건담과의 전투에서 피탄당하고, 자프트군의 손에 의해 추가 장갑과 무장강화를 하여 <듀얼 건담 어설트 슈라우드>로 다시 태어나게 된다.', '만능', 'off', 'off', 'off', 'off'),
(16011, 110, '듀얼 건담 어설트슈라우드', 'A', 'R', 'ba', 3, '빔 사벨', 32, '고에너지 빔 라이플', 41, '시바', 0, 'Empty', 0, 'Empty', 0, 'Empty', '정밀 저격', '노련한 스나이퍼', '전탄 발사형 필살기', 15.3, 19.8, 15.3, 22.2, 16.8, 14.4, '지구연합군의 중근거리전용 MS. 자프트군이 탈취한 건담인 듀얼 건담에 추가 장갑과 무장 강화를 더하여 개수한 기체다. 방어력과 화력이 향상되었고, 기체 중량이 늘어난만큼 백팩도 대형으로 장비해 기동성은 저하되지 않았다. 하지만 추가 장갑이 자프트 제였기 때문에 페이즈시프트 장갑은 사용할 수 없다는 결점이 있다. 추가무장인 115mm 레일 건 「시바」의 명칭은 힌두교에 등장하는 신의 이름,「슈라우드」는 「이장하는 시체를 감싸는 천」이라는 뜻을 가지고 있다.', '만능', 'off', 'off', 'off', 'on'),
(16012, 112, '버스터 건담', 'A', '-', 'ba', 1, '격투', 32, '고에너지 집속화선 라이플', 43, '장거리 저격 라이플', 0, 'Empty', 0, 'Empty', 0, 'Empty', '정밀 저격', '페이즈 시프트 장갑', '맵 병기형 필살기', 12.9, 12.3, 18.3, 20.7, 19.8, 13.5, '지구연합군의 중장 포격용 MS. 자프트군에 탈취당했던 건담 중의 1기로, 원거리 포격을 담당한다. 원거리의 함대나 요새 등을 공격을 상정하고 있어 방어력이 낮고 근접 전투용 무장도 장비하지 않는다. 때문에 보통 「듀얼」과 같은 접근전용 기체를 동행시킨다. 양 팔에 있는 2종류의 포를 어떻게 연결시키느냐에 따라 포의 성능과 특성을 변화시킬 수 있는 특징이 있다. 따라서 적의 저격, 밀집한 적, 고속으로 이동하는 적 등 여러 가지 목표에 대해 강력한 화력으로 공격이 가능하였다.', '만능', 'off', 'off', 'off', 'on'),
(16013, 114, '블리츠 건담', 'A', '-', 'muk', 3, '그레이프닐', 32, '고에너지 빔 라이플', 23, '랜서 다트', 0, 'Empty', 0, 'Empty', 0, 'Empty', '페이즈 시프트 장갑', '오토 락온 재머 EX', '난무형 필살기', 11.4, 13.8, 18.3, 22.2, 16.8, 19.5, '지구연합군의 전격 침공용 MS. 자프트군에 탈취당했던 건담 중의 1기. 적지 깊숙히 침공, 은밀한 행동을 전개하는 기체로 개발되었다. 미립자 가스로 기체를 감싸 레이더나 육안에서 완전히 사라지는 「미라쥬 콜로이드」를 장비하고 있으며,효과의 극대화를 위해 이겔슈테른 등의 내장화기는 하나도 장비하지 않은 점이 눈에 띈다. 하지만 완전한 스텔스 시스템으로 평가받는 「미라쥬 콜로이드」에도 약점이 존재하는데, 사용시간이 짧고, 사용 중에는 페이즈시프트 장갑조차도 사용 못하는 점이 있다.', '만능', 'off', 'off', 'off', 'off'),
(16014, 121, '자우트', 'C', '-', 'ba', 1, '격투', 33, '숏바렐 중돌격기총', 41, '연장 캐논', 0, 'Empty', 0, 'Empty', 0, 'Empty', '방어력 업', '리로드 업', '전탄 발사형 필살기', 10.2, 12.3, 9.3, 9.9, 9.3, 9.3, '자프트군의 양산형 포격전용 가변 MS. 주로 거점공격이나 바쿠 등 공격기의 지원기로 운용되기 위해 개발된 기체이다. 포격전 시의 안정성과 주파성 확보를 위해 탱크 형태로 변형이 가능하며, 어깨의 캐논 4문으로 화력에도 충실하다. 하지만, 이런 강력한 화력을 갖춘 기체임에도 불구하고 운용상 밸런스가 나쁜 편이라 전선에서의 인기는 별로 없었다. 극중에서는 MS 형태보다는 전함 위에 배치되어 단순히 포대 대신으로 운용되었다.', '지상', 'off', 'off', 'off', 'off'),
(16015, 123, '진 (파르듀스)', 'C', 'R', 'muk', 3, '중참도', 33, '76mm 중돌격기총', 36, '파르듀스', 0, 'Empty', 0, 'Empty', 0, 'Empty', '저력발동', '돌격지휘', '난무형 필살기', 10.5, 13.8, 12.3, 12.3, 10.8, 16.5, '자프트군의 양산형 범용 주력 MS인 「진」의 파르듀스 무장 형태이다. 「M69 바루루스 개량형 특화중립자포」대신에 「M68 파르듀스 3연장단거리유도탄발사관」을 장비하고 있다. 기체 자체의 성능도 약간 격투전에 맞게 조정되어 있는 것이 특징.', '만능', 'off', 'off', 'off', 'off'),
(16016, 113, '버스터 건담(건런처)', 'A', 'R', 'chi', 1, '격투', 34, '350mm 건런처', 35, '대장갑 산탄포', 0, 'Empty', 0, 'Empty', 0, 'Empty', '공격력 업', '페이즈 시프트 장갑', '전탄 발사형 필살기', 14.4, 18.3, 15.3, 22.2, 18.3, 17.4, '지구연합군의 중장 포격용 MS. 자프트군에 탈취당했던 건담 중의 1기로, 원거리 포격전을 중시하는 기체이다. 그 화력으로 원거리의 함대나 요새 등을 공격하는 것을 상정하고 있어 방어력도 다른 건담보다 낮고 근접 전투용 무장도 장비하지 않는다. 양 팔에 있는 2종류의 포를 어떻게 연결시키느냐에 따라 포의 성능과 특성을 변화시킬 수 있는 특징이 있다. 「버스터 건담 (건런처)」는 기존 「버스터 건담」과 달리, 실탄병기 중심의 민첩한 공수전환이 가능한 버전이다.', '만능', 'off', 'off', 'off', 'off'),
(16017, 218, '바쿠', 'C', '-', 'muk', 3, '2연장 빔 사벨', 36, '400mm 13연장미사일포드', 1, '박치기', 0, 'Empty', 0, 'Empty', 0, 'Empty', '기동성 업', '공격력 업', '난무형 필살기', 9.6, 12.3, 12.3, 17.1, 9.3, 15.6, '자프트군의 지상용 양산형 사족 MS. 중력 하에서 안정성이 높은 사족 보행 시스템을 채용하여, 지상에 존재하는 장애물이나 험지, 특수 지형 등에 운용될 수 있도록 디자인되었다. 덕분에 사막 등에서는 인간형 MS에 비해 높은 기동성을 자랑하며 다리에 의지한 보행 외에도 캐터필러 주행도 가능하다. 등의 무장 형태에 따라 400mm 13연장 미사일포드 장비 타입과 450mm 2연장 레일건 장비 타입으로 나뉘어진다.', '지상', 'off', 'off', 'off', 'off'),
(16018, 116, '게이츠 (수리장비)', 'B', 'R', 'chi', 1, '2연장 빔 크로', 32, '빔 라이플', 23, '수리장비', 0, 'Empty', 0, 'Empty', 0, 'Empty', '내구력 보강', '기동성 업', '난무형 필살기', 7.5, 15.3, 15.3, 18.6, 12.3, 15.6, '자프트군의 범용 양산형 MS인 「게이츠」의 수리장비 탑재 형태이다. 전투력은 낮지만, 수리장비로 아군 기체를 수리할 수가 있기 때문에 전략적인 가치가 높은 기체이다.', '만능', 'off', 'on', 'off', 'off'),
(16019, 217, '딘', 'C', '-', 'chi', 1, '격투', 33, '76mm 중돌격기총', 35, '90mm 대공산탄총', 0, 'Empty', 0, 'Empty', 0, 'Empty', '리로드 업', '방어력 업', '난무형 필살기', 9, 10.8, 12.3, 17.7, 10.8, 12.6, '자프트군의 대기권내 전용 MS. 공중전용으로 개발된 기체로 등의 날개를 펼치고, 페이스 가드가 머리를 뒤덮은 형태로 비행하는 것이 특징이다. 또 양 허리에 있는 총의 래치에도 부스터를 내장하여 높은 비행능력을 갖추고 있다. 양 팔에 90mm 대공산탄총과 76mm 중돌격기총을 장비하고 흉부에는 다목적 런처 등 사격계 무장은 풍부하나, 접근전투용 무장은 장비하지 않아 접근전에는 어울리지 않다. 대기권내의 비행을 위해 기체 중량은 극한까지 낮춰 이 시대 MS 중에서는 가장 가볍다고 한다.', '지상', 'off', 'off', 'off', 'off'),
(16020, 219, '바쿠 (2연장 레일건)', 'C', 'R', 'ba', 1, '박치기', 41, '2연장 레일건', 41, '2연장 레일건 (동시 발사)', 0, 'Empty', 0, 'Empty', 0, 'Empty', '리로드 업', 'V백신', '전탄 발사형 필살기', 9.6, 10.8, 12.3, 17.7, 13.8, 15.6, '자프트군의 지상용 양산형 사족 MS인「바쿠」의 레일건 장비 타입 형태이다. 바쿠 특유의 고기동성은 그대로 살리고, 무장을 450mm 2연장 레일건으로 장착하여 중/원거리 전투에 적응할 수 있도록 세팅되어있다.', '지상', 'off', 'off', 'off', 'off'),
(16021, 220, '조노', 'C', '-', 'muk', 1, '크로', 32, '포논 메자포', 36, '연장어뢰발사관', 0, 'Empty', 0, 'Empty', 0, 'Empty', '기동성 업', '방어력 업', '난무형 필살기', 9.9, 13.8, 12.3, 12.3, 7.8, 10.5, '자프트군의 양산형 수중전용 MS. 「군」의 후속기로 개발된 기체로, 「군」이 수뢰전을 중시한 것에 비해 조노는 수중에서의 격투전을 중시하여 양팔이 크로 형태로  개발됐다. 기본적으로는 크로에 의한 파워로 밀어붙이는 전투에 능하며 수중 항행 시에는 기체를 눕히고 팔을 어깨 아머에 수납, 머리를 앞으로 향하고 진행한다. 「군」과 마찬가지로 수중에서의 저항을 최소한으로 한 형태기 때문에 수중에서의 운동성은 높다. 극 중에서는 수중전으로 도전해 온 「스트라이크 건담」을 괴롭혔다.', '수중', 'off', 'off', 'off', 'off'),
(16022, 203, '프로비던스 건담', 'S', '-', 'ba', 3, '복합병장방패시스템', 32, '유디키움 빔 라이플', 25, '드래군 시스템', 0, 'Empty', 0, 'Empty', 0, 'Empty', '크루제의 증오', '뉴트론 재머 캔슬러', '전탄 발사형 필살기', 14.4, 16.8, 15.3, 23.7, 21.3, 18.6, '자프트군의 범용 시작형 MS. 본기체는 「뉴트론 재머 캔슬러」및 페이즈시프트 장갑을 탑재한 자프트의 최신예기. 「드래군 시스템」이라는 원격공격단말기를 장비해, 양자 통신에 의한 무선유도로 「드래군」을 조종, 공수일체 올 레인지 공격이 가능하다. 「드래군 시스템」은 43문의 빔 포로 이루어져 이 공격에 도망치는 것은 불가능에 가깝다. 백팩에는 대출력 드러스터가 내장되어 「드래군」을 장비함에 따른 기동성의 저하를 극복하였고, 기체 스펙만으로도 최강의 건담이라 할 수 있다.', '만능', 'off', 'off', 'off', 'off'),
(16023, 510, '시구 (BU)', 'B', 'U', 'chi', 3, '중참도', 33, '76mm 중돌격기총', 22, '28mm 발칸 내장 방패', 0, 'Empty', 0, 'Empty', 0, 'Empty', '리로드 업', '장갑 관통', '난무형 필살기', 11.1, 12.3, 15.3, 18.6, 15.3, 14.4, '자프트군의 지휘관 전용 MS. 2008년 11월 유저 응모 컨테스트 당선 유닛으로, 닉네임  ''shot435'' 가 디자인하였다. BU랭크의 「시구」는 일반 B랭크의 「시구」에서 컬러링만 변경된 것이 아니라, 약간의 스탯 조정도 이루어져있다.', '만능', 'off', 'off', 'off', 'off'),
(16024, 346, '포스 임펄스 건담', 'A', 'S', 'chi', 3, '바즈라 빔 사벨', 32, '고에너지 빔 라이플', 22, '20mm CIWS', 0, 'Empty', 0, 'Empty', 0, 'Empty', '공격력 업', 'SEED 각성', '난무형 필살기', 14.4, 18.3, 18.3, 23.7, 18.3, 17.4, '자프트군의 장비 환장형 만능 MS. 임펄스 건담에 고 기동전투를 중시한 [포스 실루엣] 을 장착한 형태로서, 빠른 기동성과 운동성을 무기로 전투형태를 취한다. 대기권내에서 공중제어가 가능할 정도로 출력이 뛰어나 [포스 실루엣]을 장비하고 출격하는 경우가 많았고, 기본적인 무장외의 [포스 실루엣] 에는 바즈라 빔사벨 2자루를 장비하고 있다.', '만능', 'off', 'off', 'off', 'off'),
(16025, 349, '세이버 건담', 'A', 'R', 'chi', 3, '바즈라 빔 사벨', 32, '고에너지 빔 라이플', 42, '암 폴타스 플라즈마 수습 빔포', 42, '암 폴타스 플라즈마 수습 빔포', 0, 'Empty', 0, 'Empty', '페이즈 시프트 장갑', '방어지휘', '난무형 필살기', 15.3, 18.3, 18.3, 25.8, 18.3, 17.4, '자프트 군의 고기동 전투용 가변시작 MS. 전투기형태의 MA로 변형되는 기구를 탑재하고 있는 것이 특징이다. 고기동 전투에 진가를 발휘한다. MA시에는 [암 폴타스 플라즈마 수습 빔포]로 재빨리 치고 빠지는 형태를 취하고, 적에게서 멀어진 순간 MS형태로 변형, 고 에너지 빔 라이플로 격파하는 전법에 능하다. 크레타 해역 전투에서 프리덤에 의해 거의 모든 부분이 수리가 불가능 할 정도로 해체가 되었다.', '만능', 'on', 'off', 'off', 'off'),
(16027, 352, '데스티니 건담', 'S', '-', 'chi', 13, '플래쉬 엣지 2 빔 부메랑', 32, '고에너지 빔 라이플', 42, '고에너지 장사정 빔포', 4, '아론다이트 빔 소드', 1, '팔마 피오키나 장부 빔포', 0, 'Empty', 'SEED 각성 EX', '필살기 각성', '맵 병기형 필살기', 15.3, 22.8, 21.3, 25.8, 15.3, 18.6, '자프트군의 범용결전병기 MS. 자프트 군이 지구연합과의 전쟁에 종지부를 찍기 위해 개발한 최신 MS다. 이 기체에는 듀트리온 송전 시스템과 핵 동력의 하이브리드 시스템[하이퍼 듀트리온]을 탑재함으로서, 강력한 무장을 사용 가능하게 하였다. 기본적인 무장에 덧붙여, 어깨 부분에 [플래시엣지2 빔부메랑]과 좌측 등에 [고에너지 장거리 빔포]와, 우측 등에는 [아론다이트]를 장비하고, 손바닥에는 [파르마 피오키나]를 장비하는 등, 공수 양면으로 최강의 성능을 자랑하는 기체이다.', '만능', 'on', 'off', 'off', 'off'),
(16029, 345, '임펄스 건담', 'A', '-', 'muk', 1, '폴딩 레이저 대장갑 나이프', 32, '고에너지 빔 라이플', 1, '격투 콤보', 0, 'Empty', 0, 'Empty', 0, 'Empty', '통신지휘', '공격력 업', '난무형 필살기', 12.9, 13.8, 18.3, 20.7, 18.3, 20.7, '자프트군의 장비 환장형 만능 MS. 유니우스 조약 체결 후에 개발된 자프트군 MS의 최신예기이고, 아모리 원에서 기체 강탈을 당하지 않은 신 아스카의 탑승기체. 조약에 의해 핵 엔진의 사용이 금지 되었기 때문에, 새로이 듀트리온 빔 전송시스템을 채용하고 있다. 이로 인해 모함이 존재하는 한 무한으로 기체 운용이 가능했다. 또한 실루엣 시스템을 도입하는 것으로 인해 3종류의 추가 무장을 장비하는 것이 가능하기에 어떠한 전국에서도 성능을 최대한으로 발휘할 수 있게 되었다.', '만능', 'off', 'off', 'off', 'off'),
(16030, 514, '진 (CU)', 'C', 'U', 'ba', 3, '중참도', 33, '76mm 중돌격기총', 42, '바루루스 개량형', 0, 'Empty', 0, 'Empty', 0, 'Empty', '장갑 관통', '리로드 업', '맵 병기형 필살기', 9.3, 7.8, 12.3, 11.1, 13.8, 12.6, '자프트군의 양산형 범용 주력 MS. 우주, 지상의 모두 운용이 가능하고 풍부한 옵션 장비를 갖추었다. 범용성, 확장성, 생산성을 겸비하여 용도에 따라 다양한 바리에이션의 기체가 개발되었다. 2009년 2월 유저 응모 컨테스트 당선 유닛으로, 닉네임  "은빛독수리" 가 디자인하였다. CU랭크의 「진」은 일반 C 랭크의 「진」에서 컬러링만 변경된 것이 아니라, 약간의 스탯 조정도 이루어져있다.', '만능', 'off', 'off', 'off', 'off'),
(16031, 348, '블래스트 임펄스 건담', 'A', 'R', 'ba', 3, '디파이언트 빔 재블린', 34, '델루지 초고초속 레일 포', 36, 'GMF39 4연장 미사일 런처', 0, 'Empty', 0, 'Empty', 0, 'Empty', '방어력 업', '리로드 업', '맵 병기형 필살기', 14.4, 18.3, 18.3, 22.8, 18.3, 14.4, '자프트군의 장비 환장형 만능 MS. 임펄스 건담에 중장거리 포격전투를 중시한 [블래스트 실루엣]을 장비한 형태. 포격을 중시한 기체로서, 뛰어난 화력을 이용하여 원거리에 있는 함대나 요새 등을 공격하는데 사용 되었다. 주 무장인 [케르베로스 고 에너지 장거리 빔포]는 요새전에 사용될 정도로 압도적인 화력을 갖고 있고, 수 많은 [블래스트 실루엣] 장비 중에서도 최강의 병기라 할 수 있다. 또한, 그 중에는 [디파이언트 빔 재블린]도 들어있어, 접근 공격도 가능하다.', '만능', 'off', 'off', 'off', 'off'),
(16032, 347, '소드 임펄스 건담', 'A', 'S', 'muk', 4, '엑스칼리버 레이저 대함도', 13, '플래시 엣지 빔 부메랑', 4, '안비데크스트라스 폼', 0, 'Empty', 0, 'Empty', 0, 'Empty', '페이즈 시프트 장갑', 'SEED 각성', '난무형 필살기', 13.8, 16.8, 18.3, 22.8, 19.8, 20.7, '자프트군의 장비 환장형 만능 MS. 임펄스 건담에 접근전을 중시한 [소드 실루엣]을 장비한 형태. 접근전을 중시한 기체로서, 함대나 MS부대에 돌격하여 싸우는, 난전에서의 전투를 상정하고 있기 때문에, 거의 모든 장비가 근접 전용이다. 주 장비인 [엑스칼리버 레이저 대함도]는 문자 그대로 대함용으로, 2자루를 결합하는 것으로 [안비데크스트라스 폼]이라는 거대한 검이 된다. 그 밖에도, 독특한 궤도로 날아서 상대방의 사각을 공격하는 [플래시 엣지 빔 부메랑]을 2개 장비하고 있다.', '만능', 'off', 'off', 'off', 'off'),
(16033, 517, '자우트 (CU)', 'C', 'U', 'ba', 1, '격투', 33, '숏바렐 중돌격기총', 41, '연장 캐논', 0, 'Empty', 0, 'Empty', 0, 'Empty', '리로드 업', '기동성 업', '전탄 발사형 필살기', 11.7, 12.3, 9.3, 12.3, 7.8, 9.3, '자프트군의 양산형 포격전용 가변 MS. 주로 거점공격이나 바쿠 등 공격기의 지원기로 운용되기 위해 개발된 기체이다. 포격전 시의 안정성과 주파성 확보를 위해 탱크 형태로 변형이 가능하며, 어깨의 캐논 4문으로 화력에도 충실하다. 2009년 5월 유저 응모 컨테스트 당선 유닛으로, 닉네임  "발레리노헌터x" 가 디자인하였다. CU랭크의 「자우트」은 일반 C 랭크의 「자우트」에서 컬러링만 변경된 것이 아니라, 약간의 스탯 조정도 이루어져있다.', '지상', 'off', 'off', 'off', 'off'),
(16034, 356, '레전드 건담', 'S', '-', 'ba', 32, '고 에너지 빔 라이플 (고출력)', 32, '고 에너지 빔 라이플', 25, '드래군 시스템', 3, '디피안트改 빔 쟈벨린', 32, '드래군 시스템', 0, 'Empty', '공격력 업', '뉴트론 재머 캔슬러', '전탄 발사형 필살기', 15.3, 18.3, 18.3, 25.8, 19.8, 15.6, '자프트 군의 범용결전병기 MS. 데스티니와 같은 최신의 동력기관 [하이퍼 듀트리온]을 탑재하여, 드래군 시스템, 전용 빔 라이플 등 강력한 무장을 제한 없이 사용 가능하다. 전설의 에이스 아스란 자라에게 주어질 예정이었지만, 아스란이 탈주할 때 추격을 위해 레이 자 바렐이 탑승하게 되었고, 이후에도 레전드 건담의 파일럿으로 임하게 되었다. 파일럿인 레이의 기량도 좋아 눈부신 활약을 보이지만, 메사이어를 둘러싼 최종 결전에서 스트라이크 프리덤과의 대결에서 패해 격파 되었다.', '만능', 'on', 'off', 'off', 'off'),
(16036, 634, '가자우트', 'C', '-', 'ba', 1, '격투', 42, '푸르카 2연장 빔포', 36, '팔코네 SSM 지대지/대함 미사일', 0, 'Empty', 0, 'Empty', 0, 'Empty', '고성능OS (C랭크)', '방어력 업', '전탄 발사형 필살기', 9.3, 9.3, 9.3, 13.5, 15.3, 10.5, '자프트군의 양산형 포격용 가변 MS. 자우트의 개량형 MS로 대폭 화력이 향상되었으며, 운용 방법도 자우트처럼 거점 공격이나 MS지원기로서 운용된다. 기동 포대로도 고정 포대로도 쓸모있는 기체이며, 화력만 본다면 자프트군의 양산 MS중에서 최고를 자랑한다. 화력 관제 능력도 높아서 정확한 지원포격도 가능하다.', '만능', 'off', 'off', 'off', 'off'),
(16037, 401, '건너 자쿠 워리어', 'C', '-', 'ba', 2, 'MA-M8 빔 토마호크', 32, 'MMI-M633 빔 돌격 소총', 42, 'M1500 [오르트로스] 고에너지 장', 0, 'Empty', 0, 'Empty', 0, 'Empty', '방어력 업', '공격력 업', '맵 병기형 필살기', 9.3, 8.4, 12.3, 13.5, 12.3, 9.3, '자프트군의 장비 환장형 만능 MS. 자쿠 워리어에 고에너지 장거리 빔포 [M1500오르트로스] 를 장비한 포격전용 기체이다. 등에는 대용량 에너지 탱크를 장비하여 지대한 화력을 자랑한다.', '만능', 'off', 'off', 'off', 'off'),
(16038, 402, '슬래시 자쿠 워리어', 'C', '-', 'muk', 2, 'MA-MR [팔크스 G7] 빔 액스', 32, 'MMI-M633 빔 돌격 소총', 22, 'MMI-M826 [하이드라] 개틀링 ', 0, 'Empty', 0, 'Empty', 0, 'Empty', '기동성 업', '공격력 업', '난무형 필살기', 9.3, 12.3, 12.3, 13.5, 10.8, 15.6, '자프트군의 장비 환장형 만능 MS. 자쿠 워리어에 근접전용 팩을 장비한 기체로서, 양 어깨에 개틀링 빔포와 허리 부분에는 기체보다 큰 빔 액스를 장비하고 있다. 특히 개틀링 빔포는 기존의 빔 라이플 등과 비교해서 사정거리는 짧지만, 속사성이 매우 뛰어나기 때문에 근접전에 있어서 상당히 유효한 무장이다.', '만능', 'off', 'off', 'off', 'off'),
(16039, 403, '블레이즈 자쿠 워리어', 'C', '-', 'chi', 2, 'MA-M8 빔 토마호크', 32, 'MMI-M633 빔 돌격 소총', 36, 'GM138 [파이어비] 유도 미사일', 0, 'Empty', 0, 'Empty', 0, 'Empty', '기동성 업', '리로드 업', '전탄 발사형 필살기', 9.3, 10.8, 12.3, 13.5, 12.3, 12.6, '자프트군의 장비 환장형 만능 MS. 기존 자쿠 워리어에 고기동전 장비를 설치한 기체이다. 등 부분의 대출력 백팩에는 유도 미사일 런쳐도 장비되어 있기 때문에, 높은 기동성 및 화력 지원 능력의 향상까지 꾀한 기체이다.', '만능', 'off', 'off', 'off', 'off'),
(16040, 405, '슬래시 자쿠 팬텀', 'C', 'R', 'muk', 2, 'MA-MR [팔크스 G7] 빔 액스', 22, 'MMI-M826 [하이드라] 개틀링 ', 2, 'MA-MR [팔크스 G7] 빔 액스', 0, 'Empty', 0, 'Empty', 0, 'Empty', '방어력 업', '철벽수비 (C랭크)', '난무형 필살기', 10.8, 13.8, 12.3, 14.7, 10.8, 16.5, '자프트군의 장비환장형 만능 MS. 자쿠 팬텀에 근접전용 팩을 장착한 기체로서, 양 어깨에 개틀링 빔포와 허리 부분에 기체 크기를 상회하는 장대한 빔 액스를 장비하고 있다. 개틀링 빔포는 빔 라이플 등과 비교해서 사정거리는 짧지만, 속사성이 매우 뛰어나 근접전에 있어서 유효한 무장이다.', '만능', 'off', 'off', 'off', 'off'),
(16041, 531, '건너 자쿠 워리어 (CU)', 'C', 'U', 'ba', 2, 'MA-M8 빔 토마호크', 32, 'MMI-M633 빔 돌격 소총', 42, 'M1500 [오르트로스] 고에너지 장', 0, 'Empty', 0, 'Empty', 0, 'Empty', '방어력 업', '리로드 업', '맵 병기형 필살기', 8.4, 10.8, 12.3, 13.5, 12.3, 11.4, '자프트군의 장비 환장형 만능 MS. 자쿠 워리어에 고에너지 장거리 빔포 [M1500오르트로스] 를 장비한 포격전용 기체이다. 등에는 대용량 에너지 탱크를 장비하여 지대한 화력을 자랑한다. 2010년 10월 유저 응모 컨테스트 당선 유닛으로, 닉네임  "우월DNA" 가 디자인하였다. CU랭크의 「건너 자쿠 워리어 (CU)」은 일반 C 랭크의 「건너 자쿠 워리어」에서 컬러링만 변경된 것이 아니라, 약간의 스탯 조정도 이루어져있다.', '만능', 'off', 'off', 'off', 'off'),
(16042, 649, '진 (중폭격용 D장비)', 'C', '-', 'chi', 1, '격투', 36, '케니스', 36, '그레네이드 런처', 0, 'Empty', 0, 'Empty', 0, 'Empty', '리로드 업', '공격력 업', '전탄 발사형 필살기', 9.9, 12.3, 9.3, 14.7, 12.3, 13.5, '자프트군의 양산형 범용 주력 MS. <진>에 요새 등 거점 공략용 중무장을 장비한 타입. 특화중입자포나 대형 미사일 등을 장비하여 화력이 대폭 향상되었다. 또, 포격전 사양이기 때문에 근접 전투용의 무장은 장비되지 않았고 기체의 중량도 늘어났기 때문에 접근전에는 부적합하다. 이렇게 장비를 변경하는 것만으로 다양한 작전에 유연하게 대응할 수 있는 점이 높은 범용성을 자랑하는 <진>의 장점이라 할 수 있다.', '만능', 'off', 'off', 'off', 'off'),
(16043, 651, '미겔 아이만전용 진', 'B', 'S', 'chi', 3, '중참도', 33, '76mm 중돌격기총', 36, '파르듀스', 0, 'Empty', 0, 'Empty', 0, 'Empty', '황혼의 마탄', '리로드 업', '난무형 필살기', 12.3, 16.8, 15.3, 19.2, 13.8, 15.6, '자프트군의 양산형 범용 주력 MS. 에이스 파일럿인 미겔 아이만의 전용기이다. 진을 베이스로 커스터마이즈되었으며, 오렌지 계통의 컬러로 칠해져 있는 기체색이 특징. 센서 감도등 특성이 변경되어 보통의 진 보다 성능이 높지만, 기체 각부에 가해지는 부담이 커서 파츠 소모율이 일반기보다 크다는 단점이 있다. 헬리오폴리스 습격 직전, 자프트군의 보급 기지 격파 의뢰를 받은 가이가 탑승한 진과의 교전에서 져, 본 기체는 대파되고 만다.', '만능', 'off', 'off', 'off', 'off'),
(16044, 532, '바쿠 (CU)', 'C', 'U', 'muk', 3, '2연장 빔 사벨', 36, '400mm 13연장미사일포드', 1, '박치기', 0, 'Empty', 0, 'Empty', 0, 'Empty', '공격력 업', '방어력 업', '난무형 필살기', 8.4, 10.8, 12.3, 17.1, 13.8, 15.6, '자프트군의 지상용 양산형 사족 MS. 중력 하에서 안정성이 높은 사족 보행 시스템을 채용하여, 지상에 존재하는 장애물이나 험지, 특수 지형 등에 운용될 수 있도록 디자인되었다. 2010년 11월 유저 응모 컨테스트 당선 유닛으로, 닉네임  "카빌" 가 디자인하였다. CU랭크의 「바쿠 (CU)」은 일반 C 랭크의 「바쿠」에서 컬러링만 변경된 것이 아니라, 약간의 스탯 조정도 이루어져있다.', '지상', 'off', 'off', 'off', 'off'),
(17001, 129, '네덜 건담', 'C', '-', 'muk', 1, '풍차날개 회전공격', 32, '빔캐논', 13, '풍차날개 부메랑', 0, 'Empty', 0, 'Empty', 0, 'Empty', '방어력 업', '철벽수비 (C랭크)', '난무형 필살기', 10.8, 12.3, 12.3, 11.1, 9.3, 15.6, '네오 네덜란드 대표의 MF. 제13회 건담 파이트용으로 개발된 MF이고, 원래는 풍차형태로의 변형기구를 갖고 있다. 가슴의 풍차를 사용하여 폭풍을 발생시켜 적을 공격하는 필살기 [네덜 태풍]은 강력한 위력을 자랑한다. 가격대 성능이 우수해, 많은 기수가 양산되어 네오 네덜란드 콜로니에 배치되었다. 데빌 건담과의 최종 결투 때에는 무수한 네덜 건담들이 한꺼번에 출격하는 진풍경을 연출하기도…', '지상', 'off', 'off', 'off', 'off'),
(17002, 128, '라이징 건담', 'B', '-', 'muk', 4, '히트 나기나타', 32, '빔 보우', 22, '발칸포', 0, 'Empty', 0, 'Empty', 0, 'Empty', '노련한 인파이터', '필살기 각성', '난무형 필살기', 12.6, 16.8, 15.3, 17.7, 10.8, 17.4, '네오재팬의 군용 MF. 원래는「샤이닝 건담」의 개발 초기에 프로토 타입으로 완성된 기체이지만, 후에 군사용으로 개수되었다. 빔 보우, 빔 나기나타 등의 무장을 지녔으며, 양손의 아머는 연결하여 방패로 이용하는 것이 가능하다. 「데빌 건담」과의 결전을 대비해 네오 홍콩에 파견되어 「월터 건담」과 벌인 사투는 유명하다. 필살기는 [필살필중 라이징 애로].', '만능', 'off', 'off', 'off', 'off'),
(17003, 125, '샤이닝 건담', 'A', '-', 'muk', 1, '격투', 32, '샤이닝 슈트', 22, '발칸포', 0, 'Empty', 0, 'Empty', 0, 'Empty', '동방불패류 격투술', '기동성 업', '난무형 필살기', 12.9, 13.8, 18.3, 21.3, 19.8, 19.5, '네오재팬의 대표 MF. 건담 파이트 용으로 개발된 MF로, 제13회 대회에 참가한 MF중에서도 굴지의 격투전 능력을 자랑한다. 파일럿의 감정에 대응해 전투 모드를 바꾸는 기능이 탑재되어 있어, 2단계의 「배틀 모드」에서는 필살기「샤이닝 핑거」의 사용이 가능, 나아가 3단계「슈퍼 모드」에서는 기체 각부의 냉각 커버가 전개되어 기체 전체가 금색으로 발광한다.「슈퍼 모드」에서는 기체 성능을 한계까지 끌어낼 수 있다고 한다.', '만능', 'off', 'off', 'off', 'off'),
(17004, 126, '샤이닝 건담 배틀모드', 'A', 'S', 'muk', 1, '격투', 32, '샤이닝 슈트', 22, '발칸포', 1, '격투', 32, '샤이닝 슈트', 1, '격투 콤보', '명경지수', '슈퍼 모드', '난무형 필살기', 13.8, 18.3, 18.3, 22.2, 18.3, 20.7, '네오재팬의 대표 MF인 「샤이닝 건담」은 파일럿의 감정에 대응해 전투 모드를 바꾸는 기능이 탑재되어 있는데, 1단계의 「일반모드」, 2단계의 「배틀모드」에 이어 3단계인「슈퍼모드」로 되면 기체 각부의 냉각 커버가 전개되어 기체 전체가 금색으로 발광한다.「슈퍼 모드」에서는 기체 성능을 한계까지 끌어낼 수 있으며, 궁극의 필살기인 「샤이닝 핑거 소드」의 사용이 가능해진다.', '만능', 'on', 'off', 'off', 'off'),
(17005, 127, '노벨 건담', 'B', '-', 'muk', 1, '빔 리본', 13, '빔 훌라후프', 22, '발칸포', 0, 'Empty', 0, 'Empty', 0, 'Empty', '건담파이터 격투술', 'V백신', '난무형 필살기', 10.2, 12.3, 15.3, 19.2, 16.8, 20.7, '네오스웨덴의 대표 MF. 제13회 건담 파이트용으로 개발된 MF로, 대회 유일의 여성형 건담이다. 장갑을 최대한 줄여서 기동성과 유연성을 추구했으며, 재빠른 움직임으로 상대를 농락한다. 무장도 빔 리본, 빔 훌라후프 등 독특한 것을 사용하고 있으며, 체조를 연상케 하는 민첩하며 우아한 전투 스타일을 보여준다. 또 파일럿의 감정을 조작하여, 파일럿과 기체의 능력을 한계까지 끌어내는「버서커 시스템」을 탑재하고 있어서, 잠재적인 전투 능력은 상당히 높다.', '만능', 'off', 'off', 'off', 'off'),
(17006, 130, '머메이드 건담', 'C', '-', 'muk', 1, '트라이던트', 32, '트라이던트 빔', 23, '빔 네트', 0, 'Empty', 0, 'Empty', 0, 'Empty', '건담파이터 격투술', '오토 락온 재머', '난무형 필살기', 9.3, 10.8, 12.3, 13.5, 10.8, 15.6, '네오덴마크 대표의 MF. 제13회 건담 파이트 용으로 개발된 MF로, 대회 최고의 수중전투능력을 갖고있다. [빔 네트]로 상대의 움직임을 봉쇄하고, [트라이던트]의 마지막 일격을 가하는 전법을 특기로 한다. 예선 대회를 통과하여 결승대회에 진출하였지만, 몇 번이나 거듭되는 싸움으로 기체가 한계에 달하였기 때문인지 드래곤 건담과의 싸움을 최후로 대회에서 탈락했다.', '수중', 'off', 'off', 'off', 'off'),
(17007, 189, '건담 헤비암즈', 'B', '-', 'chi', 3, '아미 나이프', 33, '빔 개틀링', 22, '개틀링', 0, 'Empty', 0, 'Empty', 0, 'Empty', '방어력 업', '철벽수비 (B랭크)', '난무형 필살기', 12.3, 13.8, 15.3, 15.9, 15.3, 14.4, '콜로니 독립 운동 조직이 개발한 특수 임무용 건담 중 1기. 닥터S가 설계했다. 다수의 화기 무장을 통한 포격전에서의 우위 확보를 위해 개발되었으며 전신에 강력한 화기를 장비했다. 왼팔의 빔 개틀링 및 전신에 내장된 다수의 미사일과 개틀링포는 가히 움직이는 탄약고라 불려도 손색이 없다. 다만, 무장의 대부분이 실탄이기 때문에 잔탄이 자주 바닥났다. AC 195년 지구권 통일 연합 및 OZ에 대한 파괴공작을 위해 지구에 파견되어 많은 전과를 올렸다. 주요 파일럿은 트로와 바튼, 히이로 유이.', '만능', 'off', 'off', 'off', 'off'),
(17008, 190, '건담 헤비암즈 (호밍 미사일)', 'B', 'R', 'ba', 3, '아미 나이프', 22, '빔 개틀링', 36, '호밍 미사일', 0, 'Empty', 0, 'Empty', 0, 'Empty', '저력발동', '방어지휘', '전탄 발사형 필살기', 12.9, 18.3, 12.3, 17.1, 12.3, 15.6, '콜로니 독립 운동 조직이 개발한 특수 임무용 건담인 「건담 헤비암즈」의 호밍 미사일 장비 타입 형태이다. 중거리 전투에서 탁월한 위력을 발휘하는 호밍 미사일의 탑재는 「건담 헤비암즈」의 사격지향적인 컨셉을 더욱 강조해주고 있다.', '만능', 'off', 'off', 'off', 'off'),
(17009, 188, '건담 데스사이즈', 'B', '-', 'muk', 4, '빔 사이즈', 33, '머신 캐논', 13, '버스터 실드', 0, 'Empty', 0, 'Empty', 0, 'Empty', '노련한 인파이터', '오토 락온 재머', '난무형 필살기', 10.8, 12.3, 15.3, 17.7, 13.8, 17.4, '콜로니 독립운동조직이 개발한 특수 임무용 건담 중 1기. 프로페서G가 설계했다. 단독 침투 및 게릴라 작전 용으로 개발했기 때문에 은밀성과 정비성이 높다. 하이퍼 재머에 의해 적 센서에 감지되지 않고 빠르게 접근, 빔 사이즈로 일격에 파괴시키는 전법을 취했다. 거대한 빔 사이즈를 들고 있는 실루엣은 적 병사들에게 강한 위압감과 공포심을 심어, 전장의 사신으로 불렸다. AC 195년, 지구권 통일 연합 및 OZ에 대한 파괴공작을 위해 지구로 파견, 많은 전과를 올렸다. 파일럿은 듀오 맥스웰.', '만능', 'off', 'off', 'off', 'off'),
(17010, 191, '건담 샌드록', 'B', '-', 'muk', 4, '히트 쇼텔', 36, '호밍 미사일', 1, '크로스 크러셔', 0, 'Empty', 0, 'Empty', 0, 'Empty', 'MS 격투술', '철벽수비 (B랭크)', '난무형 필살기', 12.9, 15.3, 15.3, 17.1, 13.8, 17.4, '콜로니 독립운동 조직이 개발한 특수 임무용 건담 중의 1기. 지상에서의 백병전을 중시해서 개발되었으며, 대형 히트 쇼텔과 견고한 장갑을 갖고 있다. 또 지휘, 관제 성능이 우수해 MS부대의 지휘를 맡기도 한다. 지구권 통일 연합 및 OZ에 대한 파괴공작을 위해 지구로 파견되어 마그아낙 부대와 많은 전과를 올리지만, 우주항 결전 때, 돌파구를 열기 위해 포위부대를 유인하여 자폭 하게된다. 그 후 마그아낙 부대가 잔해를 수리하여 다시 전열에 복귀했다. 파일럿은 카트르 라버바 위너.', '만능', 'off', 'off', 'off', 'off'),
(17011, 192, '셴롱 건담', 'B', '-', 'muk', 4, '빔 그레이브', 1, '드래곤 행', 23, '화염방사기', 0, 'Empty', 0, 'Empty', 0, 'Empty', '노련한 인파이터', 'MS 격투술', '난무형 필살기', 11.1, 13.8, 15.3, 18.6, 16.8, 17.4, '콜로니 독립운동 조직이 개발한 특수임무용 건담 중의 하나로 백병전 위주로 개발됐다. 드래곤 행과 빔 그레이브 등 격투전용 무기 장착으로 백병전 능력은 최고며 화염방사기를 통한 범위공격도 가능했다. AC 195년 지구권 통일 연합 및 OZ에 대한 파괴공작을 위해 지구로 파견, 각지를 전전하며 많은 전과를 올렸다. 파일럿 우페이 창은 셴롱 건담을 ''나타쿠''로 불렀는데 이는 셴롱 건담을 지키려고 희생한 전처 류 메이란의 영혼이 기체에 있다고 믿었기 때문이다. 셴롱은 중국어로 ''신룡''을 뜻한다.', '만능', 'off', 'off', 'off', 'off'),
(17012, 194, '리오 (지상형)', 'C', '-', 'chi', 3, '빔 사벨', 32, '빔 라이플', 22, '105mm 머신건', 0, 'Empty', 0, 'Empty', 0, 'Empty', '방어력 업', 'V백신', '난무형 필살기', 10.8, 12.3, 12.3, 11.1, 9.3, 12.6, '연합군의 범용 양산형 MS.「리오(지상형)」 는 OZ가 개발한 기체로 연합군 최초의 양산 MS다.  범용성과 양산성을 갖추고 있어 연합군의 주력 MS로서 대량 생산되어 거의 모든 지역에 배치된다. 그러나 오퍼레이션 메테오로 시작된 전란의 시대에서는 이미 구식이 되어버려 건담 타입의 MS는 물론, MD와 토러스에게도 대항할 수 없게 되어버렸지만, 배치된 수가 많아서, 거의 모든 세력에 의해 계속 사용되었다.', '지상', 'off', 'off', 'off', 'off'),
(17013, 195, '리오 (우주형)', 'C', 'R', 'ba', 3, '빔 사벨', 32, '빔 라이플', 41, '도버건', 0, 'Empty', 0, 'Empty', 0, 'Empty', '정밀 저격', '돌격지휘', '전탄 발사형 필살기', 9.3, 12.3, 12.3, 12.3, 12.3, 10.5, '연합군의 범용 양산형 MS.「리오(우주형)」은 등 부분에 우주용 백팩을 장비하고 우주전용으로 개조된 기체 이며 성능과 무장은 지상형 과 거의 같지만, 우주에서 전투를 할 수 있도록 설계 되었다. 연합, OZ, 화이트 팽 등 여러 진영에서 사용되었다가 최종 결전에서는 지구국가군의 주력 병기가 되었다.', '우주', 'off', 'off', 'off', 'on'),
(17014, 196, '서펜트', 'C', '-', 'ba', 1, '격투', 22, '더블 개틀링건', 42, '빔 캐논', 0, 'Empty', 0, 'Empty', 0, 'Empty', '정밀 저격', '내구력 보강', '맵 병기형 필살기', 9.3, 9.3, 12.3, 12.3, 13.8, 12.6, '마리메이아군의 범용 양산형 MS. 바튼 재단에 의해 개발된 기체로 반란군의 주력 MS가 되었다. OZ가 남긴 시작기를 베이스로 하고 있으나, 개발과정에서 건담 헤비암즈의 데이터가 유용되고 있는 듯하다. 더블 개틀링 건과 미사일 런처를 장비하고 옵션 병기로 바주카와 빔 캐논도 사용가능. 중장거리에서의 사격전을 중시해 충실한 화력을 자랑한다. 콜로니의 방위와 지상 제압 작전 등으로 대량 투입되어 건담과 격전을 벌였다. 「서펜트」의 명칭은 별자리의 뱀자리에서 유래한다.', '만능', 'off', 'off', 'off', 'on'),
(17015, 197, '서펜트 (미사일 런처)', 'C', '-', 'chi', 1, '격투', 22, '더블 개틀링건', 36, '숄더 미사일', 0, 'Empty', 0, 'Empty', 0, 'Empty', '철벽수비 (C랭크)', '장갑 관통', '전탄 발사형 필살기', 9.9, 13.8, 9.3, 13.5, 10.8, 13.5, '마리메이아군의 범용 양산형 MS. 바튼 재단에 의해 개발된 기체로 반란군의 주력 MS가 되었다. OZ가 남긴 시작기를 베이스로 하고 있으나, 개발과정에서 건담 헤비암즈의 데이터가 유용되고 있는 듯하다. 더블 개틀링 건과 미사일 런처를 장비하고 옵션 병기로 바주카와 빔 캐논도 사용가능. 중장거리에서의 사격전을 중시해 충실한 화력을 자랑한다. 콜로니의 방위와 지상 제압 작전 등으로 대량 투입되어 건담과 격전을 벌였다. 「서펜트」의 명칭은 별자리의 뱀자리에서 유래한다.', '만능', 'off', 'off', 'off', 'off'),
(17016, 198, '에어리즈', 'C', '-', 'chi', 1, '격투', 32, '체인 라이플', 36, '미사일 포드', 0, 'Empty', 0, 'Empty', 0, 'Empty', '방어력 업', '장갑 관통', '난무형 필살기', 9.3, 9.3, 12.3, 17.7, 12.3, 12.6, '연합군의 공륙양용 양산형 MS. 간이 변형 기구를 갖추어 대기권내 비행이 가능하게 되어 있다. 리오에 비해 파워와 장갑에서 떨어지고 화력도 높지 않으나 기동력과 행동반경의 넓이에서는 압도적으로 뛰어나다. 그러나 리오와 마찬가지로, 신형 MS에 대항할 수 있는 정도의 성능은 아니어서 MD가 등장하자 본기체의 활약은 그다지 볼 수 없게 되었다. 「에어리즈」의 명칭은 염소자리에서 유래한다.', '지상', 'off', 'off', 'off', 'off'),
(17017, 173, '갓 건담', 'S', '-', 'muk', 1, '격투', 22, '머신 캐논', 3, '갓 슬래쉬 타이푼', 1, '격투', 3, '폭렬 갓 슬래쉬', 1, '초급패왕전영탄', '킹 오브 하트', '하이퍼 모드', '난무형 필살기', 16.2, 15.3, 18.3, 25.8, 21.9, 21.6, '네오 재팬 대표의 MF. 제13회 건담 파이트 결승대회용으로 개발된 MF로 모든 면에서 샤이닝 건담을 상회하는 성능을 지니고 있다. 코어 랜더 등의 기본 시스템은 샤이닝 건담의 것을 계승하고 있지만, 필살기는「폭열 갓 핑거」로, 더욱 위력을 더하고 있다. 기아나 고지에서 참패한 샤이닝 건담을 대신해 네오 재팬 대표가 되어 결승대회를 전승으로 돌파, 훌륭히 우승으로 장식한다. 또한 대회 종료 후, 네오 재팬 콜로니를 둘러싸버린 데빌 건담도 격파하여 세계를 구하게 된다.', '만능', 'on', 'off', 'off', 'off'),
(17019, 174, '갓 건담 (풍운재기)', 'S', 'S', 'muk', 1, '격투', 33, '머신 캐논', 1, '격투 콤보', 1, '격투', 1, '격투', 1, '격투 콤보', '킹 오브 하트', '하이퍼 모드 EX', '난무형 필살기', 15.9, 21.3, 21.3, 24.9, 16.8, 21.6, '네오 재팬의 대표 MF. 갓 건담이 모빌 호스 [풍운재기] 에 탑승한 모습. 동방불패가 사라진 후, [풍운재기] 는 도몬이 이어 받아, 레인을 구출하러 떠나는 도몬을 우주로 안내한다. 도중 DG사천왕의 월터 건담과 교전하지만, 도몬의 분노에 반응해 뒷발 차기로 파괴시킨다.', '만능', 'on', 'off', 'off', 'off'),
(17020, 180, '건담 헤비암즈 개량형 (EW)', 'S', '-', 'ba', 1, '격투', 22, '더블 개틀링 건', 22, '흉부 개틀링 포', 22, '더블 개틀링 건/흉부 개틀링 포', 36, '호밍 미사일', 0, 'Empty', '철벽수비 (S랭크)', '피에로의 눈물', '전탄 발사형 필살기', 15.9, 19.8, 18.3, 25.8, 18.3, 15.6, '건담 헤비암즈 개량형의 OVA/극장용 디자인이다. 양팔에 더블 개틀링건을 장비하고 다리 부분의 미사일 포드도 증설되어 화력이 한층 더 증강되었다. 또한 접근전용의 아미 나이프는 폐지되고 포격전 사양의 기체가 되었다. 헤비암즈나 헤비암즈 개량형과는 달리 청색 계통의 컬러링으로 채색되어 있는 것도 특징 중 하나. 리브라 공방전 이 후, 폐기를 위해 태양으로 보내지만 [바튼의 반란] 당시 회수되어 전투에 투입된다. 출격 시, 피에로와 같은 페이스 마스크를 장착하고 있었던 것이 인상적.', '만능', 'on', 'off', 'off', 'off'),
(17022, 505, '머메이드 건담 (CU)', 'C', 'U', 'muk', 1, '트라이던트', 32, '트라이던트 빔', 23, '빔 네트', 0, 'Empty', 0, 'Empty', 0, 'Empty', '건담파이터 격투술', '오토 락온 재머', '난무형 필살기', 8.1, 10.8, 12.3, 15.9, 10.8, 14.4, '네오덴마크 대표의 MF. 2008년 7월 유저 응모 컨테스트 당선 유닛으로, 닉네임 ''JgundamGM''이 디자인하였다. CU랭크의 「머메이드 건담」은 일반 C랭크의 「머메이드 건담」에서 컬러링만 변경된 것이 아니라, 약간의 스탯 향상도 이루어져있다.', '수중', 'off', 'off', 'off', 'off');
INSERT INTO `unit` (`UnitID`, `UnitNo`, `Model`, `RankPrefix`, `RankSuffix`, `Property`, `Weapon1No`, `Weapon1Name`, `Weapon2No`, `Weapon2Name`, `Weapon3No`, `Weapon3Name`, `Weapon4No`, `Weapon4Name`, `Weapon5No`, `Weapon5Name`, `Weapon6No`, `Weapon6Name`, `Skill1Name`, `Skill2Name`, `Skill3Name`, `UnitStat1`, `UnitStat2`, `UnitStat3`, `UnitStat4`, `UnitStat5`, `UnitStat6`, `Comment`, `Landform`, `Modification`, `Repair`, `Oversize`, `Sniping`) VALUES
(17023, 193, '톨기스', 'B', '-', 'ba', 3, '빔 사벨', 34, '도버건', 34, '도버건 3연사', 0, 'Empty', 0, 'Empty', 0, 'Empty', '확장 부스터', '리미터 해제', '난무형 필살기', 11.4, 14.4, 15.3, 21.3, 14.7, 14.4, 'OZ의 시작형 MS. MS 개발 계획 도중에 제작된 기체로, 역사상 최초의 실전형 MS다. 리오의 프로토 타입이며 동시에 건담을 포함한 모든 MS의 원형에 해당한다. 종합적인 전투 능력은 이 후 개발된 양산기를 훨씬 능가하며 엄청난 가속 성능과 기동성은 파일럿에게 많은 부담을 주었다.「톨기스」는 젝스 마키스의 전용기로써 건담과 격투를 벌이지만, 롬펠러 재단의 MS 부대와의 전투에서 파괴된다. 「톨기스」의 명칭은 강령술사를 표현하는 말「톨기스트」에서 유래한다. 파일럿은 젝스 마키스.', '만능', 'off', 'off', 'off', 'off'),
(17024, 184, '톨기스III', 'S', '-', 'muk', 3, '빔 사벨', 42, '메가 캐논', 11, '히트 로드', 0, 'Empty', 0, 'Empty', 0, 'Empty', 'MS 격투술', '피스크래프트의 외침', '난무형 필살기', 15.3, 16.8, 21.3, 26.7, 21.3, 21.6, '프리벤터의 시작형 MS. 톨기스의 무장강화형으로 이전에 트레즈 크슈리나다가 개발시켰던 기체다. 주무장이 도버 건에서 메가 캐논으로 바뀌어 화력이 비약적으로 향상되었으며, 실드는 대형으로 바뀌었고 건담 에피온과 동일한 히트 로드 또한 내장되어 있다. 「바튼의 반란」당시 프리벤터 윈드를 자칭한 젝스 마키스의 탑승기가 되어 반란군의 거점이었던 MO-III를 격파했다. 그 후 반란군이 점거했던 브뤼셀 시로 돌입하여 서펜트 부대와 격전을 펼쳐 활약하게 된다.', '만능', 'off', 'off', 'off', 'off'),
(17025, 183, '알트론 건담 (EW)', 'S', '-', 'muk', 3, '트윈 빔 트라이던트', 12, '드래곤 행', 1, '드래곤 행', 0, 'Empty', 0, 'Empty', 0, 'Empty', '노련한 인파이터', '철벽수비 (S랭크)', '난무형 필살기', 14.4, 19.8, 21.3, 26.7, 18.3, 21.6, '알트론 건담의 OVA / 극장용 디자인이다. 드래곤 행이 팔 부분 내장식에서 외장식으로 변경된 것이 최대의 포인트. 또 등 부분의 윙바인더와 테일 스테빌라이저가 폐지되어 알트론 건담보다 예리하고 사나운 형태가 되었다.무장 면에서는 화염 방사기와 빔 캐논 등의사격무기가 폐지되어 완전히 격투전 사양의 MS가 되었다.  리브라 공방전 후, 몰래 감춰 두었다가 「바튼의 반란」때에 반란군으로 등장한다. 대기권으로 돌입하는 윙제로 커스텀과 격투를 벌이지만, 결국 결말이 나지 않았다.', '만능', 'off', 'off', 'off', 'off'),
(17026, 179, '건담 데스사이즈 헬 (EW)', 'S', '-', 'muk', 4, '빔 시저스', 22, '발칸포', 4, '빔 시저스', 0, 'Empty', 0, 'Empty', 0, 'Empty', '오토 락온 재머 EX', '하이퍼재머ECM', '난무형 필살기', 14.4, 18.3, 21.3, 25.8, 19.8, 21.6, '데스사이즈 헬의 OVA/극장용 디자인이다. 액티브 클럭의 모양이 악마의 날개를 생각나게 하는 모양으로 변경되어, 더욱 더 [사신]의 이미지와 가깝게 되었다. 또한, 버스터 실드는 폐지되고 양팔에 소형 실드를 장착하게 되었다. 리브라 공방전 종결 후 폐기하기 위해 태양으로 보내지만 [바튼의 반란] 당시 회수되어 반군과의 전투에 투입되었다. 반란 종식 후, 파일럿 자신의 손에 의해 폭파된다.', '만능', 'off', 'off', 'off', 'off'),
(17027, 182, '건담 샌드록 개량형 (EW)', 'S', '-', 'muk', 4, '히트 쇼텔', 13, '히트 쇼텔 던지기', 4, '격투 콤보', 0, 'Empty', 0, 'Empty', 0, 'Empty', '방어력 업', '위너가의 문장', '난무형 필살기', 15.3, 19.8, 21.3, 24.9, 18.3, 21.6, '건담 샌드록 개량형의 OVA/극장용 디자인이다. 주무장인 히트 쇼텔이 대형화된 것이 최대 특징으로, 기체색도 청색 계통으로 변경되었다. 리브라 공방전 종결 후, 폐기하기 위해 태양으로 보내지만 ''바튼의 반란'' 당시 회수되어 반란군과의 전투에 투입되어, 지상의 대통령 관저를 지키는 서펜트 다수를 처리 하는 장면을 보여 주기도 했다. 반란 종식 후, 파일럿 자신의 손에 의해 폭파된다. 지구 강하 시에 망토로 기체를 덮고 있었던 것이 인상적인 유닛이다.', '만능', 'off', 'off', 'off', 'off'),
(17028, 186, '건담 에피온', 'A', 'S', 'muk', 3, '빔 소드', 4, '격투 콤보', 11, '히트 로드', 1, '격투', 0, 'Empty', 0, 'Empty', '방어력 업', '제로 시스템', '난무형 필살기', 14.4, 18.3, 18.3, 22.8, 18.3, 20.7, 'OZ의 시작형 MS. OZ 총수 트레즈가 톨기스와 5기의 건담을 참고로 하여 비밀리에 개발한 기체다. 가변 채용으로 버드 형태로의 변형이 가능하고, 개발자 트레즈의 신념대로 사격 병기는 장비하지 않고, 대 출력의 빔 소드와 히트 로드를 장비했다. 윙 건담 제로와 같이 제로 시스템을 탑재해, 고성능이지만 폭주 위험이 있다. 완성 후, 트레즈에게서 히이로 유이에게 맡겨진다. 그 후, 젝스 마키스의 탑승기가 되었다. 리브라 공방전에서 윙 건담 제로와 격투를 벌인 뒤, 행방불명 되었다.', '만능', 'on', 'off', 'off', 'off'),
(17030, 187, '윙 건담', 'B', '-', 'chi', 3, '빔 사벨', 22, '머신 캐논', 42, '버스터 라이플', 42, '버스터 라이플', 0, 'Empty', 0, 'Empty', '저력발동', '고성능OS (B랭크)', '난무형 필살기', 11.4, 13.8, 15.3, 19.2, 15.3, 14.4, '콜로니 독립운동조직이 개발한 특수 임무용 건담 중 1기. 버드 형태로 변형기능이 있어 행동범위가 넓고 또한 대기권 돌입 능력도 갖추고 있다. 버스터 라이플의 파괴력과 뛰어난 운동성 덕분에 백병전에도 높은 성능을 발휘한다. 건다늄 합금의 장갑재로 그 내구성은 종래의 MS와 비교를 거부한다. 지구권 통일연합 및 OZ에 대한 파괴공작을 위해 지구에 파견, 작전 행동 중 포위되어 기밀 유지를 위해 자폭한다. 몇 번이나 파손 후 복원되지만, 결국 리브라 공방전에서 요새포에 의해 파괴된다.', '만능', 'on', 'off', 'off', 'off'),
(17032, 185, '윙 건담 제로', 'A', '-', 'chi', 3, '빔 사벨', 22, '머신 캐논', 42, '트윈 버스터 라이플', 42, '트윈 버스터 라이플', 0, 'Empty', 0, 'Empty', '방어력 업', '제로 시스템', '난무형 필살기', 13.8, 17.4, 18.3, 22.2, 17.7, 16.5, '건담 설계자인 5인의 박사가 15년전에 설계한 기체. 생산성, 실용성 등을 완전히 무시하고, 오로지 고성능만을 추구하여 개발한 「최강의 건담」이다. 트윈 버스터 라이플은 지구에 낙하하는 리브라의 파편을 저격, 파괴할 정도로 엄청난 위력을 자랑한다. 또, 제로시스템을 탑재하여, 기존 기체와는 비교할 수 없는 능력을 자랑한다. 하지만, 제로시스템의 불안정함 때문에 개발은 중단되었다. 설계 데이터를 입수한 카토르가 완성하고 탑승하였지만, 여러 경위를 거쳐 히이로가 타게 되었다.', '만능', 'on', 'off', 'off', 'off'),
(17036, 226, '윙 건담 제로 (빔 사벨)', 'A', 'R', 'muk', 3, '빔 사벨', 22, '머신 캐논', 1, '실드 러쉬', 22, '윙 발칸', 0, 'Empty', 0, 'Empty', '방어력 업', '제로 시스템', '난무형 필살기', 15.3, 19.8, 18.3, 22.2, 16.8, 16.5, '건담 설계자인 5인의 박사가 15년전에 설계한 기체. 생산성, 실용성 등을 완전히 무시하고, 오로지 고성능만을 추구하여 개발한 「최강의 건담」이다. 트윈 버스터 라이플은 지구에 낙하하는 리브라의 파편을 저격, 파괴할 정도로 엄청난 위력을 자랑한다. 또, 제로시스템을 탑재하여, 기존 기체와는 비교할 수 없는 능력을 자랑한다. 「윙 건담 제로 (빔 사벨)」은 기존 「윙 건담 제로」와 달리, 근접전에 특화된 장비 구성으로 조금더 민첩하고 액티브한 전투가 가능해진 버전이다.', '만능', 'on', 'off', 'off', 'off'),
(17038, 224, '톨기스II', 'B', 'R', 'muk', 3, '빔 사벨', 34, '도버건', 3, '빔 사벨 찌르기', 0, 'Empty', 0, 'Empty', 0, 'Empty', '돌격지휘', '방어지휘', '난무형 필살기', 12.3, 15.3, 15.3, 22.2, 13.8, 19.5, '세계국가군의 시작형 MS. 톨기스의 마이너 체인지 기체로서 세계국가 원수 트레즈 크슈리나다가 자신의 전용기로 제작한 기체다. 머리 부분의 모양이 건담 풍으로 교환된 것 이외에 톨기스와 성능 면에서 차이는 없다. 그러나 그 압도적인 기동력은 건재하여 화이트 팽의 MD부대는 접근조차 할 수 없었다. 리브라 공방전에서 알트론 건담과 격전을 벌인 끝에 격파된다. 파일럿은 트레즈 크슈리나다.', '만능', 'off', 'off', 'off', 'off'),
(17039, 178, '윙 건담 제로 (EW)', 'S', '-', 'ba', 3, '빔 사벨', 32, '트윈 버스터 라이플 2연사', 22, '머신 캐논', 42, '트윈 버스터 라이플 풀차지샷', 0, 'Empty', 0, 'Empty', '확장 부스터', '제로 시스템', '전탄 발사형 필살기', 14.7, 18.9, 15.3, 25.8, 19.2, 18.6, '<윙 건담 제로>의 OVA/극장용 디자인. 등 부분의 윙 바인더의 모양이 거대한 날개 모양으로 변경되어있는 것이 최대 특징이다. 이 윙은 비행시에는 보조날개로 펴지고 또 대기권 돌입 시에는 기체를 덮는 방어 실드가 된다. 리브라 공방전 종료 후, 태양으로 보내 폐기시키려 했으나, <바튼의 반란> 때 회수되어 다시 히이로 유이의 탑승기가 되었다. 반란군 수뇌부가 은신해 있는 쉘터의 실드를 파괴했을 때 대파되어 추락한다.', '만능', 'on', 'off', 'off', 'on'),
(17041, 317, '건담 데스사이즈 헬', 'A', '-', 'muk', 4, '트윈 빔 사이즈', 22, '발칸포', 13, '버스터 실드', 0, 'Empty', 0, 'Empty', 0, 'Empty', '공격력 업', '오토 락온 재머 EX', '난무형 필살기', 12.9, 12.3, 18.3, 21.3, 19.8, 19.5, '건담 데스사이즈의 강화 발전형. 대파한 데스사이즈를 비밀리에 회수하여 수리한 후, 우주전용으로 개조한 기체. 표면에 내 빔 코팅이 된 [액티브 클로크]를 장비하여, 스텔스 성능 및 방어력이 올라갔다. 또한, 주 무장이 트윈 빔 사이즈로 교체되는 등, 전반적으로 무장도 강화되었다. OZ시설 내에서 비밀리에 개조 하였지만, 완성 직전 파일럿에게 넘겨졌다. 그 후 각지에서 전과를 올리며, 최종 결전까지 활약하였다.', '만능', 'off', 'off', 'off', 'off'),
(17042, 318, '알트론 건담', 'A', '-', 'muk', 3, '트윈 빔 트라이던트', 32, '빔 캐논', 23, '화염방사기', 0, 'Empty', 0, 'Empty', 0, 'Empty', '방어력 업', '확장 부스터', '난무형 필살기', 15.3, 16.8, 18.3, 21.3, 15.3, 19.5, '셴롱 건담을 개수한 기체. 백병전 능력을 더욱 향상시키기 위하여, 드래곤 행은 양팔에 장비하며, 빔 그레이브도 트윈 빔 트라이던트로 교체하였다. 또 등 부분에 가동식 빔 캐논을 설치하여, 원거리 전투능력도 강화하였다. OZ의 시설 내에서 비밀리에 개조가 이루어져, 완성직전 파일럿에게 손에 넘겨졌다. 리브라 공방전에서는 톨기스II 와 격투를 벌였다. ', '만능', 'off', 'off', 'off', 'off'),
(17043, 230, '건담 샌드록 개량형', 'A', '-', 'muk', 4, '히트 쇼텔', 33, '빔 머신건', 36, '호밍 미사일', 0, 'Empty', 0, 'Empty', 0, 'Empty', '기동성 업', '돌격지휘', '난무형 필살기', 12.9, 16.8, 18.3, 21.3, 15.3, 19.5, '건담 샌드록의 우주용 개수기. 백팩의 교체나 버니어의 추가 이외, 이렇다 할 만한 개조점은 없다. 다만 개조 이후, 서브 머신건을 휴대하는 일이 많아졌다. 또 백팩이 교체되었기 때문에, 크로스 크러셔는 사용 할 수 없게 되었다. 피스밀리온에서 개조를 끝낸 후, 리브라 공방전에 투입되어, 많은 전과를 올렸다.', '만능', 'off', 'off', 'off', 'off'),
(17044, 231, '건담 헤비암즈 개량형', 'A', '-', 'chi', 3, '아미 나이프', 22, '더블 빔 개틀링', 22, '개틀링', 0, 'Empty', 0, 'Empty', 0, 'Empty', '리로드 업', '방어지휘', '맵 병기형 필살기', 13.8, 15.3, 18.3, 21.3, 16.8, 16.5, '건담 헤비암즈의 개수기. 헤비암즈에 우주용 개조를 함과 동시에 무장을 더욱 강화한 기체이다. 빔 개틀링을 2연장으로 교체하였으며, 백팩의 버니어도 강화하였다. 피스밀리온에서 개조를 마친 뒤, 리브라 공방전에 투입되어, 많은 전과를 올렸다.', '만능', 'off', 'off', 'off', 'off'),
(17045, 176, '마스터 건담', 'S', '-', 'muk', 1, '격투', 32, '다크니스 샷', 1, '디스턴트 크래셔', 1, '격투', 32, '다크니스 샷', 1, '초급패왕전영탄', '동방불패 마스터 아시아', '하이퍼 모드', '난무형 필살기', 15.3, 19.8, 21.3, 25.8, 18.3, 21.6, '네오 홍콩의 대표 MF. 네오 홍콩의 대표 MF [쿠롱 건담] 이 DG세포에 의해 변이된 기체로서, 데빌 건담 사천왕 중 1 기다. 팔 부분에는 특수한 장치가 내장되어 있으며, 팔을 펴서 공격하거나 빔 와이어로 원격 유도하는 것도 가능하다. 기체 성능은 상당히 높고 파일럿의 능력을 고려하면 대회 최강수준의 기체라고 말할 수 있다. 필살기로는 [다크니스 핑거], [십이왕방패], [석파천경권] 이 있고, 파일럿은 동방불패 [마스터 아시아]이다.', '만능', 'on', 'off', 'off', 'off'),
(17048, 622, '노벨 건담 버서커모드', 'B', 'S', 'muk', 1, '빔 리본', 13, '빔 훌라후프', 22, '발칸포', 1, '격투', 32, '사격', 1, '격투 콤보', '기동성 업', '버서커 모드', '난무형 필살기', 11.4, 15.3, 15.3, 19.2, 15.3, 18.6, '네오 스웨덴 대표 MF. 제 13 회 건담 파이트용으로 개발된 MF 로 대회 유일의 여성형 건담. 장갑을 최대한 줄여서 기동성과 유연성을 추구했으며, 재빠른 움직임으로 상대를 농락한다. 또 파일럿의 감정을 조작하여, 파일럿과 기체의 능력을 한계까지 끌어내는 [버서커 시스템] 을 탑재하고 있어서, 잠재적인 전투 능력은 상당히 높다. 버서커 모드 발동시의 기체는 버서커(광전사)의 이름에 걸맞게 압도적으로 스피드 및 파워가 향상된다. ', '만능', 'on', 'off', 'off', 'off'),
(17050, 518, '네덜 건담 (CU)', 'C', 'U', 'muk', 1, '풍차날개 회전공격', 32, '빔캐논', 13, '풍차날개 부메랑', 0, 'Empty', 0, 'Empty', 0, 'Empty', '노련한 인파이터', '철벽수비 (C랭크)', '난무형 필살기', 10.8, 12.3, 12.3, 12.3, 3.3, 16.5, '네오 네덜란드 대표의 MF. 제13회 건담 파이트용으로 개발된 MF이고, 원래는 풍차형태로의 변형기구를 갖고 있다. 가슴의 풍차를 사용하여 폭풍을 발생시켜 적을 공격하는 필살기 [네덜 태풍]은 강력한 위력을 자랑한다. 2009년 6월 유저 응모 컨테스트 당선 유닛으로, 닉네임  ''순정이'' 가 디자인하였다. CU랭크의 「네덜 건담」은 일반 C 랭크의 「네덜 건담」에서 컬러링만 변경된 것이 아니라, 약간의 스탯 조정도 이루어져있다.\r\n', '지상', 'off', 'off', 'off', 'off'),
(17051, 519, '리오 (지상형) (CU)', 'C', 'U', 'chi', 3, '빔 사벨', 32, '빔 라이플', 22, '105mm 머신건', 0, 'Empty', 0, 'Empty', 0, 'Empty', '리로드 업', 'V백신', '난무형 필살기', 12.3, 10.8, 12.3, 9.9, 10.8, 11.4, '연합군의 범용 양산형 MS.「리오(지상형)」 는 OZ가 개발한 기체로 연합군 최초의 양산 MS다.  범용성과 양산성을 갖추고 있어 연합군의 주력 MS로서 대량 생산되어 거의 모든 지역에 배치된다. 2009년 8월 유저 응모 컨테스트 당선 유닛으로, 닉네임  "SD꼬야래요" 가 디자인하였다. CU랭크의 「리오(지상형)」은 일반 C 랭크의 「리오(지상형)」에서 컬러링만 변경된 것이 아니라, 약간의 스탯 조정도 이루어져있다.', '지상', 'off', 'off', 'off', 'off'),
(17052, 520, '서펜트 (CU)', 'C', 'U', 'ba', 1, '격투', 22, '더블 개틀링건', 42, '빔 캐논', 0, 'Empty', 0, 'Empty', 0, 'Empty', '정밀 저격', '공격력 업', '맵 병기형 필살기', 10.8, 12.3, 12.3, 9.9, 13.8, 11.4, '마리메이아군의 범용 양산형 MS. 바튼 재단에 의해 개발된 기체로 반란군의 주력 MS가 되었다. OZ가 남긴 시작기를 베이스로 하고 있으나, 개발과정에서 건담 헤비암즈의 데이터가 유용되고 있는 듯하다. 2009년 9월 유저 응모 컨테스트 당선 유닛으로, 닉네임  "LMES2" 가 디자인하였다. CU랭크의 「서펜트 (CU)」은 일반 C 랭크의 「서펜트」에서 컬러링만 변경된 것이 아니라, 약간의 스탯 조정도 이루어져있다.', '만능', 'off', 'off', 'off', 'on'),
(17054, 528, '에어리즈 (CU)', 'C', 'U', 'chi', 1, '격투', 32, '체인 라이플', 36, '미사일 포드', 0, 'Empty', 0, 'Empty', 0, 'Empty', '기동성 업', '장갑 관통', '난무형 필살기', 9.3, 10.8, 12.3, 17.7, 9.3, 14.4, '연합군의 공륙양용 양산형 MS. 간이 변형 기구를 갖추어 대기권내 비행이 가능하게 되어 있다. 리오에 비해 파워와 장갑에서 떨어지고 화력도 높지 않으나 기동력과 행동반경의 넓이에서는 압도적으로 뛰어나다. 2010년 3월 유저 응모 컨테스트 당선 유닛으로, 닉네임  "RosaGigantea" 가 디자인하였다. CU랭크의 「에어리즈 (CU)」은 일반 C 랭크의 「에어리즈」에서 컬러링만 변경된 것이 아니라, 약간의 스탯 조정도 이루어져있다.', '지상', 'off', 'off', 'off', 'off'),
(17055, 407, '건담 로즈', 'A', '-', 'muk', 3, '슈바리엘 사벨', 34, '로제스 비트', 25, '로제스 비트', 0, 'Empty', 0, 'Empty', 0, 'Empty', '저력발동', '기동성 업', '전탄 발사형 필살기', 13.8, 18.3, 15.3, 21.3, 13.8, 19.5, '네오 프랑스의 대표 MF. 제 13회 건담 파이트 용으로 개발된 MF로서 기사가 탑승하기에 어울릴만한 우수한 디자인을 자랑한다. 왼쪽 어깨의 망토안에, 무수한 로제스 비트가 수납되어 있어, 이것을 사용한 전방위 공격을 특기로 한다. 기체의 운동성도 높고, 슈바리에 사벨을 사용한 백병전에도 대응한다. 또 백팩은 분리가능하며, 소형 호버카 [코어랜더]로의 변형기구를 갖는다.', '만능', 'off', 'off', 'off', 'off'),
(17056, 413, '건담 맥스터', 'A', '-', 'muk', 1, '격투', 32, '기간틱 매그넘', 1, '사이클론 펀치', 0, 'Empty', 0, 'Empty', 0, 'Empty', '건담파이터 격투술', '필살기 각성', '난무형 필살기', 12.9, 13.8, 18.3, 21.3, 18.3, 19.5, '네오 아메리카의 대표 MF. 제 13회 건담파이트 용으로 개발된 MF로서 미식축구, 복싱, 총잡이 등의 아메리카적인 요소를 모티브로 설계된 기체이다. 두정의 권총 기간틱 매그넘과 강력한 펀치력으로, 근거리와 원거리 전투 모두 대응 가능하다. 어깨의 아머를 분리하여 양손에 장착하는 [복서 모드]로 변형이 가능한데, 근접전에 있어서 강력한 격투 능력을 자랑한다. 또 백팩은 분리가능하며, 소형 호버카 [코어랜더] 로의 변형기구를 갖는다.', '만능', 'off', 'off', 'off', 'off'),
(17057, 416, '볼트 건담', 'A', '-', 'muk', 1, '격투', 22, '발칸포', 1, '그라비톤 해머', 0, 'Empty', 0, 'Empty', 0, 'Empty', '방어력 업', '철벽수비 (A랭크)', '난무형 필살기', 13.8, 18.3, 18.3, 20.7, 15.3, 16.5, '네오 러시아의 대표 MF. 제13회 건담파이트 용으로 개발된 MF로서 파워와 장갑의 성능이 뛰어난 기체이다. 강대한 출력을 활용한 파워 전투가 특기이며, 왼쪽 어깨에 장비된 그라비톤 햄머는 통상의 MF를 단 1격에 분쇄할 수 있는 파괴력을 갖고 있다. 또 백팩은 분리가능하며, 소형 호버카 [코어랜더]로의 변형기구를 갖는다. 대회 굴지의 강호기로서 예선, 결승대회를 이겨 나가지만, 건담 헤븐즈 소드와의 전투에서 손상을 입고, 아쉽게 우승을 놓친다.', '만능', 'off', 'off', 'off', 'off'),
(17058, 420, '드래곤 건담', 'A', '-', 'muk', 3, '페이롱 플래그', 23, '드래곤 클로', 4, '변발도', 0, 'Empty', 0, 'Empty', 0, 'Empty', '저력발동', '방어력 업', '난무형 필살기', 12.3, 13.8, 18.3, 22.8, 16.8, 20.7, '네오 차이나의 대표 MF. 제 13회 건담 파이트 용으로 개발된 MF로서 권법가의 탑승을 전제로 설계되어 있어 높은 운동성을 자랑한다. 12개의 빔 플래그와 신축자재의 드래곤 크로 등을 사용, 권법 기술을 응용한 전투를 특기로 한다. 또 백팩은 분리가능하며, 소형 호버카 [코어랜더]로의 변형기구를 갖는다. 대회 굴지의 강호기체로서 예선, 결승대회를 이겨 나가지만, 건담 헤븐즈 소드와의 전투에서 손상을 입고 아쉽게 우승을 놓친다.', '만능', 'off', 'off', 'off', 'off'),
(17060, 131, '라이징 건담 (수리장비)', 'B', 'S', 'chi', 4, '빔 나기나타', 32, '빔 보우', 23, '수리장비', 0, 'Empty', 0, 'Empty', 0, 'Empty', '방어지휘', '기동성 업', '난무형 필살기', 7.8, 15.3, 15.3, 19.2, 13.8, 15.6, '네오재팬의 군용 MF. 원래는「샤이닝 건담」의 개발 초기에 프로토 타입으로 완성된 기체이지만, 후에 군사용으로 개수되었다. 빔 보우, 빔 나기나타 등의 무장을 지녔으며, 양손의 아머는 연결하여 방패로 이용하는 것이 가능하다. [라이징 건담 (수리장비)]는 기존의 [라이징 건담] 보다 밸런스 적으로 수리에 치중되어 있어, 전투중 아군의 든든한 버팀목이 될 수 있다.', '만능', 'off', 'on', 'off', 'off'),
(17061, 415, '건담 맥스터 복서모드', 'A', 'S', 'muk', 1, '격투', 1, '격투 콤보', 1, '격투 콤보', 1, '격투', 1, '격투 콤보', 1, '사이클론 펀치', '확장 부스터', '슈퍼 모드', '난무형 필살기', 14.4, 18.3, 18.3, 22.8, 18.3, 20.7, '네오 아메리카의 대표 MF. 제 13회 건담파이트 용으로 개발된 MF로서 미식축구, 복싱, 총잡이 등의 아메리카적인 요소를 모티브로 설계된 기체이다. 두정의 권총 기간틱 매그넘과 강력한 펀치력으로, 근거리와 원거리 전투 모두 대응 가능하다. [건담 맥스터 슈퍼모드]는 어깨의 아머를 분리하여 양손에 장착하는 [복서 모드]로, [슈퍼 모드] 스킬 발동시, 더 강력한 전투 능력이 자랑한다.', '만능', 'on', 'off', 'off', 'off'),
(18001, 301, '유비 건담', 'B', '-', 'muk', 3, '아룡도 & 조룡도', 14, '검기', 6, '용제검', 0, 'Empty', 0, 'Empty', 0, 'Empty', '기동성 업', '방어지휘', '난무형 필살기', 11.4, 15.3, 15.3, 17.7, 15.3, 17.4, '미리샤의 북부, 유주 누상촌 출신. 결코 악을 용서치 않고, 정의를 위해서라면 누구도 두려워하지 않고 맞서는, 사나이 중의 사나이. 평소에는 아이들에게도 밝게 대하는 상냥하고 쾌활한 청년이다. 디자인 모티브는 RX-78-2 건담', '만능', 'off', 'off', 'off', 'off'),
(18002, 302, '관우 건담', 'B', '-', 'muk', 3, '귀아룡월도', 14, '검기', 6, '귀아백렬격', 0, 'Empty', 0, 'Empty', 0, 'Empty', '공격력 업', '돌격지휘', '난무형 필살기', 11.7, 16.8, 15.3, 17.1, 13.8, 18.6, '냉정, 침착하고 대담무쌍하며, 예절과 무용을 겸비한 사나이. 그 귀신가면 아래에는, 슬픈 과거가 숨겨져 있다고 한다. 디자인 모티브는 ZZ건담', '만능', 'off', 'off', 'off', 'off'),
(18003, 303, '장비 건담', 'B', '-', 'muk', 3, '뇌사', 14, '검기', 5, '폭렬대뢰사', 0, 'Empty', 0, 'Empty', 0, 'Empty', '저력발동', '공격력 업', '난무형 필살기', 11.4, 13.8, 15.3, 18.6, 16.8, 17.4, '덜렁대는 성격에 툭하면 싸우려 들지만, 그 속은 상냥하며 뜨거운 마음을 가진 사나이. 과거에는 무쌍의 전인이라 불리었던 호걸이었다고 하는데… 디자인 모티브는 Z건담', '만능', 'off', 'off', 'off', 'off'),
(18005, 305, '사마의 사자비', 'B', '-', 'chi', 3, '아익의 대검', 14, '검기 공격', 6, '봉익참', 0, 'Empty', 0, 'Empty', 0, 'Empty', '저력발동', '돌격지휘', '난무형 필살기', 11.4, 13.8, 15.3, 18.6, 16.8, 14.4, '조조군의 민완군사(軍師). 그 재능은 조조도 눈여겨 보고 있다. 고대의 문헌이나 전설 등을 독자적으로 조사 하는 것 같은데...?', '만능', 'off', 'off', 'off', 'off'),
(18006, 320, '조조 건담', 'B', '-', 'muk', 3, '염골인', 14, '검기 공격', 5, '대홍련참', 0, 'Empty', 0, 'Empty', 0, 'Empty', '건담파이터 격투술', '돌격지휘', '난무형 필살기', 11.4, 13.8, 15.3, 18.6, 16.8, 17.4, '절대적인 통솔력과 카리스마는 적군 아군 불문하고 많은 장수들을 끌어들인 미리샤 제일의 영웅. 영제가 죽은 후 사관을 재편성하여, 허창을 중심으로 일대세력을 쌓는다.', '만능', 'off', 'off', 'off', 'off'),
(18007, 321, '손권 건담', 'B', '-', 'muk', 3, '아왕검', 14, '검기 공격', 23, '창황벽', 0, 'Empty', 0, 'Empty', 0, 'Empty', '공격력 업', '돌격지휘', '난무형 필살기', 10.8, 15.3, 15.3, 17.7, 15.3, 17.4, '미리샤의 남부, 장사지방을 통치하는 손책의 동생. 정을 중요시해 누구에게도 격을 따지지 않고 대하는 시원스런 남자.', '만능', 'off', 'off', 'off', 'off'),
(18008, 326, '하후돈 기로스', 'B', '-', 'muk', 3, '사골강검', 14, '검기 공격', 6, '사류교참', 0, 'Empty', 0, 'Empty', 0, 'Empty', '저력발동', '공격력 업', '난무형 필살기', 12.3, 18.3, 15.3, 17.7, 12.3, 17.4, '조조가 가장 신뢰하여 조조의 오른팔이라고 할 수 있는 호걸. 전장에서는 정정당당한 싸움을 좋아한다.', '만능', 'off', 'off', 'off', 'off'),
(18009, 327, '공명 리가지', 'B', '-', 'ba', 1, '폭봉기', 14, '검기 공격', 37, '폭봉열우', 0, 'Empty', 0, 'Empty', 0, 'Empty', '통신지휘', '방어지휘', '전탄 발사형 필살기', 12.3, 16.8, 12.3, 17.7, 13.8, 11.4, '모든 병법에 능통한 희대의 천재군사(軍師). 천하만민을 생각하는 유비의 뜻에 공명하여, 드디어 행동에 나선다. 땅에 엎드린 용은 지금, 승천하는 용이 된다.', '만능', 'off', 'off', 'off', 'off'),
(18011, 496, '손상향 거베라', 'B', '-', 'chi', 3, '여호도', 14, '여호도 (검기)', 5, '호영섬', 0, 'Empty', 0, 'Empty', 0, 'Empty', '저력발동', '노련한 레인저', '난무형 필살기', 11.4, 15.3, 15.3, 18.6, 15.3, 14.4, '손권 건담의 누이. 말괄량이 공주님이라 아버지인 손견 제피랜서스나 장사 4기중들도 애를 먹고 있다. 필살기는 ''화천루'' 이다.', '만능', 'off', 'off', 'off', 'off'),
(18012, 497, '주유 백식', 'B', '-', 'chi', 3, '백호도', 14, '검기 공격', 5, '백조궁', 0, 'Empty', 0, 'Empty', 0, 'Empty', '리로드 업', '방어지휘', '맵 병기형 필살기', 11.4, 15.3, 15.3, 18.6, 16.8, 14.4, '손씨 일족을 섬기는 문무겸비의 우수한 젊은 지장. 손책과는 어릴때부터 친구 사이이다. 디자인 모티브는 MSN-00100 백식', '만능', 'off', 'off', 'off', 'off'),
(18013, 499, '손책 사이살리스', 'B', '-', 'muk', 1, '쌍호선곤', 1, '쌍호선곤 (회전타격)', 1, '쌍호선곤 (격투)', 0, 'Empty', 0, 'Empty', 0, 'Empty', '확장 부스터', '근접 방어 강화', '난무형 필살기', 12.3, 15.3, 15.3, 17.7, 15.3, 17.4, '강동의 호랑이로 무서움을 떨쳤던 손견의 장남. 조용한 성격의 동생인 손권과는 대조적인 초무투파의 호걸이다. 디자인 모티브는 GP-02A 사이살리스', '만능', 'off', 'off', 'off', 'off'),
(20001, 306, '제간', 'C', '-', 'chi', 3, '빔 사벨', 32, '빔 라이플', 22, '발칸포', 0, 'Empty', 0, 'Empty', 0, 'Empty', '리로드 업', '공격력 업', '난무형 필살기', 8.4, 7.8, 12.3, 13.5, 15.3, 12.6, '연방군의 범용 양산형 MS. 지금까지의 짐 계의 기술을 통합한 RGM시리즈의 최종 발전계라 할 만한 기체다. 짐 계의 기체로서는 처음으로 개발, 생산을 모두 아나하임사에서 시행하고 있다. 짐 계의 노하우를 결집한 기체기 때문에, 생산성, 범용성, 신뢰성이 뛰어난 균형 잡힌 기체로 되어 있다. 그 때문에 연방군의 주력기로 양산되어 론도 벨 부대 등에 배치되었다.그 후에도 개수에 개수를 거듭하여, 실제로 UC 0120 년대까지 일선에서 사용되었다.', '만능', 'off', 'off', 'off', 'off'),
(20002, 307, '제간 (실드 미사일)', 'C', 'R', 'chi', 3, '빔 사벨', 36, '실드 미사일', 23, '핸드 그레네이드', 0, 'Empty', 0, 'Empty', 0, 'Empty', '노련한 레인저', '리로드 업', '전탄 발사형 필살기', 9.9, 12.3, 9.3, 12.3, 12.3, 13.5, '연방군의 범용 양산형 MS. 지금까지의 짐 계의 기술을 통합한 RGM시리즈의 최종 발전계라 할 만한 기체다. 짐 계의 기체로서는 처음으로 개발, 생산을 모두 아나하임사에서 시행하고 있다. 짐 계의 노하우를 결집한 기체기 때문에, 생산성, 범용성, 신뢰성이 뛰어난 균형 잡힌 기체로 되어 있다. [제간 (실드 미사일)] 은 기존의 [제간] 보다 실드 미사일을 사용함으로서 중거리에 조금 더 특화된 전투가 가능하다.', '만능', 'off', 'off', 'off', 'off'),
(20004, 308, '리 가지 BWS', 'B', 'S', 'chi', 32, '빔 캐논(2연사)', 42, '대구경 빔 캐논', 0, 'NONE', 3, '빔 사벨', 32, '빔 라이플', 36, '그레네이드 런처', '리로드 업', '뉴타입 각성 (B랭크)', '난무형 필살기', 12.3, 18.3, 15.3, 21.3, 12.3, 19.5, '연방군의 공격용 시작형 MS. 그리프스 전쟁 당시의 명기 ''Z건담''을 양산형으로서 재설계한 기체다. 생산성 향상을 위해 변형 기구는 폐지되었지만, 백 웨폰 시스템을 장착하여 MA형태로 될 수 있다. 변형 기구를 폐지했기 때문에 기체의 내구력은 향상되었으며, 스펙면에서도 Z건담에 필적하는 고성능으로 되어 있다. 시작기 1기가 론도 벨 부대에 배치되지만, 네오 지온군의 신예 MS보다 성능이 부족하다는 것은 부정할 수 없다.', '만능', 'on', 'off', 'off', 'off'),
(20005, 319, '야크트 도가', 'B', 'S', 'ba', 3, '빔 사벨', 32, '빔 어설트 라이플', 25, '판넬', 0, 'Empty', 0, 'Empty', 0, 'Empty', '저력발동', '판넬 강화', '전탄 발사형 필살기', 11.4, 13.8, 12.3, 20.7, 16.8, 16.5, '신 네오 지온군의 뉴타입 전용 시작형 MS. 기라 도가를 베이스로 하여 뉴타입 전용기로서 개발된 기체. 제네레이터를 대형으로 교환했기 때문에 전반적으로 성능이 향상되었다. 사이코 뮤를 탑재하고 있으며 6 기의 판넬을 사용한 올 레인지 공격이 가능하다. MS로서는 상당한 고성능기이지만, 사이코 뮤 시스템을 소형화해서 편성했기 때문에 뉴타입 전용기로서는 기능적으로 불충분한 점도 있다. 그 때문에 시작기 2기가 제작되었을 뿐 양산은 되지 않았다. ', '만능', 'off', 'off', 'off', 'off'),
(20006, 313, '사자비', 'S', '-', 'chi', 36, '실드 미사일', 32, '빔 쇼트 라이플', 25, '판넬', 3, '빔 토마호크', 3, '빔 사벨 (2도류) 콤보', 0, 'Empty', '붉은 혜성의 샤아', '판넬 강화', '전탄 발사형 필살기', 15.3, 18.3, 18.3, 25.8, 19.8, 18.6, '신 네오 지온군의 뉴타입 전용 시작형 MS. 모든 지온계 MS의 집대성이라고 할 만한 고성능기다. 주무장으로 빔 샷 라이플, 고정무장에 메가 입자포를 갖추고 있으며, 판넬은 6기 탑재하여 충실한 화력을 지닌다. 고화력과 중장갑을 실현하기 위해 다소 대형 MS가 되었지만, 전신에 장비된 드러스터와 아포지 모터로 인해 높은 기동성을 지닌다. 사이코 프레임을 탑재하고 있고, 신 네오 지온군 총수 샤아 아즈나블의 전용 기체로 개발됐기 때문에 전신이 진홍색으로 컬러링되어 있다.', '만능', 'on', 'off', 'off', 'off'),
(20008, 311, '뉴 건담', 'S', '-', 'chi', 3, '빔 사벨', 32, '빔 라이플', 25, '핀 판넬', 32, '빔 건', 34, '하이퍼 바주카', 0, 'Empty', '방어력 업', '사이코 프레임', '전탄 발사형 필살기', 15.3, 16.8, 18.3, 25.8, 21.3, 19.2, '연방군의 뉴타입 전용 시작형 MS. 아나하임사가 아무로 레이의 설계안을 토대로 개발한 기체. RX-78 직계의 후속기임과 동시에 역대 건담의 집대성이라고 할만한 고성능 MS라 할 수 있다. 주무장은 발칸포, 빔 라이플, 바주카 등, RX-78에서 발전한 것이나, 특수무기로서 「핀 판넬」을 탑재하고 있다. 이것은 공격용 사이코뮤로서 뿐만 아니라, I 필드 발생기로서도 사용할 수 있는 만능 병기로, 종래의 판넬에 비해 운동성과 이동 시간도 큰 폭으로 향상되었다.', '만능', 'on', 'off', 'off', 'off'),
(20010, 309, '기라 도가', 'C', '-', 'muk', 3, '빔 소드', 32, '빔 머신건', 36, '슈트룸 파우스트', 0, 'Empty', 0, 'Empty', 0, 'Empty', '공격력 업', '리로드 업', '난무형 필살기', 9.9, 10.8, 12.3, 13.5, 13.8, 15.6, '신 네오 지온군의 범용 양산형 MS. 운용성과 생산성이 뛰어난 범용 MS로 자쿠계 MS의 집대성에 해당되는 기체다. 원래 구 네오 지온군이 설계했던 MS였으나 개발 그 자체는 아나하임사에 의해 시행되었다. 균형잡힌 성능을 가지며, 무장과 백팩의 교환으로 우주전과 지상전 모두에 대응이 가능하다. 제 2차 네오 지온 항쟁 때, 네오 지온 군의 주력기로서 사용되어 연방군의 제간에 앞서는 활약을 보여주고 있다.', '만능', 'off', 'off', 'off', 'off'),
(20012, 315, '뉴 건담 HWS', 'S', 'S', 'ba', 36, '숄더 미사일 런처', 42, '하이퍼 메가 라이플 (고출력)', 25, '핀 판넬', 3, '빔 사벨', 32, '하이퍼 메가 라이플 (연사)', 34, '뉴 하이퍼 바주카', '리로드 업', '사이코 프레임', '맵 병기형 필살기', 16.8, 19.8, 21.3, 24.9, 18.3, 16.5, '연방군의 NT전용 시작형 MS. 뉴 건담에 헤비웨폰 시스템을 장비한 기체. 일년전쟁 이래 시행되어 온, 건담 증가 장갑플랜의 뉴 건담판이다. 기체 각 부분에 증가 장갑이 장비되었으며, 주 무장은 하이퍼 메가 라이플로 교체되었다. 또 무장이나 장갑의 증강에 의한 중량 증가에 대응하여, 대출력 부스터 유닛을 장착하였다. 그 때문에 기동성은 유지되었지만, 운동성의 저하는 어쩔 수 없었다.', '만능', 'on', 'off', 'off', 'off'),
(20021, 822, '쿠에스전용 야크트 도가', 'B', 'S', 'chi', 3, '빔 사벨 (총검장착)', 32, '메가 개틀링 건', 32, '4연장 메가입자포', 0, 'Empty', 0, 'Empty', 0, 'Empty', '저력발동', '뉴타입 각성 (B랭크)', '전탄 발사형 필살기', 12.9, 15.3, 12.3, 20.7, 16.8, 16.5, '신 네오 지온군의 뉴타입 전용 시작형 MS이며, 쿠에스 파라야의 전용기로 제작된 MS. 주무장으로 빔 개틀링 건을 장비하고 있으며 성능적으로는 <규네이전용 야크트 도가>와 차이가 없다.', '만능', 'off', 'off', 'off', 'off'),
(21001, 329, '크로스본 건담 X1', 'S', '-', 'muk', 3, '빔 잔바', 1, '브랜드 마커', 12, '시저 앵커', 32, '잔 버스터', 36, '잔 버스터 (그레네이드 런처)', 0, 'Empty', '노련한 인파이터', '우주 해적의 신념', '난무형 필살기', 14.4, 19.8, 21.3, 26.7, 18.3, 21.6, '신 크로스본 뱅가드의 시작형 MS. 사나리계 건담 [F시리즈] 의 발전형이며, 목성의 동력권 하에서의 운용을 상정해서 개발된 기체다. 사나리에서의 형식번호는 [F-97]. 가장 큰 특징은 등 부분에 설치된 X자형의 가동식 드러스터로, 메인 드러스터 자체를 움직이는 것으로 자세제어를 한다는 독특한 시스템을 채용하고 있다. 접근전에 비중을 두고 있으며, 다기능형 빔 라이플과 공격과 방어 양면에 사용되는 빔 실드, 독특한 것이 많다. 시작기 3기가 실전 테스트를 위해 신 크로스본군에게 공급되었다.', '만능', 'on', 'off', 'off', 'off'),
(21011, 818, '베르가 기로스', 'A', '-', 'chi', 3, '빔 사벨', 33, '헤비 머신건', 23, '샷 랜서', 0, 'Empty', 0, 'Empty', 0, 'Empty', '3번 무기 무한사격(A랭크)', '확장 부스터', '난무형 필살기', 12.3, 18.3, 18.3, 21.3, 16.8, 18.6, '크로스본 뱅가드의 전투용 MS. <베르가 다라스>의 성능 향상형으로 범용성을 더욱 강화한 기체이며, 지휘관 탑승용으로 개발되었다. 추력과 센서가 강화되어, 전반적인 성능은 <베르가 다라스>를 상회한다. 또한 샷 랜서 내장의 머신건도 증설되고, 랜서 그 자체도 탈착이 가능하게 되었다.', '만능', 'off', 'off', 'off', 'off'),
(22001, 360, '건담 듀나메스', 'A', '-', 'ba', 3, 'GN 빔 사벨', 36, 'GN 미사일 런처', 43, 'GN 스나이퍼 라이플', 0, 'Empty', 0, 'Empty', 0, 'Empty', '정밀 저격', '트랜스암(듀나메스)', '맵 병기형 필살기', 12.9, 15.3, 18.3, 21.3, 16.8, 13.5, '솔레스털 빙이 소유하고 있는 건담 중 하나. 다른 건담과 마찬가지로 GN 드라이브를 탑재하고, 무한에 가까운 에너지와 경이적인 기동성을 갖고 있다. 듀나메스는 사격전을 중시한 기체로서 표준장비에다 GN 스나이퍼 라이플을 추가하여, 각종 미션에 적합한 많은 총을 장비하고 있다. 정밀사격 시에는 두부가 스나이퍼 모드로 변형, 숨겨져 있던 전용 카메라 아이가 출현한다. 그 때, 콕피트 안에서도 라이플 모양의 전용 콘트롤러를 사용하여, 사격조작을 행한다.', '만능', 'off', 'off', 'off', 'on'),
(22002, 362, '건담 바체', 'A', '-', 'ba', 3, 'GN 빔 사벨', 42, 'GN 바주카', 42, 'GN 캐논', 3, 'GN 빔 사벨', 42, 'GN 캐논', 0, 'Empty', '방어력 업', '트랜스암(바체)', '맵 병기형 필살기', 13.8, 16.8, 18.3, 19.2, 15.3, 12.6, '솔레스털 빙이 소유하고 있는 건담 중 하나. 중무장형이어서, GN 바주카와 GN 캐논 등의 강력한 무장을 갖고 있다. GN필드를 주변에 배리어와 같이 전개하는 것으로, 현격히 높은 방어력을 자랑한다. 건담 바체 안에는 GN-004 건담 나드레가 숨겨져 있다.', '만능', 'on', 'off', 'off', 'off'),
(22004, 364, '건담 나드레', 'A', 'R', 'muk', 3, 'GN 빔 사벨', 32, 'GN 빔 라이플', 4, 'GN 빔 라이플 (사벨)', 0, 'Empty', 0, 'Empty', 0, 'Empty', 'MS 격투술', '트랜스암(바체)', '난무형 필살기', 13.8, 18.3, 18.3, 23.7, 18.3, 20.7, '솔레스털 빙이 소유하고 있는 건담 중 하나. GN-005건담 바체 안에 숨겨진 기체여서, 그 존재는 건담 중에서도 특수한 것 이었다. 본 기체의 최대 특징은 트라이얼 시스템에 있다. 그 기능은, 베다와 링크하는 모든 기체를 제어하는 것이 가능하다. 이것은 조직의 창시자인 이오리아 슈헨베르그가 준비한 것으로, 계획의 붕괴를 막기 위한 하나의 가드 시스템이며, 이오리아는 그 밖에도 비슷한 시스템을 다수 계획 안에 숨겨 두었다. ', '만능', 'off', 'off', 'off', 'off'),
(22005, 361, '건담 큐리오스', 'A', '-', 'muk', 3, 'GN 빔 사벨', 32, 'GN 빔 서브 머신 건', 4, '쉴드 러쉬', 32, 'GN 빔 서브 머신 건', 0, 'Empty', 0, 'Empty', '저력발동', '트랜스암(큐리오스)', '난무형 필살기', 13.8, 15.3, 18.3, 21.3, 16.8, 19.5, '솔레스털 빙이 소유하고 있는 건담 중 하나. 가변기여서, 비행 형태로 변형 가능하다. 비행 형태에서는 후부에 무장 컨테이너를 장착하는 것으로, 모든 미션에 다목적 대응이 가능하다. 비행형태에서의 초속도일격이탈공격이 장기 이지만, MS형태에서도 다른 건담에 뒤지지 않는 공격력을 갖고 있다.', '만능', 'on', 'off', 'off', 'off'),
(22007, 365, '건담 큐리오스 (테일 유닛)', 'A', 'S', 'chi', 3, 'GN 빔 사벨', 32, 'GN 빔 서브 머신 건', 36, '핸드미사일 유닛', 36, '테일 유닛', 0, 'Empty', 0, 'Empty', '방어력 업', '트랜스암(큐리오스)', '전탄 발사형 필살기', 14.4, 18.3, 15.3, 22.2, 18.3, 17.4, '솔레스털 빙이 소유하고 있는 건담 중 하나. 가변기여서, 비행 형태로 변형 가능하다. 비행 형태에서는 후부에 무장 컨테이너를 장착하는 것으로, 모든 미션에 다목적 대응이 가능하다. 비행형태에서의 초속도일격이탈공격이 장기 이지만, MS형태에서도 다른 건담에 뒤지지 않는 공격력을 갖고 있다.', '만능', 'on', 'off', 'off', 'off'),
(22009, 359, '건담 엑시아', 'A', '-', 'muk', 4, 'GN 소드', 32, 'GN 빔 라이플', 13, 'GN 빔 대거', 0, 'Empty', 0, 'Empty', 0, 'Empty', '건담파이터 격투술', '트랜스암(엑시아)', '난무형 필살기', 12.9, 15.9, 18.3, 21.3, 16.2, 19.5, '솔레스털 빙이 소유하고 있는 건담 중 하나. 기체 중앙에 탑재된 GN 드라이브에서 발생하는 GN 입자에 의해, 무한에 가까운 에너지와 경이적인 기동성을 실현하고 있다. 또 공간에 방출된 GN 입자는, 전파방해를 일으키고, 통신 및 통상 레이더의 사용을 불가능 하게 한다. 빔 병기를 휴대하는 등, 일반 MS 에 비해 비약적으로 높은 기술이 다수 도입되어 있다.', '만능', 'off', 'off', 'off', 'off'),
(22010, 366, '건담 엑시아 (세븐 소드)', 'A', 'R', 'muk', 3, 'GN 빔 사벨', 33, 'GN 발칸', 4, 'GN 롱 블레이드 / 숏 블레이드', 0, 'Empty', 0, 'Empty', 0, 'Empty', '저력발동', '트랜스암(엑시아)', '난무형 필살기', 13.8, 18.3, 18.3, 22.2, 18.3, 20.7, '솔레스털 빙이 소유하고 있는 건담 중 하나. 기체 중앙에 탑재된 GN 드라이브에서 발생하는 GN 입자에 의해, 무한에 가까운 에너지와 경이적인 기동성을 실현하고 있다. 빔 병기를 휴대하는 등, 일반 MS 에 비해 비약적으로 높은 기술이 다수 도입되어 있다. 건담 엑시아 (세븐 소드) 는 기존의 건담 엑시아에서 GN 롱 블레이드/숏 블레이드를 장비한 형태로 근접전에서 더욱 강력한 성능을 발휘한다.', '만능', 'off', 'off', 'off', 'off'),
(22011, 367, '건담 듀나메스 (GN 풀 쉴드)', 'A', 'R', 'ba', 3, 'GN 빔 사벨', 32, 'GN 빔 건 (2연사)', 36, 'GN 미사일 런처', 43, 'GN 스나이퍼 라이플', 0, 'Empty', 0, 'Empty', '리로드 업', '트랜스암(듀나메스)', '전탄 발사형 필살기', 13.8, 15.3, 15.3, 21.3, 16.8, 14.4, '솔레스털 빙이 소유하고 있는 건담 중 하나. 다른 건담과 마찬가지로 GN드라이브를 탑재하고, 무한에 가까운 에너지와 경이적인 기동성을 갖고 있다. 듀나메스는 사격전을 중시한 기체로서 표준장비에다 GN스나이퍼 라이플을 추가하여, 각종 미션에 적합한 많은 총을 장비하고 있다. 건담 듀나메스 (풀 쉴드 모드)는 기체 양어께에 대형 쉴드를 장착한 형태로 쉴드의 높은 방어력을 이용한 전투가 가능하다.', '만능', 'on', 'off', 'off', 'on'),
(22013, 363, 'GN암즈 TYPE-E 엑시아', 'S', '-', 'muk', 4, '대형 GN 소드', 32, 'GN 빔 건', 42, '대형 GN 캐논', 4, 'GN 롱 블레이드 / 숏 블레이드', 32, 'GN 빔 라이플', 0, 'Empty', '방어력 업', '트랜스암 (GN암즈)', '맵 병기형 필살기', 15.3, 21.3, 21.3, 27.6, 18.3, 21.6, 'GN암즈 란 솔레스탈 빙에서 개발한 건담의 강화지원메카. 프토레마이오스의 컨테이너 대신 장비되는 강습용 컨테이너이다. 그 뒷 부분이 분리되어 GN암즈가 되는데, 이것과 건담이 합체한 형태가 GN아머 라 불린다. 엑시아 용은 타입 E로 불리며 파일럿은 랏세 아이온이 담당했다.', '만능', 'on', 'off', 'on', 'off'),
(22015, 411, '티에렌 (지상형)', 'C', '-', 'ba', 1, '카본 블레이드', 34, '200mmX25 구경장활강포', 33, '30mm 머신건', 0, 'Empty', 0, 'Empty', 0, 'Empty', '리로드 업', '방어력 업', '난무형 필살기', 9.9, 10.8, 12.3, 12.3, 12.3, 9.3, '인류혁신연맹의 양산MS. 지상형 외에도 우주형 등 많은 양산 바리에이션을 갖고 있다. 또, 소수이지만 에이스 파일럿용으로 커스터마이즈한 기체도 존재한다. 기동력을 희생한 만큼, 방어능력이 높고, 초중량의 무장도 탑재 가능하다. 기본 무장은 실체탄포와 카본블레이드이며, 타 군이 빔 병기로 전환하는 중에는 구식에 속하는 병장을 갖고 있다. 하지만, 이 병장은 생산성과 신뢰성이 매우 높고, 현장에서 실제로 사용하는 병사들 사이에서도 높은 평가를 얻고 있다.', '지상', 'off', 'off', 'off', 'off'),
(22016, 412, '티에렌 (장거리 캐논 장비형)', 'C', '-', 'ba', 1, '카본 블레이드', 34, '200mmX25 구경장활강포', 41, '300mmX50 구경장활강포', 0, 'Empty', 0, 'Empty', 0, 'Empty', '정밀 저격', '리로드 업', '전탄 발사형 필살기', 9.3, 9.3, 9.3, 9.9, 13.8, 10.5, '인류혁신연맹의 장거리 사격에 특화된 티에렌의 바리에이션 기체. 기체 머리 부분에, 300mmX50구경장활공포를 장비하고 있다. 대 요새전에는 물론이고, 대 MS전에 있어서도 유효한 기체이며, 적의 사정거리 밖에서도 절대적인 공격을 가하는 것이 가능하다. MS로서의 기동성은 현격히 저하되어 있기 때문에, 작전 행동 시에는 호위 기체와 함께 행동한다.', '지상', 'off', 'off', 'off', 'on'),
(22017, 409, '유니온 플래그', 'C', '-', 'chi', 3, '플라즈마 소드', 38, '리니어 라이플', 22, '발칸포', 0, 'Empty', 0, 'Empty', 0, 'Empty', '기동성 업', '리로드 업', '난무형 필살기', 9.3, 10.8, 12.3, 17.1, 12.3, 14.4, '유니온의 MS. VMS-15 유니온 리얼도의 후계기이며, 이제까지 비행대응형 MS가, 장비환장을 통해 비행 가능했던 것에 비해, 본 기체는 작전 행동 중에 변형도 가능하다. 비행에 사용되는 것은 4기의 수소 플라즈마제트다. 연료가 되는 수소는 카본제의 기체 프레임을 구성하는 탄소분자결합체 안에 분자레벨로 주입되어 있어서 폭발 등의 위험성이 없는데다, 연료탱크 여분의 공간도 필요하지 않았다. 본체는 상반신과 하반신이 분리 가능하며, 하반신의 다리부분에는 예비의 콕피트도 존재한다.', '만능', 'off', 'off', 'off', 'off'),
(22019, 410, '그라함 전용 유니온 플래그 커스텀', 'B', '-', 'muk', 3, '플라즈마 소드', 38, '리니어 라이플', 3, '플라즈마 소드', 38, '리니어 라이플', 0, 'Empty', 0, 'Empty', '확장 부스터', '돌격지휘', '난무형 필살기', 11.4, 15.3, 15.3, 19.2, 15.3, 17.4, '유니온의 MS [플래그]의 강화 개량기. 대 건담 조사대의 그라함 에이커 중위 전용으로서 플래그의 개발자인 레이프 에이프만 교수가 완성시켰다. 겨우 1주간이라는 단기간에 만들어진 기체이지만, 그 당시 최고수준의 기술이 들어가 있었다. 기존의 플래그를 넘어서는 스피드를 내기 위해, 플라이트 유닛의 정식채용을 보류하고 고출력형으로 환장했다. 더욱이 기체내의 수소흡장률을 낮춤과 동시에 장갑재에도 경량화를 꾀했고, 최고속도제어 리미터를 해제했다.', '만능', 'on', 'off', 'off', 'off'),
(22021, 418, '티에렌 (고기동형)', 'B', '-', 'muk', 1, '카본 블레이드', 34, '200mmX25 구경장활강포', 1, '카본 블레이드', 0, 'Empty', 0, 'Empty', 0, 'Empty', '방어력 업', '돌격지휘', '난무형 필살기', 12.3, 16.8, 15.3, 18.6, 13.8, 17.4, '인류혁신연맹군의 티에렌 바리에이션 기체. 기존 티에렌의 특징인 초중량에 의한 장점을 살리면서, 약점인 기동성을 극한까지 높인 기체. 호버를 사용한 고속이동이 가능. 등 부분에는 2장의 날개를 갖고 있지만 비행에는 적합하지 않아 주로 유송기에서 활공 강하할 때나, 호버 이동시의 방향 전환용으로서 사용된다.', '지상', 'off', 'off', 'off', 'off');
INSERT INTO `unit` (`UnitID`, `UnitNo`, `Model`, `RankPrefix`, `RankSuffix`, `Property`, `Weapon1No`, `Weapon1Name`, `Weapon2No`, `Weapon2Name`, `Weapon3No`, `Weapon3Name`, `Weapon4No`, `Weapon4Name`, `Weapon5No`, `Weapon5Name`, `Weapon6No`, `Weapon6Name`, `Skill1Name`, `Skill2Name`, `Skill3Name`, `UnitStat1`, `UnitStat2`, `UnitStat3`, `UnitStat4`, `UnitStat5`, `UnitStat6`, `Comment`, `Landform`, `Modification`, `Repair`, `Oversize`, `Sniping`) VALUES
(22022, 419, 'AEU 이낙트', 'C', '-', 'muk', 3, '소닉 블레이드', 38, '120mm 리니어 라이플', 22, '발칸포', 0, 'Empty', 0, 'Empty', 0, 'Empty', '노련한 인파이터', '공격력 업', '난무형 필살기', 8.4, 12.3, 12.3, 17.1, 10.8, 15.6, 'AEU의 차세대 MS. 궤도 엘리베이터가 완전궤도에 이르지 못했을 당시 AEU가 타국에 우위성을 어필하기 위해 전력을 다해 개발한 차세대 MS. 유니온 플래그와 유사한 [태양광발전대응형]이다. 내장되어 있는 전용 안테나는 궤도 엘리베이터에서 직접 파워 공급을 받을 수 있어, 설계 데이터 상으로는 무한 운용이 가능하다. 더욱 AEU에서는 본 기체를 운용하기 위해 궤도 엘리베이터에서 수신연계체제를 완전정비하고, 자국 영내에서의 연속가동시간을 데이터상으론 무제한으로 했다.', '만능', 'off', 'off', 'off', 'off'),
(22024, 369, 'GN암즈 TYPE-D 듀나메스', 'S', '-', 'ba', 36, '대형 미사일 컨테이너', 42, 'GN 트윈 라이플', 42, '대형 GN 캐논', 3, 'GN 빔 사벨', 32, 'GN 빔 건 (2연사)', 0, 'Empty', '노련한 스나이퍼', '트랜스암 (GN암즈)', '전탄 발사형 필살기', 15.3, 21.3, 18.3, 27.6, 16.8, 15.6, 'GN암즈와 건담 듀나메스가 합체한 GN아머, 엑시아용과 구별하기 위해 타입D라 불린다. 하로의 서포트에 의해 GN암즈에는 파일럿이 없어도 운용이 가능하지만, 분리 후의 GN암즈 단독으로는 컨트롤이 불가능하다. 포격전에 특화된 장비를 갖고 있으며, 롱 레인지의 빔 캐논 뿐 아니라, 초대형 미사일 컨테이너를 장비하고 있다.', '만능', 'on', 'off', 'on', 'on'),
(22026, 428, '티에렌 (우주형)', 'C', '-', 'chi', 1, '카본 블레이드', 32, '우주형 200mmX25구경장활강포', 33, '30mm 머신건', 0, 'Empty', 0, 'Empty', 0, 'Empty', '기동성 업', '공격력 업', '전탄 발사형 필살기', 9.9, 12.3, 9.3, 13.5, 10.8, 13.5, '인류혁신연맹의 우주용 양산 MS. 태양광발전분쟁의 격화와 함께, 그때까지 사용된 우주용 소형 MA의 MAJ-S08 [샤오쇼우]가 변해서 등장한 기체이다. 양쪽 다리에 장착한 탱크에는 물이 채워져 있고, 이것은 추진제로서만 사용 되는 것이 아니라, 실드 대신으로도 사용된다. 통상 한쪽 다리에 한개씩 장비하지만, 장거리 이동의 경우에는 복수의 탱크를 연결하여 사용할 때도 있다.', '우주', 'off', 'off', 'off', 'off'),
(22027, 431, '티에렌 타오츠', 'B', 'S', 'chi', 1, '카본 블레이드', 32, '우주형 200mmX25구경장활강포', 32, '우주형 200mmX25구경장활강포 (', 0, 'Empty', 0, 'Empty', 0, 'Empty', '노련한 레인저', '공격력 업', '난무형 필살기', 12.3, 15.3, 15.3, 19.2, 15.3, 16.5, '인류혁신연맹의 초병전용으로 개발된 티에렌의 특수 바리에이션 기체. 일반적인 티에렌과 비교해, 기체 각 부분의 슬래스터 수가 증가된데다, 양 어깨 가동장갑 부분과 다리 부분에 대형 추력편향 슬래스터를 장비하여 경이적인 기동성을 발휘하게 되었다. 이 기체는 다른 티에렌과 달리, 지상과 우주 양쪽 영역에서 운용할 것을 상정한 기체이다. 콕피트는 초병의 능력에 맞추기 위해, 고속정보처리 시스템을 탑재했다.', '만능', 'off', 'off', 'off', 'off'),
(22028, 429, '티에렌 (우주지휘관형)', 'C', 'R', 'chi', 1, '카본 블레이드', 32, '우주형 200mmX25구경장활강포', 23, '젤 런처', 0, 'Empty', 0, 'Empty', 0, 'Empty', '방어력 업', '돌격지휘', '난무형 필살기', 10.8, 12.3, 12.3, 14.7, 12.3, 13.5, '인류혁신연맹의 우주지휘관형. 지휘관형은, 통신 및 정보 처리능력이 뛰어나지만, 기본적인 성능면에서는 일반기와 크게 다른 부분은 없다. 인류혁신연맹 MS부대는 1개소대가 3기로 구성되며, 3개 소대 9기에다 지휘관기 1기를 더해 10기 단위로의 활동을 기본으로 했다.', '우주', 'off', 'off', 'off', 'off'),
(22029, 433, '건담 아스트레아', 'B', 'R', 'chi', 3, 'GN 프로토 소드', 32, 'GN 빔 라이플', 42, 'GN 빔 런처', 0, 'Empty', 0, 'Empty', 0, 'Empty', '리로드 업', '저력발동', '난무형 필살기', 12.3, 16.8, 15.3, 18.6, 15.3, 18.6, '솔레스탈 빙의 제2세대 건담. 그 형태는 제1세대 0 건담, 제3세대 건담 엑시아 양 기체의 특징이 적절하게 융합된 것이다. 그 안에서도, 건담 아스트레아 밖에 존재하지 않는 디자인이 곳곳에 새겨있어, 그 기체의 개성을 끌어내고 있다. 가장 큰 특징은 [기동전사 건담00]의 모든 건담에 적용되어 있는 등 부분의 태양로 디자인을 사용하지 않았다. ', '만능', 'off', 'off', 'off', 'off'),
(22030, 447, 'GN-X (패트릭 코라사와 탑승기)', 'B', 'S', 'chi', 3, 'GN 빔 사벨', 32, 'GN 빔 라이플', 4, '격투 콤보', 0, 'Empty', 0, 'Empty', 0, 'Empty', '기동성 업', '불사신 코라사와', '난무형 필살기', 12.3, 12.3, 15.3, 19.2, 19.8, 15.6, '솔레스털 빙의 감시자인 아레한드로 코너가, 극비에 개발한 유사태양로 탑재형 MS. 30개의 유사태양로와 함께, 유니온, AEU, 인혁련 각군에 넘겨진 후, 국연군 소속 기체로서, 솔레스털 빙의 붕괴에 앞장섰다. 본 기체는 전 AEU군 소속 자칭 에이스 파일럿 패트릭 코라사와 탑승기이다. 자칭 에이스이기 때문에 그 실력에 의심을 품는 사람도 적지 않았지만, 솔레스털 빙과의 전투에서는 아무리 가혹한 전황에서도, 반드시 생환해 옴으로서 그 실력이 거짓이 아님을 증명했다고 보여진다.', '만능', 'off', 'off', 'off', 'off'),
(22032, 443, '알바토레', 'S', '-', 'chi', 1, '격투용 거대 암', 42, 'GN 빔 포', 25, '대형 GN 팡', 3, 'GN 빔 사벨', 32, 'GN 빔 라이플', 0, 'Empty', '리로드 업', '감시자의 야망', '전탄 발사형 필살기', 12.3, 24.3, 18.3, 22.8, 21.3, 15.6, '국연군의 거대MA. 솔레스털 빙 대 국연군의 최종결전에 투입된 거대병기. 유사태양로를 7개 탑재하고 있다. 초원거리사격이 가능한 대형 GN 메가 캐논 추가, 강고한 GN필드 등, 이제까지의 태양로 탑재기와 비교해 압도적인 파워를 자랑한다. 무장도 격투용 거대 암, 대형 GN 팡 등 다채롭다.', '만능', 'on', 'off', 'on', 'off'),
(22035, 439, '건담 쓰로네 아인', 'A', '-', 'ba', 3, 'GN 빔 사벨', 32, 'GN 빔 라이플', 42, 'GN 런쳐', 0, 'Empty', 0, 'Empty', 0, 'Empty', '정밀 저격', '확장 부스터', '맵 병기형 필살기', 12.9, 15.3, 18.3, 21.3, 18.3, 13.5, '솔레스털 빙의 세컨드 팀이 사용한 3기의 건담 [쓰로네] 시리즈 1호기. 아인, 쯔바이, 드라이 3기는 동일 기체를 커스텀화 한 것으로, 아인은 높은 파괴력의 장거리포격이 가능하다. 이것은 듀나메스와 바체의 특성을 합친 것으로 생각된다. 건담을 증명하는 GN드라이브는 [T(타우)] 불리는 타입으로서, 이제까지의 건담과는 틀린 붉은 GN입자를 방출한다. 쓰로네 3기를 운용하기 위한 운용함에도 같은 형태의 GN드라이브가 탑재되어 있다.', '만능', 'off', 'off', 'off', 'on'),
(22036, 441, '건담 쓰로네 쯔바이', 'A', '-', 'muk', 4, 'GN 버스터 소드', 32, 'GN 핸드건', 25, 'GN 팡', 0, 'Empty', 0, 'Empty', 0, 'Empty', '저력발동', '공격력 업', '난무형 필살기', 12.9, 15.3, 18.3, 21.3, 18.3, 19.5, '솔레스털 빙의 세컨드 팀이 사용한 3기의 건담 [쓰로네] 시리즈 2호기.  쓰로네의 몸체는, 경량화를 위해 GN드라이브 자체를 동체의 메인 프레임 일부로서 사용하고 있어서 이제까지의 건담과는 크게 다른 실루엣을 갖는다. 또, 기체각부에 GN입자를 보내는 것을 코드가 아닌, 프레임 구조체 안에 흘려 보내고 있다. 쯔바이는 거대 격투용병기 GN 버스터 소드와 원격조작이 가능한 GN 팡이라는 특수병장을 갖고 있어서, 근거리 및 중거리에서 높은 전투능력을 발휘한다.', '일반', 'off', 'off', 'off', 'off'),
(22037, 442, '건담 쓰로네 드라이', 'A', '-', 'chi', 3, 'GN 빔 사벨', 32, 'GN 핸드건', 36, 'GN 실드 포드', 0, 'Empty', 0, 'Empty', 0, 'Empty', '통신지휘', '리로드 업', '전탄 발사형 필살기', 14.4, 15.3, 15.3, 21.3, 16.8, 16.5, '솔레스털 빙의 세컨드 팀이 사용한 3기의 건담 [쓰로네] 시리즈 3호기. 드라이는 전투를 서포트하는데 특화된 기체이다. 이것은 프토레마이오스에서 사용되고 있는 4기의 건담에는 존재하지 않는 타입이며, 이것은 세컨드 팀의 건담 3기가 함께 행동하는 것을 전제로 설계되어 있음을 말해주고 있다. 쓰로네 시리즈가 탑재한 [T(타우)]라 불리는 타입의 태양로는, 오리지널과 다른 무한기관이 아닌, 투입한 에너지에 대해서 GN입자를 발생시킨다.', '만능', 'off', 'off', 'off', 'off'),
(22038, 444, '0 건담', 'B', '-', 'chi', 3, '빔 사벨', 32, '빔 건', 43, '빔 건 (고출력)', 0, 'Empty', 0, 'Empty', 0, 'Empty', '리로드 업', '기동성 업', '전탄 발사형 필살기', 12.3, 13.8, 12.3, 17.7, 13.8, 14.4, '솔레스털 빙이 무력개입을 하기 위해 만들어 낸 최초의 건담. 제 1 세대기로 불려진다. 이 단계에서 이미 태양로를 엔진 유닛으로 채용하고, 빔 병기를 휴대하는 등 건담의 기초 시스템이 완성되어 있었다. 본 기체에서 얻어진 데이터를 바탕으로 제 2 세대 건담이 개발되었다. 본 기체는, 무력개입이 시작되자 본 기체는 서포트 조직인 페레쉬테가 맡게 되지만, 국연군과의 전투 후 솔레스털 빙에게 회수되어, 그 태양로는 더블오 건담에 사용되었다.', '만능', 'off', 'off', 'off', 'off'),
(22039, 426, '유니온 리알도', 'C', '-', 'chi', 3, '플라즈마 소드', 38, '리니어 라이플', 38, '리니어 라이플 (3연사)', 0, 'Empty', 0, 'Empty', 0, 'Empty', 'V백신', '공격력 업', '전탄 발사형 필살기', 9.3, 10.8, 15.3, 13.5, 12.3, 13.5, '유니온에서 사용되고 있는 MS. 건담의 출현 시점에는, 최신기인 플래그가 충분히 배치되지 않아서, 당시의 주력병기로서의 지위를 확보하고 있었다. 플래그와 마찬가지로 비행형태로도 변형이 가능해, 전투기와 같은 운용도 가능하지만, MS형태에서 비행형태로 변형하려면 환장작업이 필요하기 때문에, 공중에서는 변형할 수 없다.', '만능', 'off', 'off', 'off', 'off'),
(22040, 425, 'AEU 헬리온', 'C', '-', 'muk', 3, '소닉 블레이드', 38, '120mm 리니어 라이플', 1, '격투 콤보', 0, 'Empty', 0, 'Empty', 0, 'Empty', '방어력 업', '기동성 업', '난무형 필살기', 8.4, 10.8, 12.3, 17.1, 12.3, 15.6, 'AEU의 MS. 대량생산되어 AEU가맹국 이외에도 수출되었다. 그 때문에 테러리스트 등의 손에 넘어가 사용된 경우도 있었다. 두부 및 무장 등에 많은 바리에이션이 존재하며, 비행형태로 대응 하는 점 등은 최신기 이낙트와 공통점이 있지만, 능력면에서는 크게 뒤쳐져 일선에서 물러나게 되었다.', '만능', 'off', 'off', 'off', 'off'),
(22041, 436, 'GN-X (다릴 닷지 탑승기)', 'B', '-', 'muk', 3, 'GN 빔 사벨', 1, '격투 콤보', 1, '격투 콤보', 0, 'Empty', 0, 'Empty', 0, 'Empty', '노련한 인파이터', '철벽수비 (B랭크)', '난무형 필살기', 12.3, 15.3, 15.3, 20.1, 15.3, 17.4, '솔레스털 빙의 감시자인 아레한드로 코너가, 극비에 개발한 유사태양로 탑재형 MS. 30개의 유사태양로와 함께, 유니온, AEU, 인혁련 각군에 넘겨진 후, 국연군 소속 기체로서, 솔레스털 빙의 붕괴에 앞장섰다. 본 기체는 유니온 소속 파일럿 다릴 닷지 탑승기이다.  듀나메스와의 전투에서 전사하였다.', '만능', 'off', 'off', 'off', 'off'),
(22042, 427, '유니온 리알도 (탈리비아군 컬러)', 'C', '-', 'muk', 3, '플라즈마 소드', 38, '리니어 라이플', 38, '리니어 라이플 (3연사)', 0, 'Empty', 0, 'Empty', 0, 'Empty', '확장 부스터', '기동성 업', '전탄 발사형 필살기', 9.3, 13.8, 9.3, 15.9, 9.3, 15.6, '유니온의 MS. 동맹국인 탈리비아에서도 정식채용 되었다. 기체 외장색상만 탈리비아군 오리지널 색상으로 채용되어 있고, 성능은 틀리지 않다.', '만능', 'off', 'off', 'off', 'off'),
(22043, 457, 'GN아쳐', 'A', '-', 'chi', 3, 'GN 빔 사벨', 32, 'GN 빔 라이플', 0, 'None', 33, 'GN 발칸', 36, 'GN 미사일', 0, 'Empty', '리로드 업', '저력발동', '난무형 필살기', 13.8, 16.8, 18.3, 21.3, 15.3, 18.6, '아리오스 건담의 지원머신. 라그랑쥬3 팩토리에서 개발된 신생 솔레스털 빙의 장비. 원래는 제3세대 건담 개발시에 만들어진 건담 중 하나였지만, 정식채용까진 이르지 않고, 제조도중 방치 되어있던 것을 지원기 형태로 완성시켰다. 그 때문에 현 상태에서도, 두부 바이저 안에는 건담 페이스가 숨겨져 있다. 아리오스 건담과 합체해서 무장 강화하는 것만이 아니라, 파일럿이 탑승하는 것으로 MS로 변형해서 단독전투가 가능하다.', '만능', 'on', 'off', 'off', 'off'),
(22045, 478, '아리오스 건담', 'S', '-', 'chi', 3, 'GN 빔 사벨', 32, 'GN 트윈 빔 라이플', 22, 'GN 서브 머신건', 1, 'GN 크로', 32, 'GN 트윈 빔 라이플', 0, 'Empty', '공격력 업', '트랜스암 (아리오스)', '전탄 발사형 필살기', 15.9, 18.3, 18.3, 25.8, 19.8, 18.6, '솔레스털 빙이 소유하고 있는 건담 중 하나. 국연군과의 결전 후, 4년간 행방이 묘연해진 건담 마이스터, 알렐루야 합티즘 전용으로 개발된 기체. 개발 컨셉은 건담 큐리오스의 강화발전기로서 비행성능의 강화, 고정무장의 증가 등 기본 스펙의 향상이 이루어져있다. 큐리오스 최대 특징인 비행 형태로의 변형 기능은 본 기체에도 계승되어 있다. 큐리오스와 다른 점은, 손에 들고 있던 실드를 폐기, 양 어깨에 신 개발 GN 빔 실드를 장비한 것이고 이것은 비행형태에서 무기로 사용 가능하다.', '만능', 'on', 'off', 'off', 'off'),
(22047, 530, '유니온 플래그 (CU)', 'C', 'U', 'chi', 3, '플라즈마 소드', 38, '리니어 라이플', 22, '발칸포', 0, 'Empty', 0, 'Empty', 0, 'Empty', '기동성 업', '리로드 업', '난무형 필살기', 9.3, 9.3, 12.3, 19.2, 10.8, 16.5, '유니온의 MS. VMS-15 유니온 리얼도의 후계기이며, 이제까지 비행대응형 MS가, 장비환장을 통해 비행 가능했던 것에 비해, 본 기체는 작전 행동 중에 변형도 가능하다. 2010년 8월 유저 응모 컨테스트 당선 유닛으로, 닉네임  "카일로시드" 가 디자인하였다. CU랭크의 「유니온 플래그 (CU)」은 일반 C 랭크의 「유니온 플래그」에서 컬러링만 변경된 것이 아니라, 약간의 스탯 조정도 이루어져있다.', '만능', 'off', 'off', 'off', 'off'),
(22048, 475, '더블오 건담', 'S', '-', 'muk', 4, 'GN 소드II (소드 모드)', 32, 'GN 소드II (라이플 모드)', 32, 'GN 소드II (라이플 모드-고출력)', 1, 'GN 실드', 32, 'GN 소드II (라이플 모드-고출력)', 0, 'Empty', '공격력 업', '트윈 드라이브 시스템', '난무형 필살기', 14.4, 19.8, 21.3, 24.9, 18.3, 21.6, '솔레스털 빙이 소유하고 있는 건담 중 하나. 새롭게 만들어진 건담으로써, 최대 특징은 2개의 태양로를 탑재한 트윈 드라이브 시스템이다. 2개의 태양로가 동조하는 것으로 생겨나는 GN입자량은 제곱이 된다. 단, 시스템의 가동 조건을 충족하기 매우 어렵다. 동조율이 높았던 건담 엑시아와 0건담의 태양로를 사용했음에도 안정가동영역에는 도달하지 못했지만, 트랜스암 시스템을 활용하는 것으로 가동안정영역으로 진입 가능했다. 하지만 잘못하면 태양로가 폭주하여 폭발 가능성의 위험이 매우 컸다.', '만능', 'on', 'off', 'off', 'off'),
(22050, 636, '건담 아발란체 엑시아', 'A', 'R', 'muk', 4, 'GN 소드', 32, 'GN 빔 라이플', 4, 'GN 롱 블레이드 / 숏 블레이드', 0, 'Empty', 0, 'Empty', 0, 'Empty', '공격력 업', '트랜스암 (아발란체 엑시아)', '난무형 필살기', 14.4, 18.3, 18.3, 20.7, 18.3, 19.5, '솔레스털 빙이 소유하고 있는 건담 중 하나. 건담 엑시아에 고기동용 추가유닛을 장착한 특수장비 타입이다. 순식간에 지나치며, 통과한 장소에 있는 모든 물건을 삼켜버리는 것에서 아발란체(눈사태)라는 이름이 붙여졌다. 솔레스털 빙의 이안 바스티에 의해 설계되었다. 아발란체 유닛은 각부에 GN입자 컨덴서를 장비하여, 컨덴서 안에 비축한 GN입자를 한번에 방출하는 것으로, 통상시를 크게 상회하는 운동성을 발휘한다. ', '만능', 'off', 'off', 'off', 'off'),
(22051, 459, '어헤드', 'B', 'R', 'chi', 3, 'GN 빔 사벨', 32, 'GN 서브 머신건', 22, 'GN 발칸', 0, 'Empty', 0, 'Empty', 0, 'Empty', '철벽수비 (B랭크)', '공격력 업', '난무형 필살기', 12.3, 13.8, 15.3, 19.2, 16.8, 16.5, 'GN-X에서 발전한 유사 태양로 탑재기. 지구연방군 산하의 독립 치안 유지 부대 아로우즈가 신규 제조한 양산기로 주로 장교들에게 지급되는 고성능기다. GN-X 시리즈에 비해 많은 베리에이션기가 개발되었고, 근접 전투형이나 뇌양자 대응형 등, 파일럿의 특성을 고려한 커스텀기도 실전 운용 되었다. 어헤드는 유사 태양로 탑재기의 새로운 표준을 목표로 개발되어, 모든 방면에서 높은 성능을 낼 수 있도록 설계된 범용기라 할 수 있겠다.', '만능', 'off', 'off', 'off', 'off'),
(22052, 467, 'GN-XIII', 'B', '-', 'chi', 3, 'GN 랜스', 32, 'GN 랜스', 23, 'GN 수류탄', 0, 'Empty', 0, 'Empty', 0, 'Empty', '리로드 업', '공격력 업', '난무형 필살기', 11.4, 13.8, 15.3, 20.1, 13.8, 14.4, 'GN-XIII는 유사 GN 드라이브 탑재형 모빌 슈트 GNX-603T GN-X의 발전형 기체다. GN 드라이브를 탑재한 고성능 모빌 슈트임과 동시에 국제 연합군을 대신하여 새로이 창설된 지구 연방군의 제식 채용기이다. 주무장으로 속사력이 뛰어난 4문의 GN 빔포가 내장되어 있으며, 라이플로서의 기능도 가지고 있다. 지구연방군의 주력 모빌 슈트이지만, 그 배치수가 충분하지 못해 지구연방군내에서는 아직 예전 초국가군 시대의 모빌 슈트와 함께 운용되고 있다.', '만능', 'off', 'off', 'off', 'off'),
(22053, 469, '어헤드 근접전투형', 'A', '-', 'muk', 3, 'GN 빔 사벨', 3, 'GN 빔 사벨', 3, 'GN 빔 사벨', 0, 'Empty', 0, 'Empty', 0, 'Empty', '노련한 인파이터', '수라의 부시도', '난무형 필살기', 12.9, 15.3, 18.3, 22.8, 16.8, 19.5, '아로우즈가 운용하는 유사 GN 드라이브 탑재형 모빌 슈트의 표준을 마련하고자 범용기로 개발 되었다. 근접 전투용이기 때문에 화기계 무장을 장비하지 않았다. 머리 부분과 어깨 장갑에는 뿔이 있어서 무사와 같은 인상을 풍긴다. 미스터 부시도를 파일럿으로 운용하는 것을 전제로 개량되었으며, 특히 외관에는 그의 의견이 강하게 반영되어있다. 기체의 정식 명칭은 [어헤드 근접전투형] 개발 코드는 [사키가게], 주무장으로 대형 GN 빔 사벨 두 자루를 지닌다.', '만능', 'off', 'off', 'off', 'off'),
(22054, 471, '마스라오', 'A', 'S', 'muk', 3, 'GN 롱 빔 사벨 & GN 숏 빔 사', 3, 'GN 롱 빔 사벨 & GN 숏 빔 사', 1, 'GN 롱 빔 사벨 & GN 숏 빔 사', 0, 'Empty', 0, 'Empty', 0, 'Empty', '노련한 인파이터', '트랜스암 (마스라오)', '난무형 필살기', 14.4, 16.8, 18.3, 23.7, 19.8, 20.7, '전신에 갑옷을 걸친 무사풍의 외관을 가졌으며, 머리 부분의 페이스 가드 속에는 오버 플래그의 본모습이 감추어져 있는 등, 장갑 내부에 오버 플래그의 파츠가 그대로 사용된 부분도 있다. 투구의 뿔을 연상케 하는 V자형의 대형 안테나는 건담과 마찬가지로 GN 입자 제어 기능을 가진 클래비클 안테나다. 무장으로서는 GN 빔 사벨 및 GN 숏 빔 사벨등이 있으며, 파일럿의 취향에 맞추어 외견뿐만 아니라 기체 특성도 격투전에 특화된 사양으로 되어있다.', '만능', 'off', 'off', 'off', 'off'),
(22055, 492, '스사노오', 'S', '-', 'muk', 4, '강화 사벨', 42, '트라이 퍼니셔', 23, '빔 차크람', 4, '강화 사벨', 1, 'GN 크로', 0, 'Empty', '노련한 인파이터', '트랜스암 (스사노오)', '난무형 필살기', 14.4, 18.3, 21.3, 24.9, 19.8, 21.6, '원 유니온 개발진이 GN-X나 어헤드를 대체하는 차기 연방 주력기로서 개발한 시작기. GNX-UO2X 마스라오의 최종 개량형으로 미스터 부시도의 마지막 탑승기다. 기체의 도장 패턴이 흰색과 검정색으로 바뀌면서 보다 더 오버 플래그에 가까워졌다. 또한, 본 기체는 유사 태양로 탑재기이지만 트랜스 암을 기동하는 것이 가능하며, 마스라오에서 중앙의 강화 사벨용 GN 콘덴서 추가, 왼팔 건틀렛을 장비, 전개식 대형 빔 캐논 [트라이 퍼니셔]의 내장등 무장 및 화기가 크게 강화되었다.', '만능', 'on', 'off', 'off', 'off'),
(22057, 494, '건담 아스트레아 Type-F (중무장형)', 'B', 'R', 'ba', 1, 'GN 해머', 34, 'NGN 바주카', 36, 'GN 핸드 미사일', 0, 'Empty', 0, 'Empty', 0, 'Empty', '리로드 업', '철벽수비 (B랭크)', '전탄 발사형 필살기', 12.3, 15.3, 12.3, 17.7, 16.8, 11.4, '이노베이터가 사용하고 있던 제 2세대 건담의 재생기(블랙 아스트레아)를 폰이 수복한 기체. 그가 보유하고 있던 각종 무장을 추가하여 다른 기체와는 비교할 수 없을 정도로 중무장이 되었다. 이 중무장으로 단독으로도 다수의 부대와 싸우는 것도 가능하다. 기존의 건담 아스트레아 Type-F와는 다르게 유사 태양로를 장비하고 있다.', '만능', 'off', 'off', 'off', 'off'),
(22058, 484, '티에렌 (고기동형 Type-B)', 'B', '-', 'chi', 1, '카본 블레이드', 34, '200mmX25 구경장활강포', 33, '30mm 머신건', 0, 'Empty', 0, 'Empty', 0, 'Empty', '리로드 업', 'V백신', '난무형 필살기', 11.4, 15.3, 12.3, 19.2, 15.3, 16.5, '인류혁신연맹군의 티에렌 바리에이션 기체. [티에렌 (고기동형)] 에서 날개와 제트 엔진을 제거하고 호버 이동 능력을 특화시킨 기체이다. 사막에서의 전투를 고려하여, 관절부는 방진용 천으로 둘러싸여 있다.', '만능', 'off', 'off', 'off', 'off'),
(22059, 477, '켈딤 건담', 'S', '-', 'ba', 36, 'GN 미사일 런처', 43, 'GN 스나이퍼 라이플II', 25, 'GN 쉴드 비트', 1, 'GN 피스톨II', 32, 'GN 피스톨II', 0, 'Empty', '노련한 스나이퍼 EX', '트랜스암 (켈딤)', '전탄 발사형 필살기', 15.3, 18.3, 18.3, 25.8, 16.8, 15.6, '솔레스털 빙이 소유하고 있는 건담 중 하나. 원거리 사격전에 특화된 건담으로 건담 듀나메스의 발전기이다.  듀나메스에서 기본 성능이 강화되어 공격력과 명중률 모두 향상되었다. 원거리 사격을 행하는 스나이퍼 모드의 조작 시스템도 듀나메스처럼 라이플 모양의 전용 콘트롤러를 사용한다. 눈에 띄게 크게 바뀐 점으로는 GN 쉴드 비트와 GN 빔 피스톨II 를 들 수 있고, 메인 무장인 GN 스나이퍼 라이플II 는 신형 센서를 채용하여 명중률이 향상되었으며 접어서 운용하는 것도 가능하다.', '만능', 'on', 'off', 'off', 'on'),
(22061, 464, '가랏조 (브링기)', 'A', '-', 'muk', 3, 'GN 빔 사벨', 32, 'GN 발칸', 3, '격투 콤보', 0, 'Empty', 0, 'Empty', 0, 'Empty', '저력발동', '공격력 업', '난무형 필살기', 12.9, 15.3, 18.3, 23.7, 18.3, 19.5, '이노베이터(이노베이드) 전용기인 GNZ시리즈 기체 중 하나. 이 시리즈의 기체는 리본즈가 장악한 베다를 사용하여 솔레스털 빙의 건담의 데이터를 기초로 제작되었다. 사용된 데이터에는 솔레스털 빙에서는 채용되지 않았던 제2세대 건담인 플루토네의 탈출용 코어 파이터 시스템도 있다. 본 기체는 근접 전투에 특화된 기체로서 메인 무장은 손가락에서 방출되는 빔 사벨이다. 전투시에는 메인 카메라를 덮고 있는 바이저 장갑이 위로 슬라이드되어 메인 카메라가 오픈된다.', '만능', 'off', 'off', 'off', 'off'),
(22062, 460, '어헤드 뇌양자파대응형', 'B', 'R', 'chi', 3, 'GN 빔 사벨', 32, 'GN 빔 라이플', 32, 'GN 서브 머신건', 0, 'Empty', 0, 'Empty', 0, 'Empty', '리로드 업', '통신지휘', '전탄 발사형 필살기', 12.9, 16.8, 12.3, 20.7, 15.3, 18.6, '어헤드의 커스텀 기체의 일종. 스멀트론은 정식명칭 <어헤드 뇌양자파대응형>으로도 불리며, 그 이름대로 뇌양자파를 사용할 수 있는 파일럿의 탑승이 전제된 기체이다. 기체와 장비의 콘트롤에 뇌양자파를 사용하여 반사신경을 뛰어넘은 생각에 의한 조종이 실현되고 있다. 한편 스멀트론이라는 개발 기체명은 과일인 <산딸기>를 의미하는 스웨덴어로 붙여졌다. 이것은 <이상의 장소>라는 의미도 갖고 있어 개발자가 본 기체에 담은 소원을 알 수 있다.', '만능', 'off', 'off', 'off', 'off'),
(22063, 479, '세라비 건담', 'S', '-', 'ba', 1, '격투', 42, 'GN 바주카 II', 42, 'GN 캐논', 3, 'GN 빔 사벨 (2도류)', 3, 'GN 빔 사벨 (6도류)', 0, 'Empty', '리로드 업', '트랜스암 (세라비)', '전탄 발사형 필살기', 15.3, 16.8, 18.3, 24.9, 18.3, 17.4, '솔레스털 빙이 소유하고 있는 건담 중 하나. 티에리아를 위해 만들어진 건담으로 신생 솔레스털 빙의 건담 중에서 제일 먼저 실전에 투입된 기체. 타 건담과의 연대에서 다른 동료의 기체가 적의 발을 묶은 사이에, 한 번에 소대 단위를 가루로 만들 정도로 강한 파괴력을 살린 전법을 펼친다. 무장으로 GN 바주카II, GN 캐논 등을 장비하고, 실드는 장비하고 있지 않아 방어는 GN 필드로 기체를 감싸는 것으로 해결한다. 기체의 최대 특징은 또 하나의 건담 세라핌이 숨겨져 있다는 것.', '만능', 'on', 'off', 'off', 'off'),
(23001, 357, '건담X', 'A', '-', 'ba', 3, '대형 빔 소드', 32, '쉴드 빔 라이플', 42, '새틀라이트 캐논', 0, 'Empty', 0, 'Empty', 0, 'Empty', '저력발동', '필살기 각성', '맵 병기형 필살기', 13.8, 15.3, 18.3, 22.2, 16.8, 13.5, '구 연방군의 결전용 MS. 전쟁 종반, 우주혁명군의 콜로니 낙하 작전을 저지하기 위해 개발된 기체로 구 연방 최강의 MS 다. 달 표면의 태양발전 시설에서 마이크로 웨이브에 의해 에너지 공급을 받는 [새틀라이트 시스템] 을 탑재하고 있으며 전략급 파괴병기 [새틀라이트 캐논] 을 사용할 수 있다. 또, 뉴타입 대응 시스템 [플래시 시스템] 을 탑재하고 있으며 무인 MS [G 비트] 를 원격조작 하는 것도 가능하다. 미 배치되었던 1기가 발견되어 벌처함 [프리덴] 소속이 되었다.', '만능', 'off', 'off', 'off', 'off'),
(23002, 358, '건담DX', 'S', '-', 'ba', 3, '하이퍼 빔 소드', 32, '버스터 라이플', 22, '블레스트 런처', 42, '트윈 새틀라이트 캐논', 0, 'Empty', 0, 'Empty', '티파의 기도', '필살기 각성', '난무형 필살기', 15.9, 18.3, 18.3, 27.6, 19.8, 15.6, '신 연방군의 고기동 범용형 MS. 건담X 를 베이스로 한 강화발전형으로 MS 1 기로서는 궁극의 공격력을 지닌다. 양팔, 양다리에 에너지 라디에이터 플레이트를 장착하여 냉각효율의 향상을 꾀하였으며, 에너지 용량 확대와 리플렉트 대형화에 의해 출력이 비약적으로 증대된 [새틀라이트 시스템 Mk-II] 를 장비하고 있다. 이것에 의해서 얻어진 에너지를 한꺼번에 개방하는 [트윈 새틀라이트 캐논] 이 최대의 무기로, 그 위력은 새틀라이트 캐논의 두 배 이상에 달한다.', '만능', 'on', 'off', 'off', 'on'),
(10085, 648, '양산형 건탱크', 'C', '-', 'ba', 1, '격투', 36, '4연장 건 런처', 41, '120mm 저반동 캐논포', 0, 'Empty', 0, 'Empty', 0, 'Empty', '정밀 저격', '방어력 업', '전탄 발사형 필살기', 8.1, 12.3, 9.3, 9.9, 9.3, 9.3, '지구연방군의 포격전용 MS. RX-75 <건탱크>의 양산타입 기체이다. [코어 블록 시스템]을 폐지하여, 상반신을 회전할 수 있게 되었으며 더불어 생산성도 향상되었다. 또한 백팩에는 대형 자동 장전 시스템을 내장하여 베이스 기체인 <건탱크>에 비해 포격전 능력이 향상되어 있다. 하지만 MS로도 전투차량으로 어중간한 기체인 것은 변함이 없어 생산은 소수에 불과하였다. 극중에서는 지온군 비밀기지의 포격 공격에 동원되었으나, <구프 커스텀>의 공격에 모든 기체가 격추되고 만다.\r\n', '지상', 'off', 'off', 'off', 'on'),
(11066, 534, '하이곡그 (CU)', 'C', 'U', 'muk', 1, '아이언 네일', 32, '암 빔 캐논포', 1, '아이언 네일 회전공격', 0, 'Empty', 0, 'Empty', 0, 'Empty', '확장 부스터', '방어력 업', '난무형 필살기', 10.2, 12.3, 12.3, 11.1, 10.8, 15.6, '지온 공국군의 수륙 양용 양산형 MS. 곡그의 전면 개량형으로, 기체를 대폭 경량화해서 장갑이 얇아졌지만 육상, 수중 양면에서의 기동성과 운동성은 크게 향상되었다. 무장도 개량되어 팔 부분에 명중률이 높은 빔 캐논을 내장함으로서 육상전투 능력을 크게 강화되었다. 2011년 2월 유저 응모 컨테스트 당선 유닛으로, 닉네임 "하이곡크"가 디자인하였다. CU랭크의 <하이곡그>는 일반 C 랭크의 <하이곡그>에서 약간의 스탯 조정도 이루어져있다.', '수중', 'off', 'off', 'off', 'off'),
(16045, 832, '시구 (라우 루 크루제 탑승기)', 'B', 'S', 'muk', 3, '중참도', 32, '빔 라이플', 22, '28mm 발칸 내장 방패', 0, 'Empty', 0, 'Empty', 0, 'Empty', '크루제의 증오', '돌격지휘', '난무형 필살기', 12.9, 15.9, 15.3, 19.2, 16.2, 18.6, '자프트군의 지휘관 전용 MS. <진>을 베이스로 개발되었고 각 부분에 성능의 향상을 꾀하였다. 발칸 내장 타입의 실드와 허리 부분에 추가된 드러스터로 화력, 방어력, 기동력이 모두 상향되었다. 처음에는 <진>을 대신할 차기 주력기로서 개발되었지만, 신예기이다 보니 배치 수가 적어 주로 지휘관에게 우선적으로 배치되는 형태가 되었다. 본 기체는 자프트군 소속 지휘관인 라우 루 크루제 탑승기이다. 극중에서 <게이츠>의 빔 라이플을 운용하여 전투에 임하였다.', '만능', 'off', 'off', 'off', 'off'),
(21012, 811, '데난 존', 'C', '-', 'chi', 3, '빔 사벨', 32, '듀얼 빔 건', 33, '헤비 머신건', 0, 'Empty', 0, 'Empty', 0, 'Empty', '기동성 업', '공격력 업', '난무형 필살기', 9.3, 7.8, 12.3, 13.5, 15.3, 12.6, '크로스본 뱅가드의 격투용 양산 MS. 데난 시리즈 최초의 기체로서, 대MS격투전을 중시하여 개발되었다. 고글형 카메라 아이, 빔 실드, 샷 랜서 등의 신기술이 채용되어 있어, 연방군의 주력 MS에 비해 성능적으로 우위에 서있다. 바빌로니아 건국 전쟁에서 크로스본군의 주력 MS중 하나로 사용되었다.', '만능', 'off', 'off', 'off', 'off'),
(21013, 332, '크로스본 건담 X2', 'S', '-', 'chi', 4, '샷 랜서', 32, '버스터 건', 33, '헤비 머신건', 3, '빔 잔바', 1, '브랜드 마커', 0, 'Empty', '노련한 레인저', '우주 해적의 신념', '전탄 발사형 필살기', 15.3, 18.3, 18.3, 24.9, 19.8, 19.5, '신 크로스본 뱅가드의 시작형 MS. <크로스본 건담>의 시작 2호기다. 기본적인 성능은 1호기와 동등하지만 빔 라이플 대신 샷 랜서를 장비한 것이 특징이다. 또 안테나 모양이 1호기와는 다소 차이가 있고 기체는 검은색으로 컬러링 되었다. 목성전투 당시에는 신 크로스본의 주 전력으로서 사용되었지만 후에 목성 제국으로 그 소속이 바뀌었다.', '만능', 'on', 'off', 'off', 'off'),
(21015, 819, '베르가 기로스 (블랙 뱅가드 사양)', 'A', 'R', 'muk', 3, '빔 사벨', 33, '헤비 머신건', 1, '샷 랜서 (격투 콤보)', 0, 'Empty', 0, 'Empty', 0, 'Empty', '돌격지휘', '노련한 인파이터', '난무형 필살기', 13.8, 18.3, 18.3, 22.2, 18.3, 20.7, '크로스본 뱅가드의 전투용 MS. <베르가 다라스>의 성능 향상형으로 범용성을 더욱 강화한 기체이며, 지휘관 탑승용으로 개발되었다. 추력과 센서가 강화되어, 전반적인 성능은 <베르가 다라스>를 상회한다. 또한 샷 랜서 내장의 머신건도 증설되고, 랜서 그 자체도 탈착이 가능하게 되었다. 크로스본 뱅가드의 정예부대인 [블랙 뱅가드] 대장 자비네 샤르의 전용기. 기체는 검정색과 보라색의 컬러로 되어있다.', '만능', 'off', 'off', 'off', 'off'),
(21016, 815, '다기 이루스', 'B', '-', 'chi', 3, '빔 사벨', 32, '빔 라이플', 21, '흉부 3연 확산 빔 포', 0, 'Empty', 0, 'Empty', 0, 'Empty', '기동성 업', '고성능OS (B랭크)', '난무형 필살기', 12.3, 13.8, 15.3, 17.7, 13.8, 14.4, '크로스본 뱅가드의 정찰형 MS. 지휘관 탑승용의 정철형 MS로서 베르가 다라스를 베이스로 하여 개발되었다. 신개발의 도플러 레이더와 함께 기체 부위에 고성능 센서를 갖추어, 높은 적 탐색 능력을 가진다. 센서에 장해를 일으키기 때문에 빔 실드는 장비하지 않고 있어, 방어면에서는 다른 기체에 다소 열세이다. 대신 빔 라이플과 확산 빔 포를 장비하여 대MS전투에서도 충분히 제 능력을 발휘한다.', '만능', 'off', 'off', 'off', 'off'),
(21017, 812, '데난 존 (블랙 뱅가드 사양)', 'C', 'R', 'muk', 3, '빔 사벨', 32, '듀얼 빔 건', 1, '샷 랜서 (격투 콤보)', 0, 'Empty', 0, 'Empty', 0, 'Empty', '방어력 업', '돌격지휘', '난무형 필살기', 9.9, 12.3, 12.3, 14.7, 12.3, 16.5, '크로스본 뱅가드의 격투용 양산 MS. 데난 시리즈 최초의 기체로서, 대MS격투전을 중시하여 개발되었다. 고글형 카메라 아이, 빔 실드, 샷 랜서 등의 신기술이 채용되어 있어, 연방군의 주력 MS에 비해 성능적으로 우위에 서있다. 바빌로니아 건국 전쟁에서 크로스본군의 주력 MS로 사용되었다. 크로스본 뱅가드의 정예부대인 [블랙 뱅가드]에 소속되어 검은색 계통의 컬러로 되어있는 것 이외에는 일반기와 차이는 없다.', '만능', 'off', 'off', 'off', 'off'),
(11067, 831, '크샤트리야', 'S', '-', 'ba', 22, '머신 캐논', 21, '메가입자포 (확산 빔)', 25, '판넬', 3, '빔 사벨 (2도류)', 32, '판넬', 0, 'Empty', '철벽 수비 EX', '강화인간의 운명', '전탄 발사형 필살기', 15.9, 18.3, 18.3, 26.7, 21.3, 15.6, '네오 지온이 개발한 20미터급 사이코뮤 탑재 MS. 무장, 추진기, 판넬 컨테이너 등 복수 기능을 집약한 바인더의 증설과 사이코 프레임의 사용에 의해, NZ-000 퀸 만사와 동등한 화력을 유지하면서 다운사이징도 성공했다. 사이코 프레임을 흉부 콕핏 주변에 구조재의 일부로 사용하고 있다.', '만능', 'on', 'off', 'on', 'off'),
(16046, 804, '구프 이그나이티드', 'B', '-', 'muk', 3, '템페스트 빔 소드', 32, '드라우프니르 4연장 빔 건', 11, '슬레이어 윕', 0, 'Empty', 0, 'Empty', 0, 'Empty', '공격력 업', '고성능OS (B랭크)', '난무형 필살기', 11.4, 13.8, 15.3, 20.4, 14.7, 17.4, '자프트군의 선행 양산형 범용 MS. <자쿠 워리어>에 이은 자프트 군의 주력 MS로서 개발된 이 기체는 등에 비행 유닛을 장비하여 공중전 능력이 우수하다. 또한 MS전에 특화된 사양으로 팔 끝부분에 전기를 흘리는 채찍인 [슬레이어 윕]이나 대형 빔 소드 [템페스트]등을 장비하여 높은 전투 능력을 확보하고 있다. 한편, <구프>라는 이름은 [Guardian Of Unity Forerunner]의 대문자로서, [통일을 보호하는 선구자]라는 의미를 지닌다.', '만능', 'off', 'off', 'off', 'off'),
(16047, 809, '카오스 건담', 'A', '-', 'ba', 3, '바즈라 빔 사벨', 32, '고에너지 빔 라이플', 25, 'EQFU-5X 기동 병장 포드', 36, 'AMG141[파이어 플라이] 유도 미', 0, 'Empty', 0, 'Empty', '페이즈 시프트 장갑', '리로드 업', '전탄 발사형 필살기', 14.1, 16.8, 15.3, 21.3, 18.3, 17.4, '자프트군의 강습용 가변 시작 MS. 자프트군 세컨드 스테이지 MS시리즈의 1기로서, 다가올 코디네이터와 네추럴간의 최종전쟁에서 자프트를 승리로 이끌 MS였다. 하지만, 지구군 특수부대의 기습에 의해 정식 배치 직전에 강탈되고 만다. 거대한 크로와 강력한 화기 다수 장비에, MA로의 변형 기구까지 가지고 있는 이 기체는, 고기동 전투에 특화되어 있다. 주무장인 [기동병장 포드]는 이전 대전 말기에 실용화된 무선식 전방위 공격 병장 [드라군 시스템]을 개량한 것이다.', '만능', 'on', 'off', 'off', 'off'),
(17063, 408, '건담 로즈 슈퍼모드', 'A', 'S', 'muk', 3, '슈바리엘 사벨', 22, '발칸포', 25, '로제스 비트', 3, '슈바리엘 사벨', 34, '로제스 비트', 3, '슈바리엘 사벨 (격투 콤보)', '공격력 업', '슈퍼 모드', '전탄 발사형 필살기', 14.4, 18.3, 15.3, 22.8, 18.3, 20.7, '네오 프랑스의 대표 MF. 제 13회 건담 파이트 용으로 개발된 MF로서 기사가 탑승하기에 어울릴만한 우수한 디자인을 자랑한다. 왼쪽 어깨의 망토안에, 무수한 로제스 비트가 수납되어 있어, 이것을 사용한 전방위 공격을 특기로 한다. 대회 굴지의 강호기로서 예선, 결승대회를 이겨왔으나, 그랜드 건담과의 전투에서 부상을 입어 아깝게 우승을 놓쳤다. [슈퍼 모드] 스킬 발동 시, 더욱 강력한 전투 능력을 자랑하며, 강력한 필살기인 [로제스 허리케인]을 사용할 수 있다.', '만능', 'on', 'off', 'off', 'off'),
(18004, 304, '여포 톨기스', 'A', '-', 'muk', 3, '파진극', 14, '검기 공격', 6, '선풍대렬참', 3, '파진극', 5, '선풍폭렬충', 0, 'Empty', '저력발동', '공격력 업', '난무형 필살기', 15.3, 18.3, 18.3, 27, 13.8, 22.5, '미리샤 전역에 이름을 떨친 일기당천의 무장. 천하 유일의 명마인 [적토마]와 함께 수많은 전장을 달려왔다. 다만 더 강한 상대와 싸우기 위해 동탁 자쿠의 부하로 들어가 있다.', '만능', 'on', 'off', 'off', 'off'),
(18010, 370, '<진>유비 건담', 'B', 'S', 'muk', 3, '조룡도 & 용제검', 14, '검기 공격', 6, '조룡도 & 용제검', 0, 'Empty', 0, 'Empty', 0, 'Empty', '방어지휘', '돌격지휘', '난무형 필살기', 12.3, 16.8, 15.3, 19.2, 15.3, 18.6, '미리샤의 북동부, 유주 누상촌 출신. 백성을 위해서는 누구도 무서워하지 않고 맞서는 사나이중의 사나이. 정의에 불타는 믿음직한 큰형님으로 그의 휘하에 많은 영웅들이 모인다. 백성을 위한 [지키는 정의]에 눈뜬다. <진>유비 건담>은 SD건담 삼국전 TV애니메이션판 <유비 건담>으로, [용제검]을 기본으로 장비하고 있으며, 필살기 사용시에는 [진용제검]으로 파워업되어 그 위력을 자랑한다.', '만능', 'off', 'off', 'off', 'off'),
(21018, 813, '데난 게', 'C', '-', 'chi', 3, '빔 사벨', 32, '빔 라이플', 36, '그레네이드 런처', 0, 'Empty', 0, 'Empty', 0, 'Empty', '철벽수비 (C랭크)', '기동성 업', '난무형 필살기', 9.9, 15.3, 12.3, 12.3, 7.8, 12.9, '크로스본 뱅가드의 전투형 양산 MS. 데난 시리즈의 하나로, 기동성을 살려 일격이탈 전법을 상정하여 개발된 기체. 주무장으로 빔 라이플을 장비하며, 샷 랜서는 장비하지 않았다. 밸런스가 잡힌 성능을 가지고 있어, 바빌로니아 건국 전쟁에서 크로스본군의 주력 MS가 된다.', '만능', 'off', 'off', 'off', 'off'),
(21019, 817, '베르가 달라스', 'B', 'R', 'chi', 3, '빔 사벨', 23, '샷 랜서', 1, '샷 랜서 (격투 콤보)', 0, 'Empty', 0, 'Empty', 0, 'Empty', '통신지휘', '방어지휘', '난무형 필살기', 12.3, 15.3, 18.3, 19.2, 16.8, 15.6, '크로스본 뱅가드의 격투형 MS. 베르가 시리즈 최초의 기체로, 지휘관 탑승용으로 개발되었다. <데난 존>처럼 대MS격투전에 주안을 두고 설계되었기 때문에, 강력한 샷 랜서를 장비하고 있다. 또한 등에는 가동식 드러스터 [셸프 노즐]을 장비하고 있어 높은 운동성을 자랑한다.', '만능', 'off', 'off', 'off', 'off'),
(12031, 849, '제타 건담 (각성모드)', 'S', '-', 'chi', 3, '롱 빔 사벨', 32, '빔 라이플', 36, '그레네이드 런처', 1, '돌격', 42, '하이퍼 메가런처', 0, 'Empty', '뉴타입 각성', '카미유의 사념', '난무형 필살기', 15.3, 18.3, 21.3, 22.2, 18.3, 17.4, '에우고의 공격용 시작형 가변 MS인 <제타 건담>이 파일럿의 뉴타입 능력에 감응하여 각성한 모습. 단독으로 대기권 돌입이 가능한 웨이브라이더 형태로의 변형 기능을 가지고 있으며, 다른 MS를 윗면에 태우는 서브 플라이트 시스템을 갖추는 등 높은 운용성을 발휘한다. 또 화력, 기동성등 모든 면에서 걸쳐서 고성능을 발휘하여, 그리프스 전쟁 당시의 MS로서는 굴지의 고성능을 자랑한다. 각성하면 함브라비의 빔 공격을 튕겨낼 만큼 강력한 오오라에 둘러싸이는 등 가공할 성능을 발휘한다.', '만능', 'on', 'off', 'off', 'off'),
(13034, 850, '디 오 (각성모드)', 'S', '-', 'chi', 3, '빔 소드 2도류', 32, '빔 라이플 (저출력)', 43, '빔 라이플 (고출력)', 3, '빔 소드 4도류', 3, '빔 소드 (격투 콤보)', 0, 'Empty', '리미터 해제 EX', '시로코의 프레셔', '난무형 필살기', 15.9, 15.3, 21.3, 21.3, 21.3, 17.4, '티탄즈의 범용 시작형 MS인 <디 오>가 바이오 센서 작동으로 인해 각성한 모습. 파프테마스 시로코가 쥬피트리스에서 개발한 마지막 MS다. 전신을 둘러싼 중장갑과 허리 부분의 다중 관절 등, 상당히 특이한 형태로 만들어졌다. 중량이 90t에 가까운 중형 MS지만, 전신에 내장되어 있는 버니어 덕분에 탁월한 기동성과 운동성을 지니고 있다. 그리프스 전쟁 종반에서 시로코의 탑승기가 되어, 콜로니 레이저를 둘러싼 최종 결전에 투입되지만, 카미유 비단의 <제타 건담>에 의해 격파된다.', '만능', 'on', 'off', 'off', 'off'),
(22065, 422, '오버 플래그', 'B', '-', 'chi', 3, '플라즈마 소드', 38, '리니어 라이플', 38, '리니어 라이플 (3 연사)', 38, '리니어 라이플', 0, 'Empty', 0, 'Empty', '확장 부스터', '방어력 업', '난무형 필살기', 11.4, 15.3, 15.3, 17.7, 13.8, 15.6, '대 건담 조사대를 모체로 한 유니온군에서 정식 발족한 부대 [오버 플래그스]에 소속된 에이스 파일럿들의 전용기. 그라함 에이커 전용기인 SVM-01E 커스텀 플래그와 동일하게 고출력형 플라이트 유닛을 장비하고 있는 등 일반 플래그에 비해 각 부분에 강화 개조가 더해져 있다. 커스텀 플래그는 그라함의 강한 요망에 따라, 대중력 리미터 해제 등의 위험요소가 채용되어 있으나, 오버 플래그에는 그런 위험요소의 채용은 되어있지 않다.', '만능', 'on', 'off', 'off', 'off'),
(22067, 468, 'GN-XIII (연방군형)', 'B', '-', 'muk', 3, 'GN 빔 사벨', 32, 'GN 빔 라이플', 3, 'GN 빔 사벨 (격투 콤보)', 0, 'Empty', 0, 'Empty', 0, 'Empty', '방어력 업', '리로드 업', '전탄 발사형 필살기', 10.8, 13.8, 12.3, 21.3, 15.3, 17.4, 'GN-X의 발전기. 유사 GN 드라이브 탑재형 모빌 슈트로 GNX-603T GN-X의 발전형 기체다. GN 드라이브를 탑재한 고성능 모빌 슈트임과 동시에 국제 연합군을 대신하여 새로이 창설된 지구 연방군의 제식 채용기이다. 기본 성능은 일반기에서 변한 것이 없으나, 어로우즈 소속기는 파일럿에 맞추어 커스텀 튜닝이 가해져 있기 때문에 파일럿 특성과 매칭되어 보다 높은 성능을 낸다. 한편, 연방군의 GN-XIII는 그 사용지역의 특성에 맞추어 조정이 되어있는 경우도 있다.', '만능', 'off', 'off', 'off', 'off'),
(22068, 448, 'GN플래그', 'A', '-', 'muk', 3, 'GN 빔 사벨', 3, 'GN 빔 사벨', 3, 'GN 빔 사벨', 0, 'Empty', 0, 'Empty', 0, 'Empty', '확장 부스터', '저력발동', '난무형 필살기', 13.8, 16.8, 18.3, 22.8, 16.8, 19.5, '유사 태양로를 플래그에 탑재한 기체. 그라함의 발안에 따라 빌리 카타기리가 개발했다. 본래의 설계를 무시하고 무리하게 유사 태양로를 탑재했기 때문에 기체의 밸런스는 아주 떨어진다. 메인 무장은 빔 사벨로, 이것을 사용할 때에는 유사 태양로를 등 중앙에서 어깨 위치로 이동시킬 필요가 있다. 다리의 서브 드러스터는 디펜스 로드로서의 성능도 가지고 있다.', '만능', 'off', 'off', 'off', 'off'),
(24001, 847, '제타 플러스 (C1형)', 'B', '-', 'ba', 3, '빔 사벨', 32, '빔 캐논', 43, '빔 스마트 건 (저격)', 42, '빔 스마트 건', 0, 'Empty', 0, 'Empty', '정밀 저격', '방어력 업', '난무형 필살기', 12.3, 12.9, 15.3, 18.6, 14.4, 15.6, '연방군의 공격용 양산형 가변 MS. 카라바의 대기권내 전용기 <제타 플러스 (A1형)>을 우주용으로 재설계한 기체이다. 공간 전투용의 장비를 추가함과 동시에 4기의 드러스터를 내장한 백팩을 등에 장비해 추진력을 강화하고 있으며, 무장면에서는 서브 유닛 내부에 장거리 사격용의 빔 스마트 건을 장비하여 화력을 강화하고 있다. 가변 MS치고서는 생산성이 우수하였기에 소수 기체가 양산되었다. [페즌의 반란]시 토벌부대에 2기가 배치되어 주력MS 중의 하나로서 활약하였다.', '만능', 'on', 'off', 'off', 'on'),
(14016, 854, '하만전용 가자C', 'B', 'R', 'chi', 3, '빔 사벨', 32, '너클 버스터', 0, '무기 없음', 32, '빔 건', 42, '너클 버스터', 0, 'Empty', '돌격지휘', '뉴타입 각성 (B랭크)', '난무형 필살기', 12.9, 15.3, 15.3, 19.2, 16.8, 15.6, '엑시즈의 양산형 가변 MS. 본 기체는 하만 칸의 전용기로서, 통상의 가자C와는 다른 컬러로 칠해져 있다. 무버블 프레임을 채용하지 않고 각 블록의 이동으로 변형하기 때문에 생산성이 매우 높다. 하지만 그 반면 MS형태에서는 성능이 낮은 편이기 때문에, 접근전 이외에는 대부분 MA형태로 운용되고 있다. 하만 칸 전용기의 성능은 통상기와 큰 차는 없는 것으로 생각되나, 전장에서 본 기체를 목격한 사례가 거의 없는 것으로 보면 전투 능력은 미지수라 할 수 있다.', '만능', 'on', 'off', 'off', 'off'),
(22069, 476, '더블오 라이저', 'S', 'S', 'muk', 3, 'GN 소드II (빔 사벨)', 32, 'GN 소드II (라이플 모드)', 36, 'GN 마이크로 미사일', 4, 'GN 소드III (소드 모드)', 32, 'GN 소드III (라이플 모드)', 3, 'GN 소드III (빔 사벨)', '트윈 드라이브 시스템', '순수종 이노베이터', '전탄 발사형 필살기', 15.9, 19.8, 18.3, 25.8, 18.3, 21.6, '솔레스털 빙의 건담 중 하나인 <더블오 건담>은 2기의 태양로를 사용한 트윈 드라이브 시스템을 탑재하고 있다. 하지만 시스템이 불안정하여 지원기인 <오라이저>와 합체함으로써 트윈 드라이브를 안정시켜, 한층 더 강력한 트랜스암을 발동하는 것이 가능하게 되었다. 본 기체에 의한 트랜스암은 설계 데이터로부터 예측된 입자량을 대폭 넘어서는 입자 생산 능력을 가진다. 더욱이 기체의 양자화나 기체를 중심으로 뇌양자파의 전이가 가능하여 양자공간을 여는 등, 병기를 초월한 성능을 품고 있다.', '만능', 'on', 'off', 'off', 'off');
INSERT INTO `unit` (`UnitID`, `UnitNo`, `Model`, `RankPrefix`, `RankSuffix`, `Property`, `Weapon1No`, `Weapon1Name`, `Weapon2No`, `Weapon2Name`, `Weapon3No`, `Weapon3Name`, `Weapon4No`, `Weapon4Name`, `Weapon5No`, `Weapon5Name`, `Weapon6No`, `Weapon6Name`, `Skill1Name`, `Skill2Name`, `Skill3Name`, `UnitStat1`, `UnitStat2`, `UnitStat3`, `UnitStat4`, `UnitStat5`, `UnitStat6`, `Comment`, `Landform`, `Modification`, `Repair`, `Oversize`, `Sniping`) VALUES
(10018, 3, '건담 시작 3호기 스테이멘', 'A', '-', 'chi', 3, '빔 사벨', 32, '빔 라이플', 34, '폴딩 바주카', 0, 'Empty', 0, 'Empty', 0, 'Empty', '기동성 업', '리로드 업', '전탄 발사형 필살기', 14.4, 18.3, 15.3, 22.2, 15.3, 16.5, '연방군의 우주용 시작형 MS. 연방군의 차기 주력 MS 개발 플랜 「건담 개발 계획」에서 개발된 시작형 건담 중 하나로, 건담 시작 3호기의 코어 유닛인 MS이다. 건담 시작 3호기의 화기관제를 담당하기 위해 팔 부분은 크로 형태의 폴딩 암으로 되어있으며, 전용 실드와 바주카도 접이식을 사용하고 있다. 단독 우주용 MS로서의 성능도 우수하며, 특히 허리 부분의 테일 바인더에 의해 극히 양호한 운동성을 발휘한다. 애칭은「스테이멘(STAMEN)」.', '우주', 'off', 'off', 'off', 'off'),
(10033, 149, '파워드 짐', 'C', '-', 'muk', 3, '빔 사벨', 33, '90mm 머신건', 34, '하이퍼 바주카', 0, 'Empty', 0, 'Empty', 0, 'Empty', '기동성 업', '확장 부스터', '난무형 필살기', 9.9, 12.3, 12.3, 14.7, 10.8, 15.6, '연방군의 양산형 커스텀 MS.「건담 개발계획」과 관련해서 개발된 시작기의 하나로, 짐改의 개수기다. 짐 계열의 성능 한계 조사가 목적인 테스트 기체인 관계로, 정식 형식번호는 없다. 주로 기동성/운동성을 강화하였고, 등부분에 파워팩 장착, 다리부분에는 신형 쇼크 앱소버 장비했다. 트링턴 기지에 배치, 운용시험을 반복했지만, 데라즈 플리트에 의한 「건담 강탈사건」때 격파되고 만다. 그러나 본 기체의 테스트에서 얻은 중력하전투 데이터는, 건담 시작 1호기의 조정에 중요하게 사용되었다.\r\n', '지상', 'off', 'off', 'off', 'off'),
(10036, 142, '건담 시작 1호기 풀버니언', 'B', 'S', 'chi', 3, '빔 사벨', 32, '빔 라이플', 22, '발칸포', 0, 'Empty', 0, 'Empty', 0, 'Empty', '확장 부스터', '고성능OS (B랭크)', '난무형 필살기', 12.9, 15.3, 15.3, 22.2, 15.3, 15.6, '연방군의 범용 시작형 MS. 연방군의 차기 주력 MS개발 플랜인「건담 개발 계획」의 시작형 건담 중 하나로, 아나하임사가 개발을 담당하였다. ''범용 인간형 병기로서의 성능을 극한까지 끌어내는 것''을 컨셉으로 하여, 각종 파츠를 바꿔 장착하는 것으로 어느 전장에도 대응 할 수 있도록 설계되어 있다. 데이터 회수와 범용성 향상을 위해 개량형 코어 블록 시스템을 채용하였는데, 특히 백팩의 추진 로켓을 통해 180˚ 회전을 0.8초만에 할 수 있다는 것이 풀버니언의 가장 큰 특징이다.', '우주', 'off', 'off', 'off', 'off'),
(10086, 833, '헤비건', 'C', '-', 'muk', 3, '빔 사벨', 32, '빔 라이플', 22, '발칸포', 0, 'Empty', 0, 'Empty', 0, 'Empty', '공격력 업', '방어력 업', '난무형 필살기', 9.3, 12.3, 12.3, 13.5, 10.8, 15.6, '연방군의 범용 양산형 MS. 연방군의 소형 모빌슈트 개발 계획에 따라 개발된 기체이다. 아나하임사가 제간을 베이스로 하여 개발한 것으로, 연방군 최초의 소형 양산 MS로 기록되었다. 제네레이터는 제간과 동일한 출력의 것을 탑재했으며, 무장도 종래의 MS와 차이가 없는 등, 소형 MS로서는 지극히 평범한 성능밖에 가지지 않았다. 하지만 종합적인 평가는 제간보다 높았기 때문에, 보다 고성능의 소형 MS가 개발될 때까지 양산되었으며, 일부는 U.C.0150년에 이르기까지 사용되었다.', '만능', 'off', 'off', 'off', 'off'),
(10087, 852, '건담 시작 3호기 (폴딩 바주카)', 'S', 'R', 'ba', 42, '메가 빔포', 34, '폴딩 바주카', 36, '마이크로 미사일 콘테이너', 3, '빔 사벨', 34, '폴딩 바주카', 32, '빔 라이플', '기동성 업', '코우의 집념', '전탄 발사형 필살기', 16.8, 24.3, 18.3, 22.8, 21.3, 12.6, '연방군의 우주용 공격형 기동병기. 연방군의 [건담개발 계획]과 관련하여 개발된 기체로 MS [스테이멘]과 암드베이스 [오키스]로 구성, [MS의 범용성과 MA의 공격력을 겸비한 기동병기]라는 컨셉에 의해 개발되었다. 무장은 메가 빔 포, 폴딩 바주카, 마이크로 미사일 등 다양하며, 더욱이 I 필드 발생 장치까지도 장비하고 있다. 높은 기동성을 지니며, 전투 능력은 MS 1 개 대대에게 필적한다. 본 기체는 [오키스]에서 [스테이멘]을 분리하여 [스테이멘] 상태로 플레이가 가능하다.', '우주', 'on', 'off', 'on', 'on'),
(11041, 140, '발 바로', 'A', '-', 'ba', 1, '플랙서블 크로암', 32, '대공 빔 건', 42, '대형 메가입자포', 0, 'Empty', 0, 'Empty', 0, 'Empty', '노련한 스나이퍼', '철벽수비 (A랭크)', '맵 병기형 필살기', 19.8, 18.3, 15.3, 22.8, 15.3, 8.4, '지온 공국군의 우주용 시작형 MA. 계통적으로는 비그로의 개량기지만, 지온군 MA의 집대성에 해당하는 기체다. 대함 공격을 중시했던 비그로에 대해 대 MS전투도 대비되어 있는 것이 특징이며, 종합 전투 능력이 상당히 높다. 대형 메가입자포나 클로 등 통상 병기 외에, 대 MS용 전파병기「플라즈마 리더」까지 장비하는 충실한 무장을 자랑한다. 개발이 종전 직전이었기 때문에 롤 아웃된 기체는 수 기에 그쳤다. 데라즈 분쟁 당시, 건담 시작 1호기 풀버니언과 교전 끝에 격파된다.', '우주', 'off', 'off', 'on', 'on'),
(11069, 851, '노이에 질 (미사일 런처)', 'S', 'R', 'ba', 3, '빔 사벨 (서브 암)', 42, '메가 카논포', 36, '미사일 런처', 3, '빔 사벨 (메인 암)', 42, '메가입자포', 12, '유선 크로암', 'I필드', '지온의 혼', '전탄 발사형 필살기', 19.8, 27.3, 18.3, 21.9, 21.3, 11.4, '액시즈의 우주용 공격형 시작 MA. 우주 공간에 걸친 제압전투를 목적으로 개발된 MA로 구 지온군에서 계획단계에 있던 기체를 액시즈가 완성시킨 것이다. 우주 공간에서의 기동성은 0083 년 당시 최고 수준에 달한다. 다수의 메가입자포와 접근전용 빔 사벨도 장비하고 있으며, I필드 발생장치 장비로 빔 병기에 의한 공격을 받지 않는다. 본 기체는 반자동 컨트롤의 유선 크로암을 사용하여 상대를 끌어오는 전술이 가능하며, 호밍 기능을 지닌 미사일 런처를 무장으로 사용하고 있다.', '우주', 'on', 'off', 'on', 'off'),
(16049, 829, '딘 (라우 루 크루제 탑승기)', 'B', 'S', 'chi', 1, '격투', 35, '90mm 대공산탄총', 36, '6연장 다목적 런처', 0, 'Empty', 0, 'Empty', 0, 'Empty', '크루제의 증오', '방어지휘', '전탄 발사형 필살기', 12.9, 15.9, 12.3, 21.3, 16.2, 15.6, '자프트군의 대기권내 전용 MS. 공중전용으로 개발된 기체로 등의 날개를 펼치고, 페이스 가드가 머리를 뒤덮는 형태로 비행하는 것이 특징이다. 또 양 허리에 있는 총의 래치에도 부스터를 내장하여 높은 비행능력을 갖추고 있다. 대기권내의 비행을 가능하게 하기 위해 기체 중량은 극한까지 낮추어 이 시대 MS 중에서는 가장 가볍다. 본 기체는 지휘관용 타입으로 일반기와 구분하기 위해서 흰색 계통으로 컬러링 되어 있으며, 파일럿은 라우 루 크루제다.', '만능', 'off', 'off', 'off', 'off'),
(22071, 465, '가랏조 (힐링기)', 'A', 'R', 'muk', 3, 'GN 빔 사벨', 32, 'GN 발칸', 3, 'GN 빔 사벨 (돌격)', 0, 'Empty', 0, 'Empty', 0, 'Empty', '방어력 업', '노련한 인파이터', '난무형 필살기', 14.4, 16.8, 18.3, 23.7, 19.8, 19.5, '이노베이터[이노베이드] 전용기인 GNZ시리즈 기체 중 하나. 이 시리즈의 기체는 리본즈가 장악한 베다를 사용하여 솔레스털 빙의 건담의 데이터를 기초로 제작되었다. 사용된 데이터에는 솔레스털 빙에서는 채용되지 않았던 제2세대 건담인 플루토네의 탈출용 코어 파이터 시스템도 있다. 본 기체는 근접 전투에 특화된 기체로서 메인 무장은 손가락에서 방출되는 빔 사벨이다. 본 기체는 이노베이터인 힐링 케어 탑승기이다.', '만능', 'off', 'off', 'off', 'off'),
(22072, 463, '가뎃사 (리바이브기)', 'A', '-', 'ba', 3, 'GN 빔 사벨', 32, 'GN 발칸', 42, 'GN 메가 런처', 0, 'Empty', 0, 'Empty', 0, 'Empty', '노련한 스나이퍼', '리로드 업', '전탄 발사형 필살기', 13.5, 16.2, 15.3, 23.7, 16.8, 14.4, '이노베이터[이노베이드] 전용기인 GNZ 시리즈 기체 중 하나. 탑재되어 있는 유사 태양로도 대폭 개량되어, 오리지널 태양로에 육박하는 성능을 가진다. 페이스 부분의 장갑 안쪽에는 건담 페이스가 존재하며, 보다 개량되어 트윈 아이에 라인 센서가 머리 부분에 추가되었다. 본 기체는 포격전용의 기체로서, 설계에는 바체의 데이터가 이용되었다. 메인 무장인 GN메가런처는 GN바주카를 발전시킨 무장이다. 입자 소비가 큰 대형포를 사용하기 위해 어깨에는 대형 GN콘덴서를 내장하고 있다.', '만능', 'off', 'off', 'off', 'on'),
(22073, 853, '리본즈 건담', 'S', '-', 'ba', 3, '대형 GN 빔 사벨', 32, 'GN 버스터 라이플', 25, '대형 GN 핀 팡', 42, '대형 GN 핀 팡', 36, '소형 GN 핀 팡', 0, 'Empty', '트윈 드라이브 시스템 (유사 태', '리본즈의 획책', '난무형 필살기', 15.3, 17.7, 21.3, 24.6, 20.7, 25.8, '베다에 축적된 모빌슈츠 기술을 사용하여 만들어진 기체. 상당히 빠른 단계에서 기초 설계가 완성되어 원래는 건담 모드를 주력기로, 캐논 모드는 지원기용의 별개의 기체로 설계되었으나, 동료에 의지하지 않는 리본즈가 홀로 싸우기 위해 양쪽의 기능을 하나의 기체로 집약하여 현재의 형태가 되었다. 아뉴가 훔쳐낸 트윈 드라이브 시스템을 삽입하여 완성, 오리지널 태양로가 아닌 유사 태양로를 탑재하고 있는 점이 단점이지만 실제로는 기술 혁신에 의해 태양로의 성능차는 거의 해소되어 있었다.', '만능', 'on', 'off', 'off', 'off'),
(10089, 834, '헤비건 (4연 그레네이드 랙)', 'C', 'R', 'chi', 3, '빔 사벨', 32, '빔 라이플', 36, '4연 그레네이드 랙', 0, 'Empty', 0, 'Empty', 0, 'Empty', '리로드 업', '저력발동', '전탄 발사형 필살기', 10.8, 12.3, 9.3, 13.5, 12.3, 13.5, '연방군의 범용 양산형 MS. 연방군의 소형 모빌슈트 개발 계획에 따라 개발된 기체이다. 아나하임사가 제간을 베이스로 하여 개발한 것으로, 연방군 최초의 소형 양산 MS로 기록되었다. 제네레이터는 제간과 동일한 출력의 것을 탑재했으며, 무장도 종래의 MS와 차이가 없는 등, 소형 MS로서는 지극히 평범한 성능밖에 가지지 않았다. 하지만 종합적인 평가는 제간보다 높았고, U.C.0150년에 이르기까지 사용되었다. 본 기체는 [4연 그레네이드 랙]을 무장으로 사용하고 있다.', '만능', 'off', 'off', 'off', 'off'),
(10090, 835, 'G 캐논', 'C', '-', 'ba', 3, '빔 사벨', 32, '더블 빔 건', 22, '4연 머신 캐논', 0, 'Empty', 0, 'Empty', 0, 'Empty', '기동성 업', '필살기 각성', '전탄 발사형 필살기', 9.3, 12.3, 9.3, 12, 9.3, 9.3, '연방군의 공격형 양산 MS. 연방군의 소형 MS 개발 계획에 따라 개발된 중거리 지원용 MS. 사나리가 설계하고 아나하임사가 제조한 기체로 건담 F90S의 양산타입 [캐논 건담]을 베이스로 하고 있다. 지원 MS로서 필요 없는 기능을 철저하게 배제했기 때문에 생산성이 향상되었을 뿐만 아니라 MS자체의 성능도 향상되었다. 콜로니 내의 치안 활동을 주목적으로 개발했기 때문에, 주무장은 머신 캐논으로 되어 있다. 또, 어깨 부분의 머신 캐논을 제외하고 기동성을 높인 타입도 존재한다.', '만능', 'off', 'off', 'off', 'off'),
(15039, 354, '아카츠키 건담 (시라누이)', 'S', '-', 'ba', 3, '73J2식 시작형 트윈 빔 사벨', 32, '72D5식 햐쿠라이 빔 라이플', 25, 'M531R 유도 기동 빔 포대 시스템', 0, 'Empty', 0, 'Empty', 0, 'Empty', '엔듀미온의 매', '야타노카가미 시스템', '전탄 발사형 필살기', 14.4, 19.8, 18.3, 27.6, 18.3, 18, '오브연합수장국의 본국방위MS. 우즈미 나라 아스하가 설계하여 카가리에 맡겨진 이 기체는 싸움을 끝내기 위해 우주에 날아오른 네오 로아노크에게 인도되었다. 그 즈음에 교체된 시라누이 팩은 3연장 빔포를 장비한 빔포탑 7기로 구성되어 있으며, 드래군 시스템에 의한 분리, 원격 조작이 가능한 공간전투용의 장비이다. 또한 이 드래군 시스템의 용도는 공격뿐만 아니라 배리어 필드로도 사용이 가능하다. 원래부터 공간인식 적성이 있었던 네오는 능숙하게 이 시스템을 사용하여 많은 전과를 올렸다.', '만능', 'off', 'off', 'off', 'off'),
(15056, 858, '에일 스트라이크 (무우 라 프라가 탑승기)', 'A', 'S', 'chi', 3, '빔 사벨', 32, '고에너지 빔 라이플', 34, '바주카', 0, 'Empty', 0, 'Empty', 0, 'Empty', '엔듀미온의 매', '페이즈 시프트 장갑', '전탄 발사형 필살기', 14.4, 18.3, 15.3, 22.8, 18.3, 17.4, '지구연합군의 장비 전환형 만능MS. 스트라이크 건담에 에일 스트라이커 팩을 장비한 형태로, 중거리에서 고속전투를 중시한 컨셉으로 제작되었기 때문에 기동성과 운동성에 뛰어나다. 장비 운용면에서 사용하기 쉬워서, 극중에서는 이 에일 스트라이커 팩을 장비하고 출격하는 경우가 많았다. ３타입의 스트라이커 팩 중에 유일하게 내장식 빔 사벨을 장비하고 있는 형태가 바로 에일 스트라이크이다. 본 기체는 [엔듀미온의 매]라는 별명을 가진 지구연합군의 에이스 파일럿 무우 라 프라가의 탑승기이다.', '만능', 'off', 'off', 'off', 'off'),
(15057, 802, '무라사메', 'C', '-', 'chi', 3, '70J식改 빔 사벨', 32, '72식改 빔 라이플', 22, 'M2M5D 12.5mm 자동근접방어화', 0, 'Empty', 0, 'Empty', 0, 'Empty', '기동성 업', '방어력 업', '난무형 필살기', 9.9, 10.8, 12.3, 12.3, 10.8, 12.6, '오브연합수장국의 양산형 가변MS. M1어스트레이의 뒤를 이은, 오브의 차기 주력MS로서 개발된 이 기체는 양산기이지만 비행 형태로 변형이 가능하기 때문에 연합군이나 자프트군의 양산형MS처럼 교체 시스템이 없는 대신에 기동성과 운동성은 그들을 상회하는 성능을 가졌다. 72식 개량형 빔 라이플은 [이카즈치], 66A식 공대공 미사일은 [하야테]로 불린다. 무라사메는 각 군의 양산기 중에서도 특히 고성능으로, 비록 3기가 상대하긴 했지만, 카오스 건담을 격파하는 전과를 올리기도 했다.', '만능', 'off', 'off', 'off', 'off'),
(16050, 808, '어비스 건담', 'A', '-', 'chi', 3, 'MX-RQB516 빔 랜스', 32, 'M68 연장포', 32, 'MA-X223E 3연장 빔포', 42, 'M107[바라에나改] 2연속 빔포', 0, 'Empty', 0, 'Empty', '기동성 업', '페이즈 시프트 장갑', '난무형 필살기', 14.1, 16.8, 18.3, 19.5, 18.3, 15, '자프트군의 수중 대응형 가변 시작 MS. 자프트군 세컨드 스테이지 MS시리즈의 1기로서, 수중전용 MA 변형 기구를 탑재하여 여러 가지 전투 상황에 대응할 수 있는 무장을 가진 기체이다. 하지만 지구군 특수 부대의 기습에 의해 정식 배치 직전에 강탈되고 만다. 가슴 부분에 있는 [카리두스 복상 빔포]는 강력한 고출력 빔 병기이며, [빔 랜스]는 실체 창날과 빔 창날을 동시에 가지고 있어, 지상과 우주는 물론이고 빔의 사용이 제한되는 수중에서도 그 힘을 충분히 발휘할 수 있다.', '수중', 'on', 'off', 'off', 'off'),
(16052, 472, '케르베로스 바쿠 하운드', 'B', '-', 'muk', 1, '격투', 32, '위자드 내장 빔포', 1, '격투 콤보', 0, 'Empty', 0, 'Empty', 0, 'Empty', '기동성 업', '방어력 업', '난무형 필살기', 11.4, 13.8, 15.3, 18.6, 13.8, 17.4, '3개의 머리가 특징인, 자프트의 4족 MS. 종래형의 바쿠에 비해 보다 근접 기동 전투에서의 공격력이 강화되어 있다. 등의 터렛 시스템에 장착된 장치는 위저드 규격으로, 자쿠 시리즈 등의 자프트제 2족형 기체와의 장비 공통화를 이루고 있다. 헤드 유닛에서 아가미로 보이는 부분은 메인 센서이며, 이를 내장한 리트럭터블 가드에는 2개의 머리에 맞추어 격투전에 위력을 발휘할 수 있는 빔 팡 시스템이 탑재되어 있다. 또한 위저드의 헤드 유닛에는 각각 1기의 빔 포가 내장되어 있다.', '지상', 'off', 'off', 'off', 'off'),
(17066, 417, '볼트 건담 슈퍼모드', 'A', 'S', 'muk', 1, '격투', 1, '그라비톤 해머', 1, '그라비톤 해머', 1, '격투', 22, '발칸포', 1, '그라비톤 해머', '철벽수비 (A랭크)', '슈퍼 모드', '난무형 필살기', 14.4, 17.4, 18.3, 21.9, 19.2, 18.3, '네오 러시아의 대표 MF. 제13회 건담파이트 용으로 개발된 MF로서 파워와 장갑의 성능이 뛰어난 기체이다. 강대한 출력을 활용한 파워 전투가 특기이며, 왼쪽 어깨에 장비된 그라비톤 햄머는 통상의 MF를 단 1격에 분쇄할 수 있는 파괴력을 갖고 있다. 또 백팩은 분리가능하며, 소형 호버카 [코어랜더]로의 변형기구를 갖는다. 대회 굴지의 강호기로서 [슈퍼모드] 스킬 발동 시, 더욱 강력한 전투 능력을 자랑한다.', '만능', 'on', 'off', 'off', 'off');

-- --------------------------------------------------------

--
-- 테이블 구조 `userrank`
--

DROP TABLE IF EXISTS `userrank`;
CREATE TABLE IF NOT EXISTS `userrank` (
  `No` int(11) DEFAULT NULL,
  `UserRank` varchar(6) DEFAULT NULL,
  `NeedExp` int(11) DEFAULT NULL,
  `Condition` text
) ENGINE=MyISAM DEFAULT CHARSET=utf8;

--
-- 테이블의 덤프 데이터 `userrank`
--

INSERT INTO `userrank` (`No`, `UserRank`, `NeedExp`, `Condition`) VALUES
(0, '훈련병', 0, NULL),
(1, '이등병', 400, NULL),
(2, '일병', 1000, NULL),
(3, '상병', 3000, NULL),
(4, '병장', 10200, NULL),
(5, '하사', 25700, NULL),
(6, '중사', 48600, NULL),
(7, '상사', 74900, NULL),
(8, '원사', 103400, NULL),
(9, '준위', 139000, '원사이상 중 개인종합 상위 50%'),
(10, '소위', 186600, '원사이상 중 개인종합 상위 30%'),
(11, '중위', 246000, '원사이상 중 개인종합 상위 15%'),
(12, '대위', 317200, '원사이상 중 개인종합 상위 5%'),
(13, '소령', 475800, '원사이상 중 개인종합 상위 3%'),
(14, '중령', 713700, '원사이상 중 개인종합 상위 2%'),
(15, '대령', 1070600, '원사이상 중 개인종합 상위 1%'),
(16, '준장', 1605900, '개인종합 501~1000위'),
(17, '소장', 2408900, '개인종합 101~500위'),
(18, '중장', 3613400, '개인종합 11~100위'),
(19, '대장', 5420100, '개인종합 2~10위'),
(20, '원수', 8130200, '개인종합 1위'),
(21, 'GM', NULL, NULL);

-- --------------------------------------------------------

--
-- 테이블 구조 `weapon`
--

DROP TABLE IF EXISTS `weapon`;
CREATE TABLE IF NOT EXISTS `weapon` (
  `Name` varchar(20) DEFAULT NULL,
  `No` int(11) DEFAULT NULL
) ENGINE=MyISAM DEFAULT CHARSET=utf8;

--
-- 테이블의 덤프 데이터 `weapon`
--

INSERT INTO `weapon` (`Name`, `No`) VALUES
('빔 사벨', 3),
('빔 라이플', 32),
('발칸포', 22),
('Empty', 0),
('격투', 1),
('2연장 빔건', 32),
('캐논포', 41),
('빔 스프레이건', 31),
('100mm 머신건', 33),
('180mm 캐논포', 41),
('빔 건', 31),
('저격용 빔 라이플', 43),
('트윈 바주카', 34),
('240mm 캐논포', 41),
('4연장 팝 미사일', 36),
('120mm 저반동 캐논포', 41),
('미사일 런처', 36),
('머신건', 33),
('90mm 개틀링건', 22),
('하이퍼 바주카', 34),
('흉부 미사일', 36),
('빔 사벨 2도류', 3),
('2연장 핸드 빔건', 32),
('숄더 360mm 로켓포', 41),
('크로', 1),
('120mm 저반동 캐논포 (小)', 34),
('120mm 저반동 캐논포 (大)', 41),
('더블 폴딩 바주카', 34),
('90mm 머신건', 33),
('저격 라이플', 43),
('하이퍼 해머 회전 공격', 1),
('하이퍼 해머', 1),
('대형 빔 사벨', 3),
('메가 빔포', 42),
('대형 집속 미사일', 36),
('마이크로 미사일 콘테이너', 36),
('바주카', 34),
('스프레이 미사일 런처', 36),
('180mm 캐논', 41),
('120mm 저반동 캐논포', 34),
('수리장비', 23),
('짐 라이플', 32),
('빔 캐논', 41),
('짐 라이플', 33),
('앵커 공격', 1),
('쉴드 공격', 1),
('야츠데 빔 사벨', 3),
('빔 피스톨', 32),
('빔 스마트 건', 42),
('오버행 캐논', 42),
('흉부 메가 머신 캐논', 22),
('베스바', 42),
('빔 사벨 (2도류)', 3),
('빔 런처', 34),
('저격용 빔 라이플 (저출력)', 32),
('저격용 빔 라이플 (고출력)', 43),
('마이크로 미사일 포드', 36),
('스프레이 빔 포드', 21),
('메가 빔 캐논', 42),
('메가 빔 라이플', 42),
('메가 빔 쉴드', 23),
('빔 라이플 (연사)', 32),
('슈퍼 네이팜', 23),
('빔 바주카', 34),
('MLRS', 36),
('빔 쟈벨린', 3),
('격투 콤보', 1),
('빔 매그넘', 42),
('하이퍼 바주카', 35),
('3연장 미사일 포드', 36),
('100mm 머신건', 32),
('빔 런쳐', 34),
('그레네이드 런처', 36),
('빔 캐논', 42),
('히트호크', 2),
('자쿠 머신건', 33),
('크래커', 23),
('대형 메가입자포', 41),
('에너지 펄스', 21),
('히트 사벨', 3),
('자이언트 바즈', 34),
('흉부 확산 빔', 21),
('MMP-80 머신건', 33),
('슈츠룸 파우스트', 36),
('다리 크로', 1),
('대공 메가입자포', 32),
('대형 메가입자포', 42),
('빔 나기나타', 4),
('빔 라이플 (저출력)', 32),
('빔 라이플 (고출력)', 43),
('팔 메가입자포', 32),
('240mm 로케트탄', 36),
('로케트탄 런처', 36),
('샷건', 35),
('체인 마인', 1),
('히트 소드', 3),
('5연장 핑거 발칸포', 22),
('히트 로드', 11),
('히트 호크', 2),
('자쿠 바주카', 34),
('3연장 개틀링포', 22),
('개틀링 실드', 22),
('빔 스팟건', 21),
('대형 빔 머신건', 43),
('아이언 네일', 1),
('암 빔 캐논포', 32),
('아이언 네일 회전공격', 1),
('다연장 미사일 런처', 36),
('680mm 캐논포', 41),
('히트 사벨 2도류', 3),
('연장 미사일 포드', 36),
('허리 메가입자포', 41),
('팔 5연장 메가입자포', 25),
('두부 메가입자포', 42),
('두부 메가입자포', 32),
('유선 크로암', 1),
('유선 크로암', 25),
('편향 메가 입자포', 32),
('메가 캐논', 42),
('니들미사일', 36),
('하이드 봄', 36),
('미사일 포드', 36),
('마젤라 탑포', 41),
('라케텐 바즈', 34),
('빔 머신건', 33),
('빔 나기나타 찌르기', 3),
('스파이크 실드', 1),
('넉클 실드', 1),
('확산 빔 포', 21),
('메가입자포', 42),
('비트', 25),
('110mm 기관포', 22),
('플랙서블 크로암', 1),
('대공 빔 건', 32),
('3연 미사일 런처', 36),
('킥', 1),
('그레네이드 런처', 34),
('히트 호크', 3),
('마인', 36),
('자이언트 바주카', 34),
('대형 히트 호크', 2),
('빔 라이플', 43),
('개틀링 실드', 33),
('빅 건', 36),
('빔 호크', 2),
('빔 머신건', 32),
('슈츠룸 파우스트', 34),
('빔 라이플 (고출력)', 32),
('무기 없음', 0),
('로켓 바주카', 34),
('롱 빔 사벨', 3),
('하이퍼 메가런처', 42),
('크레이 바주카', 34),
('토리모찌', 23),
('더블 빔 피스톨', 32),
('하이퍼 바주카 산탄', 35),
('롱 라이플', 43),
('더블 암 빔 건', 32),
('크레이 바주카 산탄', 35),
('하이퍼 빔 사벨', 3),
('더블 빔 라이플', 32),
('더블 발칸', 22),
('스프레이 미사일', 36),
('하이 메가 캐논', 42),
('더블 빔 라이플 (최대출력)', 41),
('소형 메가 빔포', 23),
('빔포', 21),
('확산 메가입자포', 21),
('자쿠 머신건 개량형', 33),
('저격용 빔 런처 (저출력)', 32),
('저격용 빔 런처 (고출력)', 43),
('대형 빔 라이플 (저출력)', 32),
('대형 빔 라이플 (고출력)', 43),
('더블 빔 건', 32),
('바다뱀', 11),
('빔 소드 2도류', 3),
('실드 미사일', 36),
('빔 소드 4도류', 3),
('빔 소드 찌르기', 3),
('페다인 라이플 (저출력)', 32),
('페다인 라이플 (고출력)', 43),
('어깨 메가입자포', 42),
('2연장 빔 건', 32),
('대형 미사일', 36),
('빔 토마호크', 2),
('메가입자포', 32),
('히트 랜스', 4),
('빔 건', 32),
('너클 버스터', 42),
('메가입자포 내장 실드', 42),
('착검형 빔 라이플', 32),
('빔 사벨 회전베기', 1),
('핸드 런처', 32),
('판넬', 25),
('복부 빔포', 32),
('미사일 포', 36),
('연장 메가입자포 내장 실드', 42),
('유선제어식 빔포', 25),
('연장 미사일 런처', 36),
('허리 빔 포', 42),
('구문 빔포', 32),
('액티브 캐논', 41),
('아머 슈나이더', 3),
('120mm 대함 발칸포', 22),
('아그니', 41),
('거베라 스트레이트', 4),
('아머 슈나이더', 1),
('고에너지 빔 라이플', 32),
('이겔슈테른', 22),
('케투스', 34),
('숄더 캐논', 41),
('택티컬 암즈 (개틀링)', 22),
('택티컬 암즈 (참함도)', 4),
('다트 총검', 1),
('토리케로스 개량형', 32),
('랜서 다트', 23),
('슈베르트 게벨', 4),
('마이다스 멧사', 13),
('판자 아이젠', 12),
('케퍼 츠바이', 32),
('토데스브록', 34),
('슈라크', 42),
('라케르타 빔 사벨 2도류', 3),
('밧셀', 24),
('루프스 빔 라이플', 32),
('케르프스 회전 기관포', 22),
('크시피어스 레일포', 34),
('붉은일격', 1),
('묘르닐', 1),
('52mm 초고초속방패포', 34),
('묘르닐 회전 공격', 1),
('복합병장방패 시스템', 3),
('프리스티스', 25),
('드래군 시스템', 25),
('유선식 건배럴', 25),
('니즈헤그', 4),
('115mm 기관포 암 포이어', 33),
('88mm 레일건 에크잔', 34),
('9.1m 대함도 2도류', 4),
('컴바인드 쉴드', 22),
('그랜드 슬램', 4),
('빔 부메랑', 13),
('트윈 소드 라이플', 32),
('트윈 소드 라이플', 3),
('73J2식 시작형 트윈 빔 사벨', 3),
('72D5식 햐쿠라이 빔 라이플', 32),
('73F식 개량형 고에너지 빔 포', 42),
('로엔그린 런처', 42),
('토츠카노츠루기', 1),
('캘리더스 다상 빔 포', 42),
('고에너지 빔 라이플', 42),
('슈퍼 드래군 기동무장 윙', 25),
('슈페르 라케르타 빔 사벨', 3),
('고에너지 빔 라이플(2연사)', 32),
('크시피아스3 레일 포', 34),
('하이퍼 포르티스 빔 포', 42),
('슈페르 라케르타 빔 사벨(2도류)', 3),
('샤이닝 엣지 빔 부메랑', 13),
('그리폰 빔 블레이드', 3),
('슈베르트 게벨 (2도류)', 4),
('마이다스 멧사 (2연사)', 13),
('택티컬 암즈II (에로우 모드)', 32),
('택티컬 암즈II (소드 모드)', 4),
('리트랙터블 빔 건 (2연사)', 32),
('스콜피언 기동 레일건', 41),
('복합 바요네트 장비형 빔 라이플', 4),
('350mm 건런처', 34),
('고 에너지 빔 포', 42),
('프라가라흐 3 빔 블레이드', 4),
('빔 라이플 쇼티 (2연사)', 32),
('앵커 런쳐', 11),
('택티컬 암즈II (소드 암)', 4),
('택티컬 암즈II (개틀링 폼)', 32),
('택티컬 암즈II (소드 폼)', 4),
('2연장 빔 사벨', 3),
('2연장 빔 캐논', 32),
('박치기', 1),
('중참도', 3),
('76mm 중돌격기총', 33),
('바루루스 개량형', 42),
('28mm 발칸 내장 방패', 22),
('중참도 총검', 3),
('시제 27mm 기갑돌격총', 33),
('레이저 중참도', 4),
('시제지행성 열에너지포x1', 32),
('시제지행성 열에너지포x2', 42),
('2연장 빔 크로', 1),
('익스텐셔널 알레스터', 11),
('고에너지 빔 라이플 (저)', 32),
('고에너지 빔 라이플 (고)', 43),
('스퀼라', 42),
('시바', 41),
('고에너지 집속화선 라이플', 32),
('장거리 저격 라이플', 43),
('그레이프닐', 3),
('숏바렐 중돌격기총', 33),
('연장 캐논', 41),
('파르듀스', 36),
('대장갑 산탄포', 35),
('400mm 13연장미사일포드', 36),
('90mm 대공산탄총', 35),
('2연장 레일건', 41),
('2연장 레일건 (동시 발사)', 41),
('포논 메자포', 32),
('연장어뢰발사관', 36),
('복합병장방패시스템', 3),
('유키디움 빔 라이플', 32),
('바즈라 빔 사벨', 3),
('20mm CIWS', 22),
('암 폴타스 플라즈마 수습 빔포', 42),
('플래쉬 엣지 2 빔 부메랑', 13),
('고에너지 장사정 빔포', 42),
('아론다이트 빔 소드', 4),
('팔마 피오키나 장부 빔포', 1),
('폴딩 레이저 대장갑 나이프', 1),
('디파이언트 빔 재블린', 3),
('델루지 초고초속 레일 포', 34),
('GMF39 4연장 미사일 런처', 36),
('엑스칼리버 레이저 대함도', 4),
('플래시 엣지 빔 부메랑', 13),
('안비데크스트라스 폼', 4),
('고 에너지 빔 라이플 (고출력)', 32),
('고 에너지 빔 라이플', 32),
('디피안트改 빔 쟈벨린', 3),
('드래군 시스템', 32),
('푸르카 2연장 빔포', 42),
('팔코네 SSM 지대지/대함 미사일', 36),
('MA-M8 빔 토마호크', 2),
('MMI-M633 빔 돌격 소총', 32),
('M1500 [오르트로스] 고에너지 장', 42),
('MA-MR [팔크스 G7] 빔 액스', 2),
('MMI-M826 [하이드라] 개틀링 ', 22),
('GM138 [파이어비] 유도 미사일', 36),
('MMI-M826 [하이드라] 개틀링 ', 22),
('케니스', 36),
('풍차날개 회전공격', 1),
('빔캐논', 32),
('풍차날개 부메랑', 13),
('히트 나기나타', 4),
('빔 보우', 32),
('샤이닝 슈트', 32),
('빔 리본', 1),
('빔 훌라후프', 13),
('트라이던트', 1),
('트라이던트 빔', 32),
('빔 네트', 23),
('아미 나이프', 3),
('빔 개틀링', 33),
('개틀링', 22),
('빔 개틀링', 22),
('호밍 미사일', 36),
('빔 사이즈', 4),
('머신 캐논', 33),
('버스터 실드', 13),
('히트 쇼텔', 4),
('크로스 크러셔', 1),
('빔 그레이브', 4),
('드래곤 행', 1),
('화염방사기', 23),
('105mm 머신건', 22),
('도버건', 41),
('더블 개틀링건', 22),
('숄더 미사일', 36),
('체인 라이플', 32),
('머신 캐논', 22),
('갓 슬래쉬 타이푼', 3),
('폭렬 갓 슬래쉬', 3),
('초급패왕전영탄', 1),
('더블 개틀링 건', 22),
('흉부 개틀링 포', 22),
('더블 개틀링 건/흉부 개틀링 포', 22),
('도버건', 34),
('도버건 3연사', 34),
('트윈 빔 트라이던트', 3),
('드래곤 행', 12),
('빔 시저스', 4),
('히트 쇼텔 던지기', 13),
('격투 콤보', 4),
('빔 소드', 3),
('버스터 라이플', 42),
('트윈 버스터 라이플', 42),
('실드 러쉬', 1),
('윙 발칸', 22),
('빔 사벨 찌르기', 3),
('트윈 버스터 라이플 2연사', 32),
('트윈 버스터 라이플 풀차지샷', 42),
('트윈 빔 사이즈', 4),
('빔 캐논', 32),
('더블 빔 개틀링', 22),
('다크니스 샷', 32),
('디스턴트 크래셔', 1),
('사격', 32),
('슈바리엘 사벨', 3),
('로제스 비트', 34),
('로제스 비트', 25),
('기간틱 매그넘', 32),
('사이클론 펀치', 1),
('그라비톤 해머', 1),
('페이롱 플래그', 3),
('드래곤 클로', 23),
('변발도', 4),
('아룡도 & 조룡도', 3),
('검기', 14),
('용제검', 6),
('귀아룡월도', 3),
('귀아백렬격', 6),
('뇌사', 3),
('폭렬대뢰사', 5),
('아익의 대검', 3),
('검기 공격', 14),
('봉익참', 6),
('염골인', 3),
('대홍련참', 5),
('아왕검', 3),
('창황벽', 23),
('사골강검', 3),
('사류교참', 6),
('폭봉기', 1),
('폭봉열우', 37),
('여호도', 3),
('여호도 (검기)', 14),
('호영섬', 5),
('백호도', 3),
('백조궁', 5),
('쌍호선곤', 1),
('쌍호선곤 (회전타격)', 1),
('쌍호선곤 (격투)', 1),
('핸드 그레네이드', 23),
('빔 캐논(2연사)', 32),
('대구경 빔 캐논', 42),
('None', 0),
('빔 어설트 라이플', 32),
('빔 쇼트 라이플', 32),
('빔 토마호크', 3),
('빔 사벨 (2도류) 콤보', 3),
('핀 판넬', 25),
('슈트룸 파우스트', 36),
('숄더 미사일 런처', 36),
('하이퍼 메가 라이플 (고출력)', 42),
('하이퍼 메가 라이플 (연사)', 32),
('뉴 하이퍼 바주카', 34),
('빔 사벨 (총검장착)', 3),
('메가 개틀링 건', 32),
('4연장 메가입자포', 32),
('빔 잔바', 3),
('브랜드 마커', 1),
('시저 앵커', 12),
('잔 버스터', 32),
('잔 버스터 (그레네이드 런처)', 36),
('헤비 머신건', 33),
('샷 랜서', 23),
('GN 빔 사벨', 3),
('GN 미사일 런처', 36),
('GN 스나이퍼 라이플', 43),
('GN 바주카', 42),
('GN 캐논', 42),
('GN 빔 라이플', 32),
('GN 빔 라이플 (사벨)', 4),
('GN 빔 서브 머신 건', 32),
('쉴드 러쉬', 4),
('핸드미사일 유닛', 36),
('테일 유닛', 36),
('GN 소드', 4),
('GN 빔 대거', 13),
('GN 발칸', 33),
('GN 롱 블레이드 / 숏 블레이드', 4),
('GN 빔 건 (2연사)', 32),
('대형 GN 소드', 4),
('GN 빔 건', 32),
('대형 GN 캐논', 42),
('카본 블레이드', 1),
('200mmX25 구경장활강포', 34),
('30mm 머신건', 33),
('300mmX50 구경장활강포', 41),
('플라즈마 소드', 3),
('리니어 라이플', 32),
('소닉 블레이드', 3),
('120mm 리니어 라이플', 32),
('대형 미사일 컨테이너', 36),
('GN 트윈 라이플', 42),
('우주형 200mmX25구경장활강포', 32),
('우주형 200mmX25구경장활강포 (', 32),
('젤 런처', 23),
('GN 프로토 소드', 3),
('GN 빔 런처', 42),
('격투용 거대 암', 1),
('GN 빔 포', 42),
('대형 GN 팡', 25),
('GN 런쳐', 42),
('GN 버스터 소드', 4),
('GN 핸드건', 32),
('GN 팡', 25),
('GN 실드 포드', 36),
('빔 건 (고출력)', 43),
('리니어 라이플 (3연사)', 32),
('GN 미사일', 36),
('GN 트윈 빔 라이플', 32),
('GN 서브 머신건', 22),
('GN 크로', 1),
('GN 소드II (소드 모드)', 4),
('GN 소드II (라이플 모드)', 32),
('GN 소드II (라이플 모드-고출력)', 32),
('GN 실드', 1),
('GN 서브 머신건', 32),
('GN 발칸', 22),
('GN 랜스', 3),
('GN 랜스', 32),
('GN 수류탄', 23),
('GN 롱 빔 사벨 & GN 숏 빔 사', 3),
('GN 롱 빔 사벨 & GN 숏 빔 사', 3),
('GN 롱 빔 사벨 & GN 숏 빔 사', 1),
('강화 사벨', 4),
('트라이 퍼니셔', 42),
('빔 차크람', 23),
('GN 해머', 1),
('NGN 바주카', 34),
('GN 핸드 미사일', 36),
('GN 스나이퍼 라이플II', 43),
('GN 쉴드 비트', 25),
('GN 피스톨II', 1),
('GN 피스톨II', 32),
('GN 발칸', 32),
('격투 콤보', 3),
('GN 바주카 II', 42),
('GN 빔 사벨 (2도류)', 3),
('GN 빔 사벨 (6도류)', 3),
('대형 빔 소드', 3),
('쉴드 빔 라이플', 32),
('새틀라이트 캐논', 42),
('하이퍼 빔 소드', 3),
('버스터 라이플', 32),
('블레스트 런처', 22),
('트윈 새틀라이트 캐논', 42),
('4연장 건 런처', 36),
('MMI-M826 [하이드라] 개틀링 ', 22),
('MMI-M826 [하이드라] 개틀링 ', 22),
('듀얼 빔 건', 32),
('샷 랜서', 4),
('버스터 건', 32),
('샷 랜서 (격투 콤보)', 1),
('흉부 3연 확산 빔 포', 21),
('GN 롱 빔 사벨 & GN 숏 빔 사', 3),
('GN 롱 빔 사벨 & GN 숏 빔 사', 3),
('GN 롱 빔 사벨 & GN 숏 빔 사', 1),
('MMI-M826 [하이드라] 개틀링 ', 22),
('MMI-M826 [하이드라] 개틀링 ', 22),
('GN 롱 빔 사벨 & GN 숏 빔 사', 3),
('GN 롱 빔 사벨 & GN 숏 빔 사', 3),
('GN 롱 빔 사벨 & GN 숏 빔 사', 1),
('메가입자포 (확산 빔)', 21),
('판넬', 32),
('MMI-M826 [하이드라] 개틀링 ', 22),
('MMI-M826 [하이드라] 개틀링 ', 22),
('템페스트 빔 소드', 3),
('드라우프니르 4연장 빔 건', 32),
('슬레이어 윕', 11),
('EQFU-5X 기동 병장 포드', 25),
('AMG141[파이어 플라이] 유도 미', 36),
('슈바리엘 사벨 (격투 콤보)', 3),
('파진극', 3),
('선풍대렬참', 6),
('선풍폭렬충', 5),
('조룡도 & 용제검', 3),
('조룡도 & 용제검', 6),
('GN 롱 빔 사벨 & GN 숏 빔 사', 3),
('GN 롱 빔 사벨 & GN 숏 빔 사', 3),
('GN 롱 빔 사벨 & GN 숏 빔 사', 1),
('돌격', 1),
('빔 소드 (격투 콤보)', 3),
('유디키움 빔 라이플', 32),
('MMI-M826 [하이드라] 개틀링 ', 22),
('MMI-M826 [하이드라] 개틀링 ', 22),
('GN 롱 빔 사벨 & GN 숏 빔 사', 3),
('GN 롱 빔 사벨 & GN 숏 빔 사', 3),
('GN 롱 빔 사벨 & GN 숏 빔 사', 1),
('리니어 라이플', 34),
('리니어 라이플 (3 연사)', 34),
('GN 빔 사벨 (격투 콤보)', 3),
('빔 스마트 건 (저격)', 43),
('너클 버스터', 32),
('MMI-M826 [하이드라] 개틀링 ', 22),
('MMI-M826 [하이드라] 개틀링 ', 22),
('리니어 라이플', 38),
('120mm 리니어 라이플', 38),
('리니어 라이플 (3연사)', 38),
('GN 롱 빔 사벨 & GN 숏 빔 사', 3),
('GN 롱 빔 사벨 & GN 숏 빔 사', 3),
('GN 롱 빔 사벨 & GN 숏 빔 사', 1),
('리니어 라이플 (3 연사)', 38),
('GN 소드II (빔 사벨)', 3),
('GN 마이크로 미사일', 36),
('GN 소드III (소드 모드)', 4),
('GN 소드III (라이플 모드)', 32),
('GN 소드III (빔 사벨)', 3),
('폴딩 바주카', 34),
('빔 사벨 (서브 암)', 3),
('메가 카논포', 42),
('빔 사벨 (메인 암)', 3),
('유선 크로암', 12),
('MMI-M826 [하이드라] 개틀링 ', 22),
('MMI-M826 [하이드라] 개틀링 ', 22),
('6연장 다목적 런처', 36),
('GN 롱 빔 사벨 & GN 숏 빔 사', 3),
('GN 롱 빔 사벨 & GN 숏 빔 사', 3),
('GN 롱 빔 사벨 & GN 숏 빔 사', 1),
('GN 빔 사벨 (돌격)', 3),
('GN 메가 런처', 42),
('대형 GN 빔 사벨', 3),
('GN 버스터 라이플', 32),
('대형 GN 핀 팡', 25),
('대형 GN 핀 팡', 42),
('소형 GN 핀 팡', 36),
('4연 그레네이드 랙', 36),
('4연 머신 캐논', 22),
('M531R 유도 기동 빔 포대 시스템', 25),
('70J식改 빔 사벨', 3),
('72식改 빔 라이플', 32),
('M2M5D 12.5mm 자동근접방어화', 22),
('MMI-M826 [하이드라] 개틀링 ', 22),
('MMI-M826 [하이드라] 개틀링 ', 22),
('MX-RQB516 빔 랜스', 3),
('M68 연장포', 32),
('MA-X223E 3연장 빔포', 32),
('M107[바라에나改] 2연속 빔포', 42),
('위자드 내장 빔포', 32),
('GN 롱 빔 사벨 & GN 숏 빔 사', 3),
('GN 롱 빔 사벨 & GN 숏 빔 사', 3),
('GN 롱 빔 사벨 & GN 숏 빔 사', 1);
